503c.557c: \SystemRoot\System32\ntdll.dll:
503c.557c:     CreationTime:    2024-11-18T09:52:17.619384100Z
503c.557c:     LastWriteTime:   2024-11-18T09:52:17.718707600Z
503c.557c:     ChangeTime:      2024-12-26T01:38:22.164937200Z
503c.557c:     FileAttributes:  0x20
503c.557c:     Size:            0x1ef640
503c.557c:     NT Headers:      0xe8
503c.557c:     Timestamp:       0x688f8c4b
503c.557c:     Machine:         0x8664 - amd64
503c.557c:     Timestamp:       0x688f8c4b
503c.557c:     Image Version:   10.0
503c.557c:     SizeOfImage:     0x1f8000 (2064384)
503c.557c:     Resource Dir:    0x186000 LB 0x70508
503c.557c:     [Version info resource found at 0xd8! (ID/Name: 0x1; SubID/SubName: 0x409)]
503c.557c:     [Raw version resource data: 0x1860f0 LB 0x380, codepage 0x0 (reserved 0x0)]
503c.557c:     ProductName:     Microsoft® Windows® Operating System
503c.557c:     ProductVersion:  10.0.19041.5007
503c.557c:     FileVersion:     10.0.19041.5007 (WinBuild.160101.0800)
503c.557c:     FileDescription: NT Layer DLL
503c.557c: \SystemRoot\System32\kernel32.dll:
503c.557c:     CreationTime:    2024-12-26T01:33:22.784355600Z
503c.557c:     LastWriteTime:   2024-12-26T01:33:22.846854400Z
503c.557c:     ChangeTime:      2024-12-26T01:42:20.547004200Z
503c.557c:     FileAttributes:  0x20
503c.557c:     Size:            0xbf588
503c.557c:     NT Headers:      0xf8
503c.557c:     Timestamp:       0x87803e41
503c.557c:     Machine:         0x8664 - amd64
503c.557c:     Timestamp:       0x87803e41
503c.557c:     Image Version:   10.0
503c.557c:     SizeOfImage:     0xc2000 (794624)
503c.557c:     Resource Dir:    0xc0000 LB 0x520
503c.557c:     [Version info resource found at 0x90! (ID/Name: 0x1; SubID/SubName: 0x409)]
503c.557c:     [Raw version resource data: 0xc00b0 LB 0x3a4, codepage 0x0 (reserved 0x0)]
503c.557c:     ProductName:     Microsoft® Windows® Operating System
503c.557c:     ProductVersion:  10.0.19041.5198
503c.557c:     FileVersion:     10.0.19041.5198 (WinBuild.160101.0800)
503c.557c:     FileDescription: Windows NT BASE API Client DLL
503c.557c: \SystemRoot\System32\KernelBase.dll:
503c.557c:     CreationTime:    2024-12-26T01:33:04.222502600Z
503c.557c:     LastWriteTime:   2024-12-26T01:33:04.519340400Z
503c.557c:     ChangeTime:      2024-12-26T01:42:23.515631700Z
503c.557c:     FileAttributes:  0x20
503c.557c:     Size:            0x2ff3c8
503c.557c:     NT Headers:      0x100
503c.557c:     Timestamp:       0xd1eefc71
503c.557c:     Machine:         0x8664 - amd64
503c.557c:     Timestamp:       0xd1eefc71
503c.557c:     Image Version:   10.0
503c.557c:     SizeOfImage:     0x2fe000 (3137536)
503c.557c:     Resource Dir:    0x2d4000 LB 0x548
503c.557c:     [Version info resource found at 0x90! (ID/Name: 0x1; SubID/SubName: 0x409)]
503c.557c:     [Raw version resource data: 0x2d40b0 LB 0x3bc, codepage 0x0 (reserved 0x0)]
503c.557c:     ProductName:     Microsoft® Windows® Operating System
503c.557c:     ProductVersion:  10.0.19041.5198
503c.557c:     FileVersion:     10.0.19041.5198 (WinBuild.160101.0800)
503c.557c:     FileDescription: Windows NT BASE API Client DLL
503c.557c: \SystemRoot\System32\apisetschema.dll:
503c.557c:     CreationTime:    2024-11-18T09:49:33.584394400Z
503c.557c:     LastWriteTime:   2024-11-18T09:49:33.602420500Z
503c.557c:     ChangeTime:      2024-12-26T01:38:15.665157900Z
503c.557c:     FileAttributes:  0x20
503c.557c:     Size:            0x1f970
503c.557c:     NT Headers:      0xd0
503c.557c:     Timestamp:       0x818769b5
503c.557c:     Machine:         0x8664 - amd64
503c.557c:     Timestamp:       0x818769b5
503c.557c:     Image Version:   10.0
503c.557c:     SizeOfImage:     0x20000 (131072)
503c.557c:     Resource Dir:    0x1f000 LB 0x408
503c.557c:     [Version info resource found at 0x48! (ID/Name: 0x1; SubID/SubName: 0x409)]
503c.557c:     [Raw version resource data: 0x1f060 LB 0x3a8, codepage 0x0 (reserved 0x0)]
503c.557c:     ProductName:     Microsoft® Windows® Operating System
503c.557c:     ProductVersion:  10.0.19041.3996
503c.557c:     FileVersion:     10.0.19041.3996 (WinBuild.160101.0800)
503c.557c:     FileDescription: ApiSet Schema DLL
503c.557c: NtOpenDirectoryObject failed on \Driver: 0xc0000022
503c.557c: supR3HardenedWinFindAdversaries: 0x0
503c.557c: supR3HardenedWinInitAppBin(0x0): '\Device\HarddiskVolume3\Program Files\Oracle\VirtualBox'
503c.557c: Calling main()
503c.557c: SUPR3HardenedMain: pszProgName=VirtualBoxVM fFlags=0x2
503c.557c: supR3HardenedWinInitAppBin(0x2): '\Device\HarddiskVolume3\Program Files\Oracle\VirtualBox'
503c.557c: SUPR3HardenedMain: Respawn #1
503c.557c: System32:  \Device\HarddiskVolume3\Windows\System32
503c.557c: WinSxS:    \Device\HarddiskVolume3\Windows\WinSxS
503c.557c: KnownDllPath: C:\Windows\System32
503c.557c: supR3HardenedWinInit: Performing a limited self purification...
503c.557c: supHardNtVpScanVirtualMemory: enmKind=SELF_PURIFICATION
503c.557c:  *0000000000000000-000000007ffdffff 0x0001/0x0000 0x0000000
503c.557c:  *000000007ffe0000-000000007ffe0fff 0x0002/0x0002 0x0020000
503c.557c:   000000007ffe1000-000000007ffecfff 0x0001/0x0000 0x0000000
503c.557c:  *000000007ffed000-000000007ffedfff 0x0002/0x0002 0x0020000
503c.557c:   000000007ffee000-0000001b36bfffff 0x0001/0x0000 0x0000000
503c.557c:  *0000001b36c00000-0000001b36d89fff 0x0000/0x0004 0x0020000
503c.557c:   0000001b36d8a000-0000001b36d8cfff 0x0004/0x0004 0x0020000
503c.557c:   0000001b36d8d000-0000001b36dfffff 0x0000/0x0004 0x0020000
503c.557c:  *0000001b36e00000-0000001b36eb8fff 0x0000/0x0004 0x0020000
503c.557c:   0000001b36eb9000-0000001b36ebbfff 0x0104/0x0004 0x0020000
503c.557c:   0000001b36ebc000-0000001b36efffff 0x0004/0x0004 0x0020000
503c.557c:   0000001b36f00000-00000179a490ffff 0x0001/0x0000 0x0000000
503c.557c:  *00000179a4910000-00000179a491ffff 0x0004/0x0004 0x0040000
503c.557c:  *00000179a4920000-00000179a4921fff 0x0002/0x0002 0x0040000
503c.557c:   00000179a4922000-00000179a492ffff 0x0001/0x0000 0x0000000
503c.557c:  *00000179a4930000-00000179a494cfff 0x0002/0x0002 0x0040000
503c.557c:   00000179a494d000-00000179a494ffff 0x0001/0x0000 0x0000000
503c.557c:  *00000179a4950000-00000179a4953fff 0x0002/0x0002 0x0040000
503c.557c:   00000179a4954000-00000179a495ffff 0x0001/0x0000 0x0000000
503c.557c:  *00000179a4960000-00000179a4960fff 0x0002/0x0002 0x0040000
503c.557c:   00000179a4961000-00000179a496ffff 0x0001/0x0000 0x0000000
503c.557c:  *00000179a4970000-00000179a4971fff 0x0004/0x0004 0x0020000
503c.557c:   00000179a4972000-00000179a497ffff 0x0001/0x0000 0x0000000
503c.557c:  *00000179a4980000-00000179a4980fff 0x0004/0x0004 0x0020000
503c.557c:   00000179a4981000-00000179a498efff 0x0000/0x0004 0x0020000
503c.557c:   00000179a498f000-00000179a498ffff 0x0001/0x0000 0x0000000
503c.557c:  *00000179a4990000-00000179a4991fff 0x0002/0x0002 0x0040000
503c.557c:   00000179a4992000-00000179a499ffff 0x0001/0x0000 0x0000000
503c.557c:  *00000179a49a0000-00000179a49a0fff 0x0002/0x0002 0x0040000
503c.557c:   00000179a49a1000-00000179a49affff 0x0001/0x0000 0x0000000
503c.557c:  *00000179a49b0000-00000179a49b0fff 0x0004/0x0004 0x0020000
503c.557c:   00000179a49b1000-00000179a49befff 0x0000/0x0004 0x0020000
503c.557c:   00000179a49bf000-00000179a49fffff 0x0001/0x0000 0x0000000
503c.557c:  *00000179a4a00000-00000179a4a11fff 0x0004/0x0004 0x0020000
503c.557c:   00000179a4a12000-00000179a4a12fff 0x0000/0x0004 0x0020000
503c.557c:   00000179a4a13000-00000179a4a17fff 0x0004/0x0004 0x0020000
503c.557c:   00000179a4a18000-00000179a4a27fff 0x0000/0x0004 0x0020000
503c.557c:   00000179a4a28000-00000179a4a28fff 0x0004/0x0004 0x0020000
503c.557c:   00000179a4a29000-00000179a4afffff 0x0000/0x0004 0x0020000
503c.557c:   00000179a4b00000-00000179a4b11fff 0x0004/0x0004 0x0020000
503c.557c:   00000179a4b12000-00000179a4b12fff 0x0000/0x0004 0x0020000
503c.557c:   00000179a4b13000-00000179a4b2dfff 0x0004/0x0004 0x0020000
503c.557c:   00000179a4b2e000-00000179a4b2efff 0x0000/0x0004 0x0020000
503c.557c:   00000179a4b2f000-00000179a4b3cfff 0x0004/0x0004 0x0020000
503c.557c:   00000179a4b3d000-00000179a4b45fff 0x0000/0x0004 0x0020000
503c.557c:   00000179a4b46000-00000179a4b48fff 0x0004/0x0004 0x0020000
503c.557c:   00000179a4b49000-00000179a4bfffff 0x0000/0x0004 0x0020000
503c.557c:  *00000179a4c00000-00000179a4cc8fff 0x0002/0x0002 0x0040000
503c.557c:   00000179a4cc9000-00000179a4ffffff 0x0001/0x0000 0x0000000
503c.557c:  *00000179a5000000-00000179a5001fff 0x0004/0x0004 0x0020000
503c.557c:   00000179a5002000-00000179a500ffff 0x0000/0x0004 0x0020000
503c.557c:   00000179a5010000-00000179a5207fff 0x0004/0x0004 0x0020000
503c.557c:   00000179a5208000-00000179a5ffffff 0x0000/0x0004 0x0020000
503c.557c:   00000179a6000000-00007df4cd9bffff 0x0001/0x0000 0x0000000
503c.557c:  *00007df4cd9c0000-00007df4cd9c4fff 0x0002/0x0002 0x0040000
503c.557c:   00007df4cd9c5000-00007df4cdabffff 0x0000/0x0002 0x0040000
503c.557c:  *00007df4cdac0000-00007df4d09f3fff 0x0000/0x0004 0x0020000
503c.557c:   00007df4d09f4000-00007df4d09f4fff 0x0004/0x0004 0x0020000
503c.557c:   00007df4d09f5000-00007df5cdabffff 0x0000/0x0004 0x0020000
503c.557c:   00007df5cdac0000-00007df5cdac0fff 0x0004/0x0004 0x0020000
503c.557c:   00007df5cdac1000-00007df5cdadffff 0x0000/0x0004 0x0020000
503c.557c:  *00007df5cdae0000-00007df5cdb3dfff 0x0000/0x0004 0x0020000
503c.557c:   00007df5cdb3e000-00007df5cdb3efff 0x0004/0x0004 0x0020000
503c.557c:   00007df5cdb3f000-00007df5cfadffff 0x0000/0x0004 0x0020000
503c.557c:   00007df5cfae0000-00007df5cfae0fff 0x0004/0x0004 0x0020000
503c.557c:   00007df5cfae1000-00007df5cfaeffff 0x0001/0x0000 0x0000000
503c.557c:  *00007df5cfaf0000-00007df5cfaf0fff 0x0002/0x0002 0x0040000
503c.557c:   00007df5cfaf1000-00007df5cfafffff 0x0001/0x0000 0x0000000
503c.557c:  *00007df5cfb00000-00007df5cfb22fff 0x0002/0x0002 0x0040000
503c.557c:   00007df5cfb23000-00007df5cfb2ffff 0x0001/0x0000 0x0000000
503c.557c:  *00007df5cfb30000-00007df5d1861fff 0x0000/0x0001 0x0040000
503c.557c:   00007df5d1862000-00007df5d1881fff 0x0001/0x0001 0x0040000
503c.557c:   00007df5d1882000-00007df5d1910fff 0x0000/0x0001 0x0040000
503c.557c:   00007df5d1911000-00007df5d1911fff 0x0001/0x0001 0x0040000
503c.557c:   00007df5d1912000-00007ff5a93befff 0x0000/0x0001 0x0040000
503c.557c:   00007ff5a93bf000-00007ff5a93c3fff 0x0002/0x0001 0x0040000
503c.557c:   00007ff5a93c4000-00007ff5c47f7fff 0x0000/0x0001 0x0040000
503c.557c:   00007ff5c47f8000-00007ff5c7e1ffff 0x0001/0x0001 0x0040000
503c.557c:   00007ff5c7e20000-00007ff5c7e22fff 0x0002/0x0001 0x0040000
503c.557c:   00007ff5c7e23000-00007ff5c7ee9fff 0x0001/0x0001 0x0040000
503c.557c:   00007ff5c7eea000-00007ff5c7ef6fff 0x0002/0x0001 0x0040000
503c.557c:   00007ff5c7ef7000-00007ff5c7f83fff 0x0001/0x0001 0x0040000
503c.557c:   00007ff5c7f84000-00007ff5c7f87fff 0x0002/0x0001 0x0040000
503c.557c:   00007ff5c7f88000-00007ff5c7f8ffff 0x0001/0x0001 0x0040000
503c.557c:   00007ff5c7f90000-00007ff5c7f98fff 0x0002/0x0001 0x0040000
503c.557c:   00007ff5c7f99000-00007ff5cfb2ffff 0x0000/0x0001 0x0040000
503c.557c:   00007ff5cfb30000-00007ff6623effff 0x0001/0x0000 0x0000000
503c.557c:  *00007ff6623f0000-00007ff6623f0fff 0x0002/0x0080 0x1000000  \Device\HarddiskVolume3\Program Files\Oracle\VirtualBox\VirtualBoxVM.exe
503c.557c:   00007ff6623f1000-00007ff66245bfff 0x0020/0x0080 0x1000000  \Device\HarddiskVolume3\Program Files\Oracle\VirtualBox\VirtualBoxVM.exe
503c.557c:   00007ff66245c000-00007ff66245cfff 0x0080/0x0080 0x1000000  \Device\HarddiskVolume3\Program Files\Oracle\VirtualBox\VirtualBoxVM.exe
503c.557c:   00007ff66245d000-00007ff6624b1fff 0x0002/0x0080 0x1000000  \Device\HarddiskVolume3\Program Files\Oracle\VirtualBox\VirtualBoxVM.exe
503c.557c:   00007ff6624b2000-00007ff6624b4fff 0x0004/0x0080 0x1000000  \Device\HarddiskVolume3\Program Files\Oracle\VirtualBox\VirtualBoxVM.exe
503c.557c:   00007ff6624b5000-00007ff6624b8fff 0x0008/0x0080 0x1000000  \Device\HarddiskVolume3\Program Files\Oracle\VirtualBox\VirtualBoxVM.exe
503c.557c:   00007ff6624b9000-00007ff6624bdfff 0x0004/0x0080 0x1000000  \Device\HarddiskVolume3\Program Files\Oracle\VirtualBox\VirtualBoxVM.exe
503c.557c:   00007ff6624be000-00007ff6624befff 0x0008/0x0080 0x1000000  \Device\HarddiskVolume3\Program Files\Oracle\VirtualBox\VirtualBoxVM.exe
503c.557c:   00007ff6624bf000-00007ff6624f9fff 0x0002/0x0080 0x1000000  \Device\HarddiskVolume3\Program Files\Oracle\VirtualBox\VirtualBoxVM.exe
503c.557c:   00007ff6624fa000-00007ffe0bc1ffff 0x0001/0x0000 0x0000000
503c.557c:  *00007ffe0bc20000-00007ffe0bc20fff 0x0002/0x0080 0x1000000  \Device\HarddiskVolume3\Windows\System32\apphelp.dll
503c.557c:   00007ffe0bc21000-00007ffe0bc71fff 0x0020/0x0080 0x1000000  \Device\HarddiskVolume3\Windows\System32\apphelp.dll
503c.557c:   00007ffe0bc72000-00007ffe0bc94fff 0x0002/0x0080 0x1000000  \Device\HarddiskVolume3\Windows\System32\apphelp.dll
503c.557c:   00007ffe0bc95000-00007ffe0bc97fff 0x0004/0x0080 0x1000000  \Device\HarddiskVolume3\Windows\System32\apphelp.dll
503c.557c:   00007ffe0bc98000-00007ffe0bcb3fff 0x0002/0x0080 0x1000000  \Device\HarddiskVolume3\Windows\System32\apphelp.dll
503c.557c:   00007ffe0bcb4000-00007ffe0eeaffff 0x0001/0x0000 0x0000000
503c.557c:  *00007ffe0eeb0000-00007ffe0eeb0fff 0x0002/0x0080 0x1000000  \Device\HarddiskVolume3\Windows\System32\KernelBase.dll
503c.557c:   00007ffe0eeb1000-00007ffe0efe9fff 0x0020/0x0080 0x1000000  \Device\HarddiskVolume3\Windows\System32\KernelBase.dll
503c.557c:   00007ffe0efea000-00007ffe0f16cfff 0x0002/0x0080 0x1000000  \Device\HarddiskVolume3\Windows\System32\KernelBase.dll
503c.557c:   00007ffe0f16d000-00007ffe0f171fff 0x0004/0x0080 0x1000000  \Device\HarddiskVolume3\Windows\System32\KernelBase.dll
503c.557c:   00007ffe0f172000-00007ffe0f1adfff 0x0002/0x0080 0x1000000  \Device\HarddiskVolume3\Windows\System32\KernelBase.dll
503c.557c:   00007ffe0f1ae000-00007ffe1152ffff 0x0001/0x0000 0x0000000
503c.557c:  *00007ffe11530000-00007ffe11530fff 0x0002/0x0080 0x1000000  \Device\HarddiskVolume3\Windows\System32\kernel32.dll
503c.557c:   00007ffe11531000-00007ffe115b1fff 0x0020/0x0080 0x1000000  \Device\HarddiskVolume3\Windows\System32\kernel32.dll
503c.557c:   00007ffe115b2000-00007ffe115e6fff 0x0002/0x0080 0x1000000  \Device\HarddiskVolume3\Windows\System32\kernel32.dll
503c.557c:   00007ffe115e7000-00007ffe115e8fff 0x0004/0x0080 0x1000000  \Device\HarddiskVolume3\Windows\System32\kernel32.dll
503c.557c:   00007ffe115e9000-00007ffe115f1fff 0x0002/0x0080 0x1000000  \Device\HarddiskVolume3\Windows\System32\kernel32.dll
503c.557c:   00007ffe115f2000-00007ffe1180ffff 0x0001/0x0000 0x0000000
503c.557c:  *00007ffe11810000-00007ffe11810fff 0x0002/0x0080 0x1000000  \Device\HarddiskVolume3\Windows\System32\ntdll.dll
503c.557c:   00007ffe11811000-00007ffe1192cfff 0x0020/0x0080 0x1000000  \Device\HarddiskVolume3\Windows\System32\ntdll.dll
503c.557c:   00007ffe1192d000-00007ffe11975fff 0x0002/0x0080 0x1000000  \Device\HarddiskVolume3\Windows\System32\ntdll.dll
503c.557c:   00007ffe11976000-00007ffe11976fff 0x0004/0x0080 0x1000000  \Device\HarddiskVolume3\Windows\System32\ntdll.dll
503c.557c:   00007ffe11977000-00007ffe11978fff 0x0008/0x0080 0x1000000  \Device\HarddiskVolume3\Windows\System32\ntdll.dll
503c.557c:   00007ffe11979000-00007ffe11981fff 0x0004/0x0080 0x1000000  \Device\HarddiskVolume3\Windows\System32\ntdll.dll
503c.557c:   00007ffe11982000-00007ffe11a07fff 0x0002/0x0080 0x1000000  \Device\HarddiskVolume3\Windows\System32\ntdll.dll
503c.557c:   00007ffe11a08000-00007ffffffeffff 0x0001/0x0000 0x0000000
503c.557c: kernel32.dll: timestamp 0x87803e41 (rc=VINF_SUCCESS)
503c.557c: kernelbase.dll: timestamp 0xd1eefc71 (rc=VINF_SUCCESS)
503c.557c: apphelp.dll: timestamp 0xf8ddbc15 (rc=VINF_SUCCESS)
503c.557c: VirtualBoxVM.exe: timestamp 0x68c1bc1a (rc=VINF_SUCCESS)
503c.557c: '\Device\HarddiskVolume3\Program Files\Oracle\VirtualBox\VirtualBoxVM.exe' has no imports
503c.557c: VirtualBoxVM.exe: Differences in section #7 (.00cfg) between file and memory:
503c.557c:   00007ff6624c6000 / 0x00d6000: 50 != 60
503c.557c:   00007ff6624c6001 / 0x00d6001: e9 != cc
503c.557c:   00007ff6624c6002 / 0x00d6002: 40 != 89
503c.557c:   00007ff6624c6003 / 0x00d6003: 62 != 11
503c.557c:   00007ff6624c6004 / 0x00d6004: f6 != fe
503c.557c:   00007ff6624c6010 / 0x00d6010: a0 != 00
503c.557c:   00007ff6624c6011 / 0x00d6011: bc != cd
503c.557c:   00007ff6624c6012 / 0x00d6012: 45 != 89
503c.557c:   00007ff6624c6013 / 0x00d6013: 62 != 11
503c.557c:   00007ff6624c6014 / 0x00d6014: f6 != fe
503c.557c:   Restored 0x30 bytes of original file content at 00007ff6624c6000
503c.557c: VirtualBoxVM.exe: Differences in section #8 (.rsrc) between file and memory:
503c.557c:   00007ff6624f7b70 / 0x0107b70: 00 != 50
503c.557c:   00007ff6624f7b71 / 0x0107b71: 00 != 41
503c.557c:   00007ff6624f7b72 / 0x0107b72: 00 != 44
503c.557c:   00007ff6624f7b73 / 0x0107b73: 00 != 44
503c.557c:   00007ff6624f7b74 / 0x0107b74: 00 != 49
503c.557c:   00007ff6624f7b75 / 0x0107b75: 00 != 4e
503c.557c:   00007ff6624f7b76 / 0x0107b76: 00 != 47
503c.557c:   00007ff6624f7b77 / 0x0107b77: 00 != 58
503c.557c:   00007ff6624f7b78 / 0x0107b78: 00 != 58
503c.557c:   00007ff6624f7b79 / 0x0107b79: 00 != 50
503c.557c:   00007ff6624f7b7a / 0x0107b7a: 00 != 41
503c.557c:   00007ff6624f7b7b / 0x0107b7b: 00 != 44
503c.557c:   00007ff6624f7b7c / 0x0107b7c: 00 != 44
503c.557c:   00007ff6624f7b7d / 0x0107b7d: 00 != 49
503c.557c:   00007ff6624f7b7e / 0x0107b7e: 00 != 4e
503c.557c:   00007ff6624f7b7f / 0x0107b7f: 00 != 47
503c.557c:   00007ff6624f7b80 / 0x0107b80: 00 != 50
503c.557c:   00007ff6624f7b81 / 0x0107b81: 00 != 41
503c.557c:   00007ff6624f7b82 / 0x0107b82: 00 != 44
503c.557c:   00007ff6624f7b83 / 0x0107b83: 00 != 44
503c.557c:   00007ff6624f7b84 / 0x0107b84: 00 != 49
503c.557c:   00007ff6624f7b85 / 0x0107b85: 00 != 4e
503c.557c:   00007ff6624f7b86 / 0x0107b86: 00 != 47
503c.557c:   00007ff6624f7b87 / 0x0107b87: 00 != 58
503c.557c:   00007ff6624f7b88 / 0x0107b88: 00 != 58
503c.557c:   00007ff6624f7b89 / 0x0107b89: 00 != 50
503c.557c:   00007ff6624f7b8a / 0x0107b8a: 00 != 41
503c.557c:   00007ff6624f7b8b / 0x0107b8b: 00 != 44
503c.557c:   00007ff6624f7b8c / 0x0107b8c: 00 != 44
503c.557c:   00007ff6624f7b8d / 0x0107b8d: 00 != 49
503c.557c:   00007ff6624f7b8e / 0x0107b8e: 00 != 4e
503c.557c:   00007ff6624f7b8f / 0x0107b8f: 00 != 47
503c.557c:   00007ff6624f7b90 / 0x0107b90: 00 != 50
503c.557c:   00007ff6624f7b91 / 0x0107b91: 00 != 41
503c.557c:   00007ff6624f7b92 / 0x0107b92: 00 != 44
503c.557c:   00007ff6624f7b93 / 0x0107b93: 00 != 44
503c.557c:   00007ff6624f7b94 / 0x0107b94: 00 != 49
503c.557c:   00007ff6624f7b95 / 0x0107b95: 00 != 4e
503c.557c:   00007ff6624f7b96 / 0x0107b96: 00 != 47
503c.557c:   00007ff6624f7b97 / 0x0107b97: 00 != 58
503c.557c:   00007ff6624f7b98 / 0x0107b98: 00 != 58
503c.557c:   00007ff6624f7b99 / 0x0107b99: 00 != 50
503c.557c:   00007ff6624f7b9a / 0x0107b9a: 00 != 41
503c.557c:   00007ff6624f7b9b / 0x0107b9b: 00 != 44
503c.557c:   00007ff6624f7b9c / 0x0107b9c: 00 != 44
503c.557c:   00007ff6624f7b9d / 0x0107b9d: 00 != 49
503c.557c:   00007ff6624f7b9e / 0x0107b9e: 00 != 4e
503c.557c:   00007ff6624f7b9f / 0x0107b9f: 00 != 47
503c.557c:   00007ff6624f7ba0 / 0x0107ba0: 00 != 50
503c.557c:   00007ff6624f7ba1 / 0x0107ba1: 00 != 41
503c.557c:   00007ff6624f7ba2 / 0x0107ba2: 00 != 44
503c.557c:   00007ff6624f7ba3 / 0x0107ba3: 00 != 44
503c.557c:   00007ff6624f7ba4 / 0x0107ba4: 00 != 49
503c.557c:   00007ff6624f7ba5 / 0x0107ba5: 00 != 4e
503c.557c:   00007ff6624f7ba6 / 0x0107ba6: 00 != 47
503c.557c:   00007ff6624f7ba7 / 0x0107ba7: 00 != 58
503c.557c:   00007ff6624f7ba8 / 0x0107ba8: 00 != 58
503c.557c:   00007ff6624f7ba9 / 0x0107ba9: 00 != 50
503c.557c:   00007ff6624f7baa / 0x0107baa: 00 != 41
503c.557c:   00007ff6624f7bab / 0x0107bab: 00 != 44
503c.557c:   00007ff6624f7bac / 0x0107bac: 00 != 44
503c.557c:   00007ff6624f7bad / 0x0107bad: 00 != 49
503c.557c:   00007ff6624f7bae / 0x0107bae: 00 != 4e
503c.557c:   00007ff6624f7baf / 0x0107baf: 00 != 47
503c.557c:   00007ff6624f7bb0 / 0x0107bb0: 00 != 50
503c.557c:   00007ff6624f7bb1 / 0x0107bb1: 00 != 41
503c.557c:   00007ff6624f7bb2 / 0x0107bb2: 00 != 44
503c.557c:   00007ff6624f7bb3 / 0x0107bb3: 00 != 44
503c.557c:   00007ff6624f7bb4 / 0x0107bb4: 00 != 49
503c.557c:   00007ff6624f7bb5 / 0x0107bb5: 00 != 4e
503c.557c:   00007ff6624f7bb6 / 0x0107bb6: 00 != 47
503c.557c:   00007ff6624f7bb7 / 0x0107bb7: 00 != 58
503c.557c:   00007ff6624f7bb8 / 0x0107bb8: 00 != 58
503c.557c:   00007ff6624f7bb9 / 0x0107bb9: 00 != 50
503c.557c:   00007ff6624f7bba / 0x0107bba: 00 != 41
503c.557c:   00007ff6624f7bbb / 0x0107bbb: 00 != 44
503c.557c:   00007ff6624f7bbc / 0x0107bbc: 00 != 44
503c.557c:   00007ff6624f7bbd / 0x0107bbd: 00 != 49
503c.557c:   00007ff6624f7bbe / 0x0107bbe: 00 != 4e
503c.557c:   00007ff6624f7bbf / 0x0107bbf: 00 != 47
503c.557c:   00007ff6624f7bc0 / 0x0107bc0: 00 != 50
503c.557c:   00007ff6624f7bc1 / 0x0107bc1: 00 != 41
503c.557c:   00007ff6624f7bc2 / 0x0107bc2: 00 != 44
503c.557c:   00007ff6624f7bc3 / 0x0107bc3: 00 != 44
503c.557c:   00007ff6624f7bc4 / 0x0107bc4: 00 != 49
503c.557c:   00007ff6624f7bc5 / 0x0107bc5: 00 != 4e
503c.557c:   00007ff6624f7bc6 / 0x0107bc6: 00 != 47
503c.557c:   00007ff6624f7bc7 / 0x0107bc7: 00 != 58
503c.557c:   00007ff6624f7bc8 / 0x0107bc8: 00 != 58
503c.557c:   00007ff6624f7bc9 / 0x0107bc9: 00 != 50
503c.557c:   00007ff6624f7bca / 0x0107bca: 00 != 41
503c.557c:   00007ff6624f7bcb / 0x0107bcb: 00 != 44
503c.557c:   00007ff6624f7bcc / 0x0107bcc: 00 != 44
503c.557c:   00007ff6624f7bcd / 0x0107bcd: 00 != 49
503c.557c:   00007ff6624f7bce / 0x0107bce: 00 != 4e
503c.557c:   00007ff6624f7bcf / 0x0107bcf: 00 != 47
503c.557c:   00007ff6624f7bd0 / 0x0107bd0: 00 != 50
503c.557c:   00007ff6624f7bd1 / 0x0107bd1: 00 != 41
503c.557c:   00007ff6624f7bd2 / 0x0107bd2: 00 != 44
503c.557c:   00007ff6624f7bd3 / 0x0107bd3: 00 != 44
503c.557c:   00007ff6624f7bd4 / 0x0107bd4: 00 != 49
503c.557c:   00007ff6624f7bd5 / 0x0107bd5: 00 != 4e
503c.557c:   00007ff6624f7bd6 / 0x0107bd6: 00 != 47
503c.557c:   00007ff6624f7bd7 / 0x0107bd7: 00 != 58
503c.557c:   00007ff6624f7bd8 / 0x0107bd8: 00 != 58
503c.557c:   00007ff6624f7bd9 / 0x0107bd9: 00 != 50
503c.557c:   00007ff6624f7bda / 0x0107bda: 00 != 41
503c.557c:   00007ff6624f7bdb / 0x0107bdb: 00 != 44
503c.557c:   00007ff6624f7bdc / 0x0107bdc: 00 != 44
503c.557c:   00007ff6624f7bdd / 0x0107bdd: 00 != 49
503c.557c:   00007ff6624f7bde / 0x0107bde: 00 != 4e
503c.557c:   00007ff6624f7bdf / 0x0107bdf: 00 != 47
503c.557c:   00007ff6624f7be0 / 0x0107be0: 00 != 50
503c.557c:   00007ff6624f7be1 / 0x0107be1: 00 != 41
503c.557c:   00007ff6624f7be2 / 0x0107be2: 00 != 44
503c.557c:   00007ff6624f7be3 / 0x0107be3: 00 != 44
503c.557c:   00007ff6624f7be4 / 0x0107be4: 00 != 49
503c.557c:   00007ff6624f7be5 / 0x0107be5: 00 != 4e
503c.557c:   00007ff6624f7be6 / 0x0107be6: 00 != 47
503c.557c:   00007ff6624f7be7 / 0x0107be7: 00 != 58
503c.557c:   00007ff6624f7be8 / 0x0107be8: 00 != 58
503c.557c:   00007ff6624f7be9 / 0x0107be9: 00 != 50
503c.557c:   00007ff6624f7bea / 0x0107bea: 00 != 41
503c.557c:   00007ff6624f7beb / 0x0107beb: 00 != 44
503c.557c:   00007ff6624f7bec / 0x0107bec: 00 != 44
503c.557c:   00007ff6624f7bed / 0x0107bed: 00 != 49
503c.557c:   00007ff6624f7bee / 0x0107bee: 00 != 4e
503c.557c:   00007ff6624f7bef / 0x0107bef: 00 != 47
503c.557c:   00007ff6624f7bf0 / 0x0107bf0: 00 != 50
503c.557c:   00007ff6624f7bf1 / 0x0107bf1: 00 != 41
503c.557c:   00007ff6624f7bf2 / 0x0107bf2: 00 != 44
503c.557c:   00007ff6624f7bf3 / 0x0107bf3: 00 != 44
503c.557c:   00007ff6624f7bf4 / 0x0107bf4: 00 != 49
503c.557c:   00007ff6624f7bf5 / 0x0107bf5: 00 != 4e
503c.557c:   00007ff6624f7bf6 / 0x0107bf6: 00 != 47
503c.557c:   00007ff6624f7bf7 / 0x0107bf7: 00 != 58
503c.557c:   00007ff6624f7bf8 / 0x0107bf8: 00 != 58
503c.557c:   00007ff6624f7bf9 / 0x0107bf9: 00 != 50
503c.557c:   00007ff6624f7bfa / 0x0107bfa: 00 != 41
503c.557c:   00007ff6624f7bfb / 0x0107bfb: 00 != 44
503c.557c:   00007ff6624f7bfc / 0x0107bfc: 00 != 44
503c.557c:   00007ff6624f7bfd / 0x0107bfd: 00 != 49
503c.557c:   00007ff6624f7bfe / 0x0107bfe: 00 != 4e
503c.557c:   00007ff6624f7bff / 0x0107bff: 00 != 47
503c.557c:   Restored 0x490 bytes of original file content at 00007ff6624f7b70
503c.557c: '\Device\HarddiskVolume3\Windows\System32\ntdll.dll' has no imports
503c.557c: ntdll.dll: Differences in section #8 (.00cfg) between file and memory:
503c.557c:   00007ffe11995001 / 0x0185001: 10 != cd
503c.557c:   00007ffe11995002 / 0x0185002: 8b != 89
503c.557c:   Restored 0x8 bytes of original file content at 00007ffe11995000
503c.557c: kernel32.dll: Differences in section #2 (.rdata) between file and memory:
503c.557c:   00007ffe115b6640 / 0x0086640: e0 != 60
503c.557c:   00007ffe115b6641 / 0x0086641: 8e != cc
503c.557c:   00007ffe115b6642 / 0x0086642: 55 != 89
503c.557c:   00007ffe115b6649 / 0x0086649: 91 != cd
503c.557c:   00007ffe115b664a / 0x008664a: 55 != 89
503c.557c:   Restored 0x2000 bytes of original file content at 00007ffe115b6000
503c.557c: kernelbase.dll: Differences in section #2 (.rdata) between file and memory:
503c.557c:   00007ffe0f09c030 / 0x01ec030: 80 != 60
503c.557c:   00007ffe0f09c031 / 0x01ec031: db != cc
503c.557c:   00007ffe0f09c032 / 0x01ec032: f6 != 89
503c.557c:   00007ffe0f09c033 / 0x01ec033: 0e != 11
503c.557c:   00007ffe0f09c038 / 0x01ec038: 30 != 00
503c.557c:   00007ffe0f09c039 / 0x01ec039: df != cd
503c.557c:   00007ffe0f09c03a / 0x01ec03a: f6 != 89
503c.557c:   00007ffe0f09c03b / 0x01ec03b: 0e != 11
503c.557c:   Restored 0x2000 bytes of original file content at 00007ffe0f09c000
503c.557c: apphelp.dll: Differences in section #2 (.rdata) between file and memory:
503c.557c:   00007ffe0bc742d8 / 0x00542d8: 90 != 30
503c.557c:   00007ffe0bc742d9 / 0x00542d9: f2 != cb
503c.557c:   00007ffe0bc742da / 0x00542da: f1 != 54
503c.557c:   00007ffe0bc742db / 0x00542db: 0e != 11
503c.557c:   00007ffe0bc742e0 / 0x00542e0: 70 != d0
503c.557c:   00007ffe0bc742e1 / 0x00542e1: 64 != 4b
503c.557c:   00007ffe0bc742e2 / 0x00542e2: f1 != 55
503c.557c:   00007ffe0bc742e3 / 0x00542e3: 0e != 11
503c.557c:   00007ffe0bc742e8 / 0x00542e8: b0 != 10
503c.557c:   00007ffe0bc742e9 / 0x00542e9: c7 != ae
503c.557c:   00007ffe0bc742ea / 0x00542ea: f1 != 54
503c.557c:   00007ffe0bc742eb / 0x00542eb: 0e != 11
503c.557c:   00007ffe0bc742f0 / 0x00542f0: 70 != c0
503c.557c:   00007ffe0bc742f1 / 0x00542f1: 0d != 4b
503c.557c:   00007ffe0bc742f2 / 0x00542f2: ec != 55
503c.557c:   00007ffe0bc742f3 / 0x00542f3: 0e != 11
503c.557c:   00007ffe0bc742f8 / 0x00542f8: c0 != a0
503c.557c:   00007ffe0bc742f9 / 0x00542f9: 50 != 0a
503c.557c:   00007ffe0bc742fa / 0x00542fa: f3 != 55
503c.557c:   00007ffe0bc742fb / 0x00542fb: 0e != 11
503c.557c:   00007ffe0bc74300 / 0x0054300: c0 != 90
503c.557c:   00007ffe0bc74301 / 0x0054301: 7a != 58
503c.557c:   00007ffe0bc74302 / 0x0054302: ec != 54
503c.557c:   00007ffe0bc74303 / 0x0054303: 0e != 11
503c.557c:   00007ffe0bc74308 / 0x0054308: f0 != a0
503c.557c:   00007ffe0bc74309 / 0x0054309: 06 != ce
503c.557c:   00007ffe0bc7430a / 0x005430a: f0 != 54
503c.557c:   00007ffe0bc7430b / 0x005430b: 0e != 11
503c.557c:   00007ffe0bc74318 / 0x0054318: 60 != 20
503c.557c:   00007ffe0bc74319 / 0x0054319: 38 != b1
503c.557c:   00007ffe0bc7431a / 0x005431a: ee != 54
503c.557c:   00007ffe0bc7431b / 0x005431b: 0e != 11
503c.557c:   00007ffe0bc748b8 / 0x00548b8: 90 != 60
503c.557c:   00007ffe0bc748b9 / 0x00548b9: 41 != cc
503c.557c:   00007ffe0bc748ba / 0x00548ba: c3 != 89
503c.557c:   00007ffe0bc748bb / 0x00548bb: 0b != 11
503c.557c:   00007ffe0bc748c1 / 0x00548c1: 43 != cd
503c.557c:   00007ffe0bc748c2 / 0x00548c2: c3 != 89
503c.557c:   00007ffe0bc748c3 / 0x00548c3: 0b != 11
503c.557c:   Restored 0x2000 bytes of original file content at 00007ffe0bc74000
503c.557c: supHardNtVpCheckHandles:
503c.557c: supR3HardenedWinInit: SUPHARDNTVPKIND_SELF_PURIFICATION_LIMITED -> VINF_SUCCESS, cFixes=6
503c.557c: '\Device\HarddiskVolume3\Program Files\Oracle\VirtualBox\VirtualBoxVM.exe' has no imports
503c.557c: supHardenedWinVerifyImageByHandle: -> 0 (\Device\HarddiskVolume3\Program Files\Oracle\VirtualBox\VirtualBoxVM.exe)
503c.557c: supR3HardNtEnableThreadCreationEx:
503c.557c: supR3HardNtDisableThreadCreation: pvLdrInitThunk=00007ffe11885c10 pvNtTerminateThread=00007ffe118adf40 g_LdrInitThunkSelfBackup.cb=10
503c.557c: supR3HardenedWinDoReSpawn(1): New child 3144.2154 [kernel32].
503c.557c: supR3HardNtChildGatherData: PebBaseAddress=0000003921d7f000 cbPeb=0x388
503c.557c: supR3HardNtPuChFindNtdll: uNtDllParentAddr=00007ffe11810000 uNtDllChildAddr=00007ffe11810000
503c.557c: supR3HardenedWinSetupChildInit: uLdrInitThunk=00007ffe11885c10
503c.557c: supR3HardenedWinSetupChildInit: Initial context:
  rax=0000000000000000 rbx=0000000000000000 rcx=00007ff6623fb8e0 rdx=0000003921d7f000
  rsi=0000000000000000 rdi=0000000000000000 r8 =0000000000000000 r9 =0000000000000000
  r10=0000000000000000 r11=0000000000000000 r12=0000000000000000 r13=0000000000000000
  r14=0000000000000000 r15=0000000000000000  P1=0000000000000000  P2=0000000000000000
  rip=00007ffe1185cc70 rsp=0000003921b3f908 rbp=0000000000000000    ctxflags=0010001b
  cs=0033 ss=002b ds=0000 es=0000 fs=0000 gs=0000    eflags=00000200   mxcrx=00001f80
   P3=0000000000000000  P4=0000000000000000  P5=0000000000000000  P6=0000000000000000
  dr0=0000000000000000 dr1=0000000000000000 dr2=0000000000000000 dr3=0000000000000000
  dr6=0000000000000000 dr7=0000000000000000 vcr=0000000000000000 dcr=0000000000000000
  lbt=0000000000000000 lbf=0000000000000000 lxt=0000000000000000 lxf=0000000000000000
503c.557c: supR3HardenedWinSetupChildInit: Start child.
503c.557c: supR3HardNtChildWaitFor: Found expected request 0 (PurifyChildAndCloseHandles) after 1 ms.
503c.557c: supR3HardNtChildPurify: Startup delay kludge #1/0: 271 ms, 17 sleeps
503c.557c: supHardNtVpScanVirtualMemory: enmKind=CHILD_PURIFICATION
503c.557c:  *0000000000000000-000000007ffdffff 0x0001/0x0000 0x0000000
503c.557c:  *000000007ffe0000-000000007ffe0fff 0x0002/0x0002 0x0020000
503c.557c:   000000007ffe1000-000000007ffecfff 0x0001/0x0000 0x0000000
503c.557c:  *000000007ffed000-000000007ffedfff 0x0002/0x0002 0x0020000
503c.557c:   000000007ffee000-0000003921a3ffff 0x0001/0x0000 0x0000000
503c.557c:  *0000003921a40000-0000003921b3afff 0x0000/0x0004 0x0020000
503c.557c:   0000003921b3b000-0000003921b3dfff 0x0104/0x0004 0x0020000
503c.557c:   0000003921b3e000-0000003921b3ffff 0x0004/0x0004 0x0020000
503c.557c:   0000003921b40000-0000003921bfffff 0x0001/0x0000 0x0000000
503c.557c:  *0000003921c00000-0000003921d7efff 0x0000/0x0004 0x0020000
503c.557c:   0000003921d7f000-0000003921d81fff 0x0004/0x0004 0x0020000
503c.557c:   0000003921d82000-0000003921dfffff 0x0000/0x0004 0x0020000
503c.557c:   0000003921e00000-000001e9a899ffff 0x0001/0x0000 0x0000000
503c.557c:  *000001e9a89a0000-000001e9a89bffff 0x0004/0x0004 0x0020000
503c.557c:  *000001e9a89c0000-000001e9a89dcfff 0x0002/0x0002 0x0040000
503c.557c:   000001e9a89dd000-000001e9a89dffff 0x0001/0x0000 0x0000000
503c.557c:  *000001e9a89e0000-000001e9a89e3fff 0x0002/0x0002 0x0040000
503c.557c:   000001e9a89e4000-000001e9a89effff 0x0001/0x0000 0x0000000
503c.557c:  *000001e9a89f0000-000001e9a89f0fff 0x0002/0x0002 0x0040000
503c.557c:   000001e9a89f1000-000001e9a89fffff 0x0001/0x0000 0x0000000
503c.557c:  *000001e9a8a00000-000001e9a8a01fff 0x0004/0x0004 0x0020000
503c.557c:   000001e9a8a02000-00007df5fd58ffff 0x0001/0x0000 0x0000000
503c.557c:  *00007df5fd590000-00007df5fd590fff 0x0002/0x0002 0x0040000
503c.557c:   00007df5fd591000-00007df5fd59ffff 0x0001/0x0000 0x0000000
503c.557c:  *00007df5fd5a0000-00007df5fd5c2fff 0x0002/0x0002 0x0040000
503c.557c:   00007df5fd5c3000-00007df5fd5cffff 0x0001/0x0000 0x0000000
503c.557c:  *00007df5fd5d0000-00007df5ff301fff 0x0000/0x0001 0x0040000
503c.557c:   00007df5ff302000-00007df5ff321fff 0x0001/0x0001 0x0040000
503c.557c:   00007df5ff322000-00007df5ff3b0fff 0x0000/0x0001 0x0040000
503c.557c:   00007df5ff3b1000-00007df5ff3b1fff 0x0001/0x0001 0x0040000
503c.557c:   00007df5ff3b2000-00007ff5d6e5efff 0x0000/0x0001 0x0040000
503c.557c:   00007ff5d6e5f000-00007ff5d6e63fff 0x0002/0x0001 0x0040000
503c.557c:   00007ff5d6e64000-00007ff5f2297fff 0x0000/0x0001 0x0040000
503c.557c:   00007ff5f2298000-00007ff5f5a2ffff 0x0001/0x0001 0x0040000
503c.557c:   00007ff5f5a30000-00007ff5f5a38fff 0x0002/0x0001 0x0040000
503c.557c:   00007ff5f5a39000-00007ff5fd5cffff 0x0000/0x0001 0x0040000
503c.557c:   00007ff5fd5d0000-00007ff6623effff 0x0001/0x0000 0x0000000
503c.557c:  *00007ff6623f0000-00007ff6623f0fff 0x0002/0x0080 0x1000000  \Device\HarddiskVolume3\Program Files\Oracle\VirtualBox\VirtualBoxVM.exe
503c.557c:   00007ff6623f1000-00007ff66245bfff 0x0020/0x0080 0x1000000  \Device\HarddiskVolume3\Program Files\Oracle\VirtualBox\VirtualBoxVM.exe
503c.557c:   00007ff66245c000-00007ff66245cfff 0x0080/0x0080 0x1000000  \Device\HarddiskVolume3\Program Files\Oracle\VirtualBox\VirtualBoxVM.exe
503c.557c:   00007ff66245d000-00007ff6624b1fff 0x0002/0x0080 0x1000000  \Device\HarddiskVolume3\Program Files\Oracle\VirtualBox\VirtualBoxVM.exe
503c.557c:   00007ff6624b2000-00007ff6624b2fff 0x0004/0x0080 0x1000000  \Device\HarddiskVolume3\Program Files\Oracle\VirtualBox\VirtualBoxVM.exe
503c.557c:   00007ff6624b3000-00007ff6624b3fff 0x0008/0x0080 0x1000000  \Device\HarddiskVolume3\Program Files\Oracle\VirtualBox\VirtualBoxVM.exe
503c.557c:   00007ff6624b4000-00007ff6624b9fff 0x0004/0x0080 0x1000000  \Device\HarddiskVolume3\Program Files\Oracle\VirtualBox\VirtualBoxVM.exe
503c.557c:   00007ff6624ba000-00007ff6624befff 0x0008/0x0080 0x1000000  \Device\HarddiskVolume3\Program Files\Oracle\VirtualBox\VirtualBoxVM.exe
503c.557c:   00007ff6624bf000-00007ff6624f9fff 0x0002/0x0080 0x1000000  \Device\HarddiskVolume3\Program Files\Oracle\VirtualBox\VirtualBoxVM.exe
503c.557c:   00007ff6624fa000-00007ffe1180ffff 0x0001/0x0000 0x0000000
503c.557c:  *00007ffe11810000-00007ffe11810fff 0x0002/0x0080 0x1000000  \Device\HarddiskVolume3\Windows\System32\ntdll.dll
503c.557c:   00007ffe11811000-00007ffe1192cfff 0x0020/0x0080 0x1000000  \Device\HarddiskVolume3\Windows\System32\ntdll.dll
503c.557c:   00007ffe1192d000-00007ffe11975fff 0x0002/0x0080 0x1000000  \Device\HarddiskVolume3\Windows\System32\ntdll.dll
503c.557c:   00007ffe11976000-00007ffe11981fff 0x0008/0x0080 0x1000000  \Device\HarddiskVolume3\Windows\System32\ntdll.dll
503c.557c:   00007ffe11982000-00007ffe11990fff 0x0002/0x0080 0x1000000  \Device\HarddiskVolume3\Windows\System32\ntdll.dll
503c.557c:   00007ffe11991000-00007ffe11991fff 0x0004/0x0080 0x1000000  \Device\HarddiskVolume3\Windows\System32\ntdll.dll
503c.557c:   00007ffe11992000-00007ffe11994fff 0x0008/0x0080 0x1000000  \Device\HarddiskVolume3\Windows\System32\ntdll.dll
503c.557c:   00007ffe11995000-00007ffe11a07fff 0x0002/0x0080 0x1000000  \Device\HarddiskVolume3\Windows\System32\ntdll.dll
503c.557c:   00007ffe11a08000-00007ffffffeffff 0x0001/0x0000 0x0000000
503c.557c: VirtualBoxVM.exe: Differences in section #8 (.rsrc) between file and memory:
503c.557c:   00007ff6624f7b70 / 0x0107b70: 00 != 50
503c.557c:   00007ff6624f7b71 / 0x0107b71: 00 != 41
503c.557c:   00007ff6624f7b72 / 0x0107b72: 00 != 44
503c.557c:   00007ff6624f7b73 / 0x0107b73: 00 != 44
503c.557c:   00007ff6624f7b74 / 0x0107b74: 00 != 49
503c.557c:   00007ff6624f7b75 / 0x0107b75: 00 != 4e
503c.557c:   00007ff6624f7b76 / 0x0107b76: 00 != 47
503c.557c:   00007ff6624f7b77 / 0x0107b77: 00 != 58
503c.557c:   00007ff6624f7b78 / 0x0107b78: 00 != 58
503c.557c:   00007ff6624f7b79 / 0x0107b79: 00 != 50
503c.557c:   00007ff6624f7b7a / 0x0107b7a: 00 != 41
503c.557c:   00007ff6624f7b7b / 0x0107b7b: 00 != 44
503c.557c:   00007ff6624f7b7c / 0x0107b7c: 00 != 44
503c.557c:   00007ff6624f7b7d / 0x0107b7d: 00 != 49
503c.557c:   00007ff6624f7b7e / 0x0107b7e: 00 != 4e
503c.557c:   00007ff6624f7b7f / 0x0107b7f: 00 != 47
503c.557c:   00007ff6624f7b80 / 0x0107b80: 00 != 50
503c.557c:   00007ff6624f7b81 / 0x0107b81: 00 != 41
503c.557c:   00007ff6624f7b82 / 0x0107b82: 00 != 44
503c.557c:   00007ff6624f7b83 / 0x0107b83: 00 != 44
503c.557c:   00007ff6624f7b84 / 0x0107b84: 00 != 49
503c.557c:   00007ff6624f7b85 / 0x0107b85: 00 != 4e
503c.557c:   00007ff6624f7b86 / 0x0107b86: 00 != 47
503c.557c:   00007ff6624f7b87 / 0x0107b87: 00 != 58
503c.557c:   00007ff6624f7b88 / 0x0107b88: 00 != 58
503c.557c:   00007ff6624f7b89 / 0x0107b89: 00 != 50
503c.557c:   00007ff6624f7b8a / 0x0107b8a: 00 != 41
503c.557c:   00007ff6624f7b8b / 0x0107b8b: 00 != 44
503c.557c:   00007ff6624f7b8c / 0x0107b8c: 00 != 44
503c.557c:   00007ff6624f7b8d / 0x0107b8d: 00 != 49
503c.557c:   00007ff6624f7b8e / 0x0107b8e: 00 != 4e
503c.557c:   00007ff6624f7b8f / 0x0107b8f: 00 != 47
503c.557c:   00007ff6624f7b90 / 0x0107b90: 00 != 50
503c.557c:   00007ff6624f7b91 / 0x0107b91: 00 != 41
503c.557c:   00007ff6624f7b92 / 0x0107b92: 00 != 44
503c.557c:   00007ff6624f7b93 / 0x0107b93: 00 != 44
503c.557c:   00007ff6624f7b94 / 0x0107b94: 00 != 49
503c.557c:   00007ff6624f7b95 / 0x0107b95: 00 != 4e
503c.557c:   00007ff6624f7b96 / 0x0107b96: 00 != 47
503c.557c:   00007ff6624f7b97 / 0x0107b97: 00 != 58
503c.557c:   00007ff6624f7b98 / 0x0107b98: 00 != 58
503c.557c:   00007ff6624f7b99 / 0x0107b99: 00 != 50
503c.557c:   00007ff6624f7b9a / 0x0107b9a: 00 != 41
503c.557c:   00007ff6624f7b9b / 0x0107b9b: 00 != 44
503c.557c:   00007ff6624f7b9c / 0x0107b9c: 00 != 44
503c.557c:   00007ff6624f7b9d / 0x0107b9d: 00 != 49
503c.557c:   00007ff6624f7b9e / 0x0107b9e: 00 != 4e
503c.557c:   00007ff6624f7b9f / 0x0107b9f: 00 != 47
503c.557c:   00007ff6624f7ba0 / 0x0107ba0: 00 != 50
503c.557c:   00007ff6624f7ba1 / 0x0107ba1: 00 != 41
503c.557c:   00007ff6624f7ba2 / 0x0107ba2: 00 != 44
503c.557c:   00007ff6624f7ba3 / 0x0107ba3: 00 != 44
503c.557c:   00007ff6624f7ba4 / 0x0107ba4: 00 != 49
503c.557c:   00007ff6624f7ba5 / 0x0107ba5: 00 != 4e
503c.557c:   00007ff6624f7ba6 / 0x0107ba6: 00 != 47
503c.557c:   00007ff6624f7ba7 / 0x0107ba7: 00 != 58
503c.557c:   00007ff6624f7ba8 / 0x0107ba8: 00 != 58
503c.557c:   00007ff6624f7ba9 / 0x0107ba9: 00 != 50
503c.557c:   00007ff6624f7baa / 0x0107baa: 00 != 41
503c.557c:   00007ff6624f7bab / 0x0107bab: 00 != 44
503c.557c:   00007ff6624f7bac / 0x0107bac: 00 != 44
503c.557c:   00007ff6624f7bad / 0x0107bad: 00 != 49
503c.557c:   00007ff6624f7bae / 0x0107bae: 00 != 4e
503c.557c:   00007ff6624f7baf / 0x0107baf: 00 != 47
503c.557c:   00007ff6624f7bb0 / 0x0107bb0: 00 != 50
503c.557c:   00007ff6624f7bb1 / 0x0107bb1: 00 != 41
503c.557c:   00007ff6624f7bb2 / 0x0107bb2: 00 != 44
503c.557c:   00007ff6624f7bb3 / 0x0107bb3: 00 != 44
503c.557c:   00007ff6624f7bb4 / 0x0107bb4: 00 != 49
503c.557c:   00007ff6624f7bb5 / 0x0107bb5: 00 != 4e
503c.557c:   00007ff6624f7bb6 / 0x0107bb6: 00 != 47
503c.557c:   00007ff6624f7bb7 / 0x0107bb7: 00 != 58
503c.557c:   00007ff6624f7bb8 / 0x0107bb8: 00 != 58
503c.557c:   00007ff6624f7bb9 / 0x0107bb9: 00 != 50
503c.557c:   00007ff6624f7bba / 0x0107bba: 00 != 41
503c.557c:   00007ff6624f7bbb / 0x0107bbb: 00 != 44
503c.557c:   00007ff6624f7bbc / 0x0107bbc: 00 != 44
503c.557c:   00007ff6624f7bbd / 0x0107bbd: 00 != 49
503c.557c:   00007ff6624f7bbe / 0x0107bbe: 00 != 4e
503c.557c:   00007ff6624f7bbf / 0x0107bbf: 00 != 47
503c.557c:   00007ff6624f7bc0 / 0x0107bc0: 00 != 50
503c.557c:   00007ff6624f7bc1 / 0x0107bc1: 00 != 41
503c.557c:   00007ff6624f7bc2 / 0x0107bc2: 00 != 44
503c.557c:   00007ff6624f7bc3 / 0x0107bc3: 00 != 44
503c.557c:   00007ff6624f7bc4 / 0x0107bc4: 00 != 49
503c.557c:   00007ff6624f7bc5 / 0x0107bc5: 00 != 4e
503c.557c:   00007ff6624f7bc6 / 0x0107bc6: 00 != 47
503c.557c:   00007ff6624f7bc7 / 0x0107bc7: 00 != 58
503c.557c:   00007ff6624f7bc8 / 0x0107bc8: 00 != 58
503c.557c:   00007ff6624f7bc9 / 0x0107bc9: 00 != 50
503c.557c:   00007ff6624f7bca / 0x0107bca: 00 != 41
503c.557c:   00007ff6624f7bcb / 0x0107bcb: 00 != 44
503c.557c:   00007ff6624f7bcc / 0x0107bcc: 00 != 44
503c.557c:   00007ff6624f7bcd / 0x0107bcd: 00 != 49
503c.557c:   00007ff6624f7bce / 0x0107bce: 00 != 4e
503c.557c:   00007ff6624f7bcf / 0x0107bcf: 00 != 47
503c.557c:   00007ff6624f7bd0 / 0x0107bd0: 00 != 50
503c.557c:   00007ff6624f7bd1 / 0x0107bd1: 00 != 41
503c.557c:   00007ff6624f7bd2 / 0x0107bd2: 00 != 44
503c.557c:   00007ff6624f7bd3 / 0x0107bd3: 00 != 44
503c.557c:   00007ff6624f7bd4 / 0x0107bd4: 00 != 49
503c.557c:   00007ff6624f7bd5 / 0x0107bd5: 00 != 4e
503c.557c:   00007ff6624f7bd6 / 0x0107bd6: 00 != 47
503c.557c:   00007ff6624f7bd7 / 0x0107bd7: 00 != 58
503c.557c:   00007ff6624f7bd8 / 0x0107bd8: 00 != 58
503c.557c:   00007ff6624f7bd9 / 0x0107bd9: 00 != 50
503c.557c:   00007ff6624f7bda / 0x0107bda: 00 != 41
503c.557c:   00007ff6624f7bdb / 0x0107bdb: 00 != 44
503c.557c:   00007ff6624f7bdc / 0x0107bdc: 00 != 44
503c.557c:   00007ff6624f7bdd / 0x0107bdd: 00 != 49
503c.557c:   00007ff6624f7bde / 0x0107bde: 00 != 4e
503c.557c:   00007ff6624f7bdf / 0x0107bdf: 00 != 47
503c.557c:   00007ff6624f7be0 / 0x0107be0: 00 != 50
503c.557c:   00007ff6624f7be1 / 0x0107be1: 00 != 41
503c.557c:   00007ff6624f7be2 / 0x0107be2: 00 != 44
503c.557c:   00007ff6624f7be3 / 0x0107be3: 00 != 44
503c.557c:   00007ff6624f7be4 / 0x0107be4: 00 != 49
503c.557c:   00007ff6624f7be5 / 0x0107be5: 00 != 4e
503c.557c:   00007ff6624f7be6 / 0x0107be6: 00 != 47
503c.557c:   00007ff6624f7be7 / 0x0107be7: 00 != 58
503c.557c:   00007ff6624f7be8 / 0x0107be8: 00 != 58
503c.557c:   00007ff6624f7be9 / 0x0107be9: 00 != 50
503c.557c:   00007ff6624f7bea / 0x0107bea: 00 != 41
503c.557c:   00007ff6624f7beb / 0x0107beb: 00 != 44
503c.557c:   00007ff6624f7bec / 0x0107bec: 00 != 44
503c.557c:   00007ff6624f7bed / 0x0107bed: 00 != 49
503c.557c:   00007ff6624f7bee / 0x0107bee: 00 != 4e
503c.557c:   00007ff6624f7bef / 0x0107bef: 00 != 47
503c.557c:   00007ff6624f7bf0 / 0x0107bf0: 00 != 50
503c.557c:   00007ff6624f7bf1 / 0x0107bf1: 00 != 41
503c.557c:   00007ff6624f7bf2 / 0x0107bf2: 00 != 44
503c.557c:   00007ff6624f7bf3 / 0x0107bf3: 00 != 44
503c.557c:   00007ff6624f7bf4 / 0x0107bf4: 00 != 49
503c.557c:   00007ff6624f7bf5 / 0x0107bf5: 00 != 4e
503c.557c:   00007ff6624f7bf6 / 0x0107bf6: 00 != 47
503c.557c:   00007ff6624f7bf7 / 0x0107bf7: 00 != 58
503c.557c:   00007ff6624f7bf8 / 0x0107bf8: 00 != 58
503c.557c:   00007ff6624f7bf9 / 0x0107bf9: 00 != 50
503c.557c:   00007ff6624f7bfa / 0x0107bfa: 00 != 41
503c.557c:   00007ff6624f7bfb / 0x0107bfb: 00 != 44
503c.557c:   00007ff6624f7bfc / 0x0107bfc: 00 != 44
503c.557c:   00007ff6624f7bfd / 0x0107bfd: 00 != 49
503c.557c:   00007ff6624f7bfe / 0x0107bfe: 00 != 4e
503c.557c:   00007ff6624f7bff / 0x0107bff: 00 != 47
503c.557c:   Restored 0x490 bytes of original file content at 00007ff6624f7b70
503c.557c: supR3HardNtChildPurify: cFixes=1 g_fSupAdversaries=0x80000000
503c.557c: supR3HardNtChildPurify: Startup delay kludge #1/1: 524 ms, 34 sleeps
503c.557c: supHardNtVpScanVirtualMemory: enmKind=CHILD_PURIFICATION
503c.557c:  *0000000000000000-000000007ffdffff 0x0001/0x0000 0x0000000
503c.557c:  *000000007ffe0000-000000007ffe0fff 0x0002/0x0002 0x0020000
503c.557c:   000000007ffe1000-000000007ffecfff 0x0001/0x0000 0x0000000
503c.557c:  *000000007ffed000-000000007ffedfff 0x0002/0x0002 0x0020000
503c.557c:   000000007ffee000-0000003921a3ffff 0x0001/0x0000 0x0000000
503c.557c:  *0000003921a40000-0000003921b3afff 0x0000/0x0004 0x0020000
503c.557c:   0000003921b3b000-0000003921b3dfff 0x0104/0x0004 0x0020000
503c.557c:   0000003921b3e000-0000003921b3ffff 0x0004/0x0004 0x0020000
503c.557c:   0000003921b40000-0000003921bfffff 0x0001/0x0000 0x0000000
503c.557c:  *0000003921c00000-0000003921d7efff 0x0000/0x0004 0x0020000
503c.557c:   0000003921d7f000-0000003921d81fff 0x0004/0x0004 0x0020000
503c.557c:   0000003921d82000-0000003921dfffff 0x0000/0x0004 0x0020000
503c.557c:   0000003921e00000-000001e9a899ffff 0x0001/0x0000 0x0000000
503c.557c:  *000001e9a89a0000-000001e9a89bffff 0x0004/0x0004 0x0020000
503c.557c:  *000001e9a89c0000-000001e9a89dcfff 0x0002/0x0002 0x0040000
503c.557c:   000001e9a89dd000-000001e9a89dffff 0x0001/0x0000 0x0000000
503c.557c:  *000001e9a89e0000-000001e9a89e3fff 0x0002/0x0002 0x0040000
503c.557c:   000001e9a89e4000-000001e9a89effff 0x0001/0x0000 0x0000000
503c.557c:  *000001e9a89f0000-000001e9a89f0fff 0x0002/0x0002 0x0040000
503c.557c:   000001e9a89f1000-000001e9a89fffff 0x0001/0x0000 0x0000000
503c.557c:  *000001e9a8a00000-000001e9a8a01fff 0x0004/0x0004 0x0020000
503c.557c:   000001e9a8a02000-00007df5fd58ffff 0x0001/0x0000 0x0000000
503c.557c:  *00007df5fd590000-00007df5fd590fff 0x0002/0x0002 0x0040000
503c.557c:   00007df5fd591000-00007df5fd59ffff 0x0001/0x0000 0x0000000
503c.557c:  *00007df5fd5a0000-00007df5fd5c2fff 0x0002/0x0002 0x0040000
503c.557c:   00007df5fd5c3000-00007df5fd5cffff 0x0001/0x0000 0x0000000
503c.557c:  *00007df5fd5d0000-00007df5ff301fff 0x0000/0x0001 0x0040000
503c.557c:   00007df5ff302000-00007df5ff321fff 0x0001/0x0001 0x0040000
503c.557c:   00007df5ff322000-00007df5ff3b0fff 0x0000/0x0001 0x0040000
503c.557c:   00007df5ff3b1000-00007df5ff3b1fff 0x0001/0x0001 0x0040000
503c.557c:   00007df5ff3b2000-00007ff5d6e5efff 0x0000/0x0001 0x0040000
503c.557c:   00007ff5d6e5f000-00007ff5d6e63fff 0x0002/0x0001 0x0040000
503c.557c:   00007ff5d6e64000-00007ff5f2297fff 0x0000/0x0001 0x0040000
503c.557c:   00007ff5f2298000-00007ff5f5a2ffff 0x0001/0x0001 0x0040000
503c.557c:   00007ff5f5a30000-00007ff5f5a38fff 0x0002/0x0001 0x0040000
503c.557c:   00007ff5f5a39000-00007ff5fd5cffff 0x0000/0x0001 0x0040000
503c.557c:   00007ff5fd5d0000-00007ff6623effff 0x0001/0x0000 0x0000000
503c.557c:  *00007ff6623f0000-00007ff6623f0fff 0x0002/0x0080 0x1000000  \Device\HarddiskVolume3\Program Files\Oracle\VirtualBox\VirtualBoxVM.exe
503c.557c:   00007ff6623f1000-00007ff66245bfff 0x0020/0x0080 0x1000000  \Device\HarddiskVolume3\Program Files\Oracle\VirtualBox\VirtualBoxVM.exe
503c.557c:   00007ff66245c000-00007ff66245cfff 0x0040/0x0080 0x1000000  \Device\HarddiskVolume3\Program Files\Oracle\VirtualBox\VirtualBoxVM.exe
503c.557c:   00007ff66245d000-00007ff6624b1fff 0x0002/0x0080 0x1000000  \Device\HarddiskVolume3\Program Files\Oracle\VirtualBox\VirtualBoxVM.exe
503c.557c:   00007ff6624b2000-00007ff6624befff 0x0004/0x0080 0x1000000  \Device\HarddiskVolume3\Program Files\Oracle\VirtualBox\VirtualBoxVM.exe
503c.557c:   00007ff6624bf000-00007ff6624f9fff 0x0002/0x0080 0x1000000  \Device\HarddiskVolume3\Program Files\Oracle\VirtualBox\VirtualBoxVM.exe
503c.557c:   00007ff6624fa000-00007ffe1180ffff 0x0001/0x0000 0x0000000
503c.557c:  *00007ffe11810000-00007ffe11810fff 0x0002/0x0080 0x1000000  \Device\HarddiskVolume3\Windows\System32\ntdll.dll
503c.557c:   00007ffe11811000-00007ffe1192cfff 0x0020/0x0080 0x1000000  \Device\HarddiskVolume3\Windows\System32\ntdll.dll
503c.557c:   00007ffe1192d000-00007ffe11975fff 0x0002/0x0080 0x1000000  \Device\HarddiskVolume3\Windows\System32\ntdll.dll
503c.557c:   00007ffe11976000-00007ffe11979fff 0x0008/0x0080 0x1000000  \Device\HarddiskVolume3\Windows\System32\ntdll.dll
503c.557c:   00007ffe1197a000-00007ffe11981fff 0x0004/0x0080 0x1000000  \Device\HarddiskVolume3\Windows\System32\ntdll.dll
503c.557c:   00007ffe11982000-00007ffe11990fff 0x0002/0x0080 0x1000000  \Device\HarddiskVolume3\Windows\System32\ntdll.dll
503c.557c:   00007ffe11991000-00007ffe11991fff 0x0004/0x0080 0x1000000  \Device\HarddiskVolume3\Windows\System32\ntdll.dll
503c.557c:   00007ffe11992000-00007ffe11994fff 0x0008/0x0080 0x1000000  \Device\HarddiskVolume3\Windows\System32\ntdll.dll
503c.557c:   00007ffe11995000-00007ffe11a07fff 0x0002/0x0080 0x1000000  \Device\HarddiskVolume3\Windows\System32\ntdll.dll
503c.557c:   00007ffe11a08000-00007ffffffeffff 0x0001/0x0000 0x0000000
503c.557c: supR3HardNtChildPurify: Done after 818 ms and 1 fixes (loop #1).
3144.2154: supR3HardenedVmProcessInit: uNtDllAddr=00007ffe11810000 g_uNtVerCombined=0xa04a6500 (stack ~0000003921b3e6e0)
3144.2154: ntdll.dll: timestamp 0x688f8c4b (rc=VINF_SUCCESS)
3144.2154: New simple heap: #1 000001e9a8b10000 LB 0x400000 (for 2064384 allocation)
503c.557c: supR3HardNtEnableThreadCreationEx:
3144.2154: supR3HardenedWinInitAppBin(0x0): '\Device\HarddiskVolume3\Program Files\Oracle\VirtualBox'
3144.2154: System32:  \Device\HarddiskVolume3\Windows\System32
3144.2154: WinSxS:    \Device\HarddiskVolume3\Windows\WinSxS
3144.2154: KnownDllPath: C:\Windows\System32
3144.2154: supR3HardenedVmProcessInit: Opening vboxsup stub...
3144.2154: supR3HardenedVmProcessInit: Restoring LdrInitializeThunk...
3144.2154: supR3HardenedVmProcessInit: Returning to LdrInitializeThunk...
3144.2154: Registered Dll notification callback with NTDLL.
3144.2154: supHardenedWinVerifyImageByHandle: -> 0 (\Device\HarddiskVolume3\Windows\System32\kernel32.dll)
3144.2154: supR3HardenedWinVerifyCacheInsert: \Device\HarddiskVolume3\Windows\System32\kernel32.dll
3144.2154: supR3HardenedMonitor_LdrLoadDll: pName=C:\Windows\System32\KERNEL32.DLL (Input=KERNEL32.DLL, rcNtResolve=0xc0150008) *pfFlags=0xffffffff pwszSearchPath=0000000000004001:<flags> [calling]
3144.2154: supR3HardenedDllNotificationCallback: load   00007ffe0eeb0000 LB 0x002fe000 C:\Windows\System32\KERNELBASE.dll [fFlags=0x0]
3144.2154: supHardenedWinVerifyImageByHandle: -> 0 (\Device\HarddiskVolume3\Windows\System32\KernelBase.dll)
3144.2154: supR3HardenedWinVerifyCacheInsert: \Device\HarddiskVolume3\Windows\System32\KernelBase.dll
3144.2154: supR3HardenedDllNotificationCallback: load   00007ffe11530000 LB 0x000c2000 C:\Windows\System32\KERNEL32.DLL [fFlags=0x0]
3144.2154: supR3HardenedScreenImage/LdrLoadDll: cache hit (VINF_SUCCESS) on \Device\HarddiskVolume3\Windows\System32\kernel32.dll [lacks WinVerifyTrust]
3144.2154: supR3HardenedMonitor_LdrLoadDll: returns rcNt=0x0 hMod=00007ffe11530000 'C:\Windows\System32\KERNEL32.DLL'
3144.2154: supR3HardenedDllNotificationCallback: load   00007ff6623f0000 LB 0x0010a000 C:\Program Files\Oracle\VirtualBox\VirtualBoxVM.exe [fFlags=0x0]
3144.2154: '\Device\HarddiskVolume3\Program Files\Oracle\VirtualBox\VirtualBoxVM.exe' has no imports
3144.2154: supHardenedWinVerifyImageByHandle: -> 0 (\Device\HarddiskVolume3\Program Files\Oracle\VirtualBox\VirtualBoxVM.exe)
3144.2154: supR3HardenedWinVerifyCacheInsert: \Device\HarddiskVolume3\Program Files\Oracle\VirtualBox\VirtualBoxVM.exe
3144.2154: supR3HardNtDisableThreadCreation: pvLdrInitThunk=00007ffe11885c10 pvNtTerminateThread=00007ffe118adf40 g_LdrInitThunkSelfBackup.cb=0
3144.2154: supR3HardNtDisableThreadCreationEx: Backup=40 53 48 83 ec 20 48 8b d9 e8 1a 00 00 00 b2 01
503c.557c: supR3HardNtChildWaitFor: Found expected request 1 (CloseEvents) after 157 ms.
3144.2154: \SystemRoot\System32\ntdll.dll:
3144.2154:     CreationTime:    2024-11-18T09:52:17.619384100Z
3144.2154:     LastWriteTime:   2024-11-18T09:52:17.718707600Z
3144.2154:     ChangeTime:      2024-12-26T01:38:22.164937200Z
3144.2154:     FileAttributes:  0x20
3144.2154:     Size:            0x1ef640
3144.2154:     NT Headers:      0xe8
3144.2154:     Timestamp:       0x688f8c4b
3144.2154:     Machine:         0x8664 - amd64
3144.2154:     Timestamp:       0x688f8c4b
3144.2154:     Image Version:   10.0
3144.2154:     SizeOfImage:     0x1f8000 (2064384)
3144.2154:     Resource Dir:    0x186000 LB 0x70508
3144.2154:     [Version info resource found at 0xd8! (ID/Name: 0x1; SubID/SubName: 0x409)]
3144.2154:     [Raw version resource data: 0x1860f0 LB 0x380, codepage 0x0 (reserved 0x0)]
3144.2154:     ProductName:     Microsoft® Windows® Operating System
3144.2154:     ProductVersion:  10.0.19041.5007
3144.2154:     FileVersion:     10.0.19041.5007 (WinBuild.160101.0800)
3144.2154:     FileDescription: NT Layer DLL
3144.2154: \SystemRoot\System32\kernel32.dll:
3144.2154:     CreationTime:    2024-12-26T01:33:22.784355600Z
3144.2154:     LastWriteTime:   2024-12-26T01:33:22.846854400Z
3144.2154:     ChangeTime:      2024-12-26T01:42:20.547004200Z
3144.2154:     FileAttributes:  0x20
3144.2154:     Size:            0xbf588
3144.2154:     NT Headers:      0xf8
3144.2154:     Timestamp:       0x87803e41
3144.2154:     Machine:         0x8664 - amd64
3144.2154:     Timestamp:       0x87803e41
3144.2154:     Image Version:   10.0
3144.2154:     SizeOfImage:     0xc2000 (794624)
3144.2154:     Resource Dir:    0xc0000 LB 0x520
3144.2154:     [Version info resource found at 0x90! (ID/Name: 0x1; SubID/SubName: 0x409)]
3144.2154:     [Raw version resource data: 0xc00b0 LB 0x3a4, codepage 0x0 (reserved 0x0)]
3144.2154:     ProductName:     Microsoft® Windows® Operating System
3144.2154:     ProductVersion:  10.0.19041.5198
3144.2154:     FileVersion:     10.0.19041.5198 (WinBuild.160101.0800)
3144.2154:     FileDescription: Windows NT BASE API Client DLL
3144.2154: \SystemRoot\System32\KernelBase.dll:
3144.2154:     CreationTime:    2024-12-26T01:33:04.222502600Z
3144.2154:     LastWriteTime:   2024-12-26T01:33:04.519340400Z
3144.2154:     ChangeTime:      2024-12-26T01:42:23.515631700Z
3144.2154:     FileAttributes:  0x20
3144.2154:     Size:            0x2ff3c8
3144.2154:     NT Headers:      0x100
3144.2154:     Timestamp:       0xd1eefc71
3144.2154:     Machine:         0x8664 - amd64
3144.2154:     Timestamp:       0xd1eefc71
3144.2154:     Image Version:   10.0
3144.2154:     SizeOfImage:     0x2fe000 (3137536)
3144.2154:     Resource Dir:    0x2d4000 LB 0x548
3144.2154:     [Version info resource found at 0x90! (ID/Name: 0x1; SubID/SubName: 0x409)]
3144.2154:     [Raw version resource data: 0x2d40b0 LB 0x3bc, codepage 0x0 (reserved 0x0)]
3144.2154:     ProductName:     Microsoft® Windows® Operating System
3144.2154:     ProductVersion:  10.0.19041.5198
3144.2154:     FileVersion:     10.0.19041.5198 (WinBuild.160101.0800)
3144.2154:     FileDescription: Windows NT BASE API Client DLL
3144.2154: \SystemRoot\System32\apisetschema.dll:
3144.2154:     CreationTime:    2024-11-18T09:49:33.584394400Z
3144.2154:     LastWriteTime:   2024-11-18T09:49:33.602420500Z
3144.2154:     ChangeTime:      2024-12-26T01:38:15.665157900Z
3144.2154:     FileAttributes:  0x20
3144.2154:     Size:            0x1f970
3144.2154:     NT Headers:      0xd0
3144.2154:     Timestamp:       0x818769b5
3144.2154:     Machine:         0x8664 - amd64
3144.2154:     Timestamp:       0x818769b5
3144.2154:     Image Version:   10.0
3144.2154:     SizeOfImage:     0x20000 (131072)
3144.2154:     Resource Dir:    0x1f000 LB 0x408
3144.2154:     [Version info resource found at 0x48! (ID/Name: 0x1; SubID/SubName: 0x409)]
3144.2154:     [Raw version resource data: 0x1f060 LB 0x3a8, codepage 0x0 (reserved 0x0)]
3144.2154:     ProductName:     Microsoft® Windows® Operating System
3144.2154:     ProductVersion:  10.0.19041.3996
3144.2154:     FileVersion:     10.0.19041.3996 (WinBuild.160101.0800)
3144.2154:     FileDescription: ApiSet Schema DLL
3144.2154: NtOpenDirectoryObject failed on \Driver: 0xc0000022
3144.2154: supR3HardenedWinFindAdversaries: 0x0
3144.2154: supR3HardenedWinInitAppBin(0x0): '\Device\HarddiskVolume3\Program Files\Oracle\VirtualBox'
3144.2154: Calling main()
3144.2154: SUPR3HardenedMain: pszProgName=VirtualBoxVM fFlags=0x2
3144.2154: supR3HardenedWinInitAppBin(0x2): '\Device\HarddiskVolume3\Program Files\Oracle\VirtualBox'
3144.2154: '\Device\HarddiskVolume3\Program Files\Oracle\VirtualBox\VirtualBoxVM.exe' has no imports
3144.2154: supHardenedWinVerifyImageByHandle: -> 0 (\Device\HarddiskVolume3\Program Files\Oracle\VirtualBox\VirtualBoxVM.exe)
3144.2154: SUPR3HardenedMain: Respawn #2
3144.2154: supR3HardNtEnableThreadCreationEx:
3144.2154: supR3HardenedDllNotificationCallback: load   00007ffe116a0000 LB 0x00123000 C:\Windows\System32\RPCRT4.dll [fFlags=0x0]
3144.2154: supHardenedWinVerifyImageByHandle: -> 0 (\Device\HarddiskVolume3\Windows\System32\rpcrt4.dll)
3144.2154: supR3HardenedWinVerifyCacheInsert: \Device\HarddiskVolume3\Windows\System32\rpcrt4.dll
3144.2154: supR3HardenedDllNotificationCallback: load   00007ffe0f400000 LB 0x00027000 C:\Windows\System32\bcrypt.dll [fFlags=0x0]
3144.2154: supHardenedWinVerifyImageByHandle: -> 0 (\Device\HarddiskVolume3\Windows\System32\bcrypt.dll)
3144.2154: supR3HardenedWinVerifyCacheInsert: \Device\HarddiskVolume3\Windows\System32\bcrypt.dll
3144.2154: supR3HardenedDllNotificationCallback: load   00007ffe0f840000 LB 0x0009f000 C:\Windows\System32\sechost.dll [fFlags=0x0]
3144.2154: supR3HardenedWinVerifyCacheScheduleImports: Import todo: #11 'rpcrt4.dll'.
3144.2154: supR3HardenedWinVerifyCacheScheduleImports: Import todo: #24 'bcrypt.dll'.
3144.2154: supHardenedWinVerifyImageByHandle: -> 0 (\Device\HarddiskVolume3\Windows\System32\sechost.dll)
3144.2154: supR3HardenedWinVerifyCacheInsert: \Device\HarddiskVolume3\Windows\System32\sechost.dll
3144.2154: '\Device\HarddiskVolume3\Windows\System32\ntdll.dll' has no imports
3144.2154: supHardenedWinVerifyImageByHandle: -> 0 (\Device\HarddiskVolume3\Windows\System32\ntdll.dll)
3144.2154: supR3HardenedWinVerifyCacheInsert: \Device\HarddiskVolume3\Windows\System32\ntdll.dll
3144.2154: supR3HardenedWinVerifyCacheProcessImportTodos: Processing 'bcrypt.dll'...
3144.2154: supR3HardenedWinVerifyCacheProcessImportTodos: 'bcrypt.dll' -> '\Device\HarddiskVolume3\Windows\System32\bcrypt.dll' [rcNtRedir=0xc0150008]
3144.2154: supR3HardenedScreenImage/Imports: cache hit (VINF_SUCCESS) on \Device\HarddiskVolume3\Windows\System32\bcrypt.dll [lacks WinVerifyTrust]
3144.2154: supR3HardenedWinVerifyCacheProcessImportTodos: Processing 'rpcrt4.dll'...
3144.2154: supR3HardenedWinVerifyCacheProcessImportTodos: 'rpcrt4.dll' -> '\Device\HarddiskVolume3\Windows\System32\rpcrt4.dll' [rcNtRedir=0xc0150008]
3144.2154: supR3HardenedScreenImage/Imports: cache hit (VINF_SUCCESS) on \Device\HarddiskVolume3\Windows\System32\rpcrt4.dll [lacks WinVerifyTrust]
3144.2154: supR3HardenedMonitor_LdrLoadDll: pName=C:\Windows\System32\ntdll.dll (Input=ntdll.dll, rcNtResolve=0xc0150008) *pfFlags=0x0 pwszSearchPath=0000000000000801:<flags> [calling]
3144.2154: supR3HardenedMonitor_LdrLoadDll: returns rcNt=0x0 hMod=00007ffe11810000 'C:\Windows\System32\ntdll.dll'
3144.2154: supHardenedWinVerifyImageByHandle: -> 22900 (\Device\HarddiskVolume3\Windows\System32\apphelp.dll)
3144.2154: supR3HardenedWinVerifyCacheInsert: \Device\HarddiskVolume3\Windows\System32\apphelp.dll
3144.2154: supR3HardenedMonitor_LdrLoadDll: pName=C:\Windows\system32\apphelp.dll (rcNtResolve=0xc0150008) *pfFlags=0xffffffff pwszSearchPath=0000000000000000:<flags> [calling]
3144.2154: supR3HardenedScreenImage/NtCreateSection: cache hit (22900) on \Device\HarddiskVolume3\Windows\System32\apphelp.dll [lacks WinVerifyTrust]
3144.2154: supR3HardenedDllNotificationCallback: load   00007ffe0bc20000 LB 0x00094000 C:\Windows\system32\apphelp.dll [fFlags=0x0]
3144.2154: supR3HardenedScreenImage/LdrLoadDll: cache hit (22900) on \Device\HarddiskVolume3\Windows\System32\apphelp.dll [lacks WinVerifyTrust]
3144.2154: supR3HardenedScreenImage/LdrLoadDll: cache hit (VINF_SUCCESS) on \Device\HarddiskVolume3\Windows\System32\ntdll.dll [lacks WinVerifyTrust]
3144.2154: supR3HardenedMonitor_LdrLoadDll: pName=C:\Windows\System32\ntdll.dll (Input=ntdll.dll, rcNtResolve=0xc0150008) *pfFlags=0x0 pwszSearchPath=0000000000000801:<flags> [calling]
3144.2154: supR3HardenedMonitor_LdrLoadDll: returns rcNt=0x0 hMod=00007ffe11810000 'C:\Windows\System32\ntdll.dll'
3144.2154: supR3HardenedMonitor_LdrLoadDll: returns rcNt=0x0 hMod=00007ffe0bc20000 'C:\Windows\system32\apphelp.dll'
3144.2154: supR3HardNtDisableThreadCreation: pvLdrInitThunk=00007ffe11885c10 pvNtTerminateThread=00007ffe118adf40 g_LdrInitThunkSelfBackup.cb=10
3144.2154: supR3HardenedWinDoReSpawn(2): New child 840.1864 [kernel32].
3144.2154: supR3HardenedWinReSpawn: NtSetInformationThread/ThreadHideFromDebugger failed: 0xc0000022 (harmless)
3144.2154: supR3HardNtChildGatherData: PebBaseAddress=000000daa1a89000 cbPeb=0x388
3144.2154: supR3HardNtPuChFindNtdll: uNtDllParentAddr=00007ffe11810000 uNtDllChildAddr=00007ffe11810000
3144.2154: supR3HardenedWinSetupChildInit: uLdrInitThunk=00007ffe11885c10
3144.2154: supR3HardenedWinSetupChildInit: Initial context:
  rax=0000000000000000 rbx=0000000000000000 rcx=00007ff6623fb8e0 rdx=000000daa1a89000
  rsi=0000000000000000 rdi=0000000000000000 r8 =0000000000000000 r9 =0000000000000000
  r10=0000000000000000 r11=0000000000000000 r12=0000000000000000 r13=0000000000000000
  r14=0000000000000000 r15=0000000000000000  P1=0000000000000000  P2=0000000000000000
  rip=00007ffe1185cc70 rsp=000000daa1cff7e8 rbp=0000000000000000    ctxflags=0010001b
  cs=0033 ss=002b ds=0000 es=0000 fs=0000 gs=0000    eflags=00000200   mxcrx=00001f80
   P3=0000000000000000  P4=0000000000000000  P5=0000000000000000  P6=0000000000000000
  dr0=0000000000000000 dr1=0000000000000000 dr2=0000000000000000 dr3=0000000000000000
  dr6=0000000000000000 dr7=0000000000000000 vcr=0000000000000000 dcr=0000000000000000
  lbt=0000000000000000 lbf=0000000000000000 lxt=0000000000000000 lxf=0000000000000000
3144.2154: kernel32.dll: timestamp 0x87803e41 (rc=VINF_SUCCESS)
3144.2154: supR3HardenedWinSetupChildInit: Start child.
3144.2154: supR3HardNtChildWaitFor: Found expected request 0 (PurifyChildAndCloseHandles) after 0 ms.
3144.2154: supR3HardNtChildPurify: Startup delay kludge #1/0: 269 ms, 18 sleeps
3144.2154: supHardNtVpScanVirtualMemory: enmKind=CHILD_PURIFICATION
3144.2154:  *0000000000000000-000000007ffdffff 0x0001/0x0000 0x0000000
3144.2154:  *000000007ffe0000-000000007ffe0fff 0x0002/0x0002 0x0020000
3144.2154:   000000007ffe1000-000000007ffecfff 0x0001/0x0000 0x0000000
3144.2154:  *000000007ffed000-000000007ffedfff 0x0002/0x0002 0x0020000
3144.2154:   000000007ffee000-000000daa19fffff 0x0001/0x0000 0x0000000
3144.2154:  *000000daa1a00000-000000daa1a88fff 0x0000/0x0004 0x0020000
3144.2154:   000000daa1a89000-000000daa1a8bfff 0x0004/0x0004 0x0020000
3144.2154:   000000daa1a8c000-000000daa1bfffff 0x0000/0x0004 0x0020000
3144.2154:  *000000daa1c00000-000000daa1cfafff 0x0000/0x0004 0x0020000
3144.2154:   000000daa1cfb000-000000daa1cfdfff 0x0104/0x0004 0x0020000
3144.2154:   000000daa1cfe000-000000daa1cfffff 0x0004/0x0004 0x0020000
3144.2154:   000000daa1d00000-000002816ceeffff 0x0001/0x0000 0x0000000
3144.2154:  *000002816cef0000-000002816cf0ffff 0x0004/0x0004 0x0020000
3144.2154:  *000002816cf10000-000002816cf2cfff 0x0002/0x0002 0x0040000
3144.2154:   000002816cf2d000-000002816cf2ffff 0x0001/0x0000 0x0000000
3144.2154:  *000002816cf30000-000002816cf33fff 0x0002/0x0002 0x0040000
3144.2154:   000002816cf34000-000002816cf3ffff 0x0001/0x0000 0x0000000
3144.2154:  *000002816cf40000-000002816cf40fff 0x0002/0x0002 0x0040000
3144.2154:   000002816cf41000-000002816cf4ffff 0x0001/0x0000 0x0000000
3144.2154:  *000002816cf50000-000002816cf51fff 0x0004/0x0004 0x0020000
3144.2154:   000002816cf52000-00007df5da05ffff 0x0001/0x0000 0x0000000
3144.2154:  *00007df5da060000-00007df5da060fff 0x0002/0x0002 0x0040000
3144.2154:   00007df5da061000-00007df5da06ffff 0x0001/0x0000 0x0000000
3144.2154:  *00007df5da070000-00007df5da092fff 0x0002/0x0002 0x0040000
3144.2154:   00007df5da093000-00007df5da09ffff 0x0001/0x0000 0x0000000
3144.2154:  *00007df5da0a0000-00007df5dbdd1fff 0x0000/0x0001 0x0040000
3144.2154:   00007df5dbdd2000-00007df5dbdf1fff 0x0001/0x0001 0x0040000
3144.2154:   00007df5dbdf2000-00007df5dbe80fff 0x0000/0x0001 0x0040000
3144.2154:   00007df5dbe81000-00007df5dbe81fff 0x0001/0x0001 0x0040000
3144.2154:   00007df5dbe82000-00007ff5b392efff 0x0000/0x0001 0x0040000
3144.2154:   00007ff5b392f000-00007ff5b3933fff 0x0002/0x0001 0x0040000
3144.2154:   00007ff5b3934000-00007ff5ced67fff 0x0000/0x0001 0x0040000
3144.2154:   00007ff5ced68000-00007ff5d24fffff 0x0001/0x0001 0x0040000
3144.2154:   00007ff5d2500000-00007ff5d2508fff 0x0002/0x0001 0x0040000
3144.2154:   00007ff5d2509000-00007ff5da09ffff 0x0000/0x0001 0x0040000
3144.2154:   00007ff5da0a0000-00007ff6623effff 0x0001/0x0000 0x0000000
3144.2154:  *00007ff6623f0000-00007ff6623f0fff 0x0002/0x0080 0x1000000  \Device\HarddiskVolume3\Program Files\Oracle\VirtualBox\VirtualBoxVM.exe
3144.2154:   00007ff6623f1000-00007ff66245bfff 0x0020/0x0080 0x1000000  \Device\HarddiskVolume3\Program Files\Oracle\VirtualBox\VirtualBoxVM.exe
3144.2154:   00007ff66245c000-00007ff66245cfff 0x0080/0x0080 0x1000000  \Device\HarddiskVolume3\Program Files\Oracle\VirtualBox\VirtualBoxVM.exe
3144.2154:   00007ff66245d000-00007ff6624b1fff 0x0002/0x0080 0x1000000  \Device\HarddiskVolume3\Program Files\Oracle\VirtualBox\VirtualBoxVM.exe
3144.2154:   00007ff6624b2000-00007ff6624b2fff 0x0004/0x0080 0x1000000  \Device\HarddiskVolume3\Program Files\Oracle\VirtualBox\VirtualBoxVM.exe
3144.2154:   00007ff6624b3000-00007ff6624b3fff 0x0008/0x0080 0x1000000  \Device\HarddiskVolume3\Program Files\Oracle\VirtualBox\VirtualBoxVM.exe
3144.2154:   00007ff6624b4000-00007ff6624b9fff 0x0004/0x0080 0x1000000  \Device\HarddiskVolume3\Program Files\Oracle\VirtualBox\VirtualBoxVM.exe
3144.2154:   00007ff6624ba000-00007ff6624befff 0x0008/0x0080 0x1000000  \Device\HarddiskVolume3\Program Files\Oracle\VirtualBox\VirtualBoxVM.exe
3144.2154:   00007ff6624bf000-00007ff6624f9fff 0x0002/0x0080 0x1000000  \Device\HarddiskVolume3\Program Files\Oracle\VirtualBox\VirtualBoxVM.exe
3144.2154:   00007ff6624fa000-00007ffe1180ffff 0x0001/0x0000 0x0000000
3144.2154:  *00007ffe11810000-00007ffe11810fff 0x0002/0x0080 0x1000000  \Device\HarddiskVolume3\Windows\System32\ntdll.dll
3144.2154:   00007ffe11811000-00007ffe1192cfff 0x0020/0x0080 0x1000000  \Device\HarddiskVolume3\Windows\System32\ntdll.dll
3144.2154:   00007ffe1192d000-00007ffe11975fff 0x0002/0x0080 0x1000000  \Device\HarddiskVolume3\Windows\System32\ntdll.dll
3144.2154:   00007ffe11976000-00007ffe11981fff 0x0008/0x0080 0x1000000  \Device\HarddiskVolume3\Windows\System32\ntdll.dll
3144.2154:   00007ffe11982000-00007ffe11990fff 0x0002/0x0080 0x1000000  \Device\HarddiskVolume3\Windows\System32\ntdll.dll
3144.2154:   00007ffe11991000-00007ffe11991fff 0x0004/0x0080 0x1000000  \Device\HarddiskVolume3\Windows\System32\ntdll.dll
3144.2154:   00007ffe11992000-00007ffe11994fff 0x0008/0x0080 0x1000000  \Device\HarddiskVolume3\Windows\System32\ntdll.dll
3144.2154:   00007ffe11995000-00007ffe11a07fff 0x0002/0x0080 0x1000000  \Device\HarddiskVolume3\Windows\System32\ntdll.dll
3144.2154:   00007ffe11a08000-00007ffffffeffff 0x0001/0x0000 0x0000000
3144.2154: VirtualBoxVM.exe: timestamp 0x68c1bc1a (rc=VINF_SUCCESS)
3144.2154: '\Device\HarddiskVolume3\Program Files\Oracle\VirtualBox\VirtualBoxVM.exe' has no imports
3144.2154: VirtualBoxVM.exe: Differences in section #8 (.rsrc) between file and memory:
3144.2154:   00007ff6624f7b70 / 0x0107b70: 00 != 50
3144.2154:   00007ff6624f7b71 / 0x0107b71: 00 != 41
3144.2154:   00007ff6624f7b72 / 0x0107b72: 00 != 44
3144.2154:   00007ff6624f7b73 / 0x0107b73: 00 != 44
3144.2154:   00007ff6624f7b74 / 0x0107b74: 00 != 49
3144.2154:   00007ff6624f7b75 / 0x0107b75: 00 != 4e
3144.2154:   00007ff6624f7b76 / 0x0107b76: 00 != 47
3144.2154:   00007ff6624f7b77 / 0x0107b77: 00 != 58
3144.2154:   00007ff6624f7b78 / 0x0107b78: 00 != 58
3144.2154:   00007ff6624f7b79 / 0x0107b79: 00 != 50
3144.2154:   00007ff6624f7b7a / 0x0107b7a: 00 != 41
3144.2154:   00007ff6624f7b7b / 0x0107b7b: 00 != 44
3144.2154:   00007ff6624f7b7c / 0x0107b7c: 00 != 44
3144.2154:   00007ff6624f7b7d / 0x0107b7d: 00 != 49
3144.2154:   00007ff6624f7b7e / 0x0107b7e: 00 != 4e
3144.2154:   00007ff6624f7b7f / 0x0107b7f: 00 != 47
3144.2154:   00007ff6624f7b80 / 0x0107b80: 00 != 50
3144.2154:   00007ff6624f7b81 / 0x0107b81: 00 != 41
3144.2154:   00007ff6624f7b82 / 0x0107b82: 00 != 44
3144.2154:   00007ff6624f7b83 / 0x0107b83: 00 != 44
3144.2154:   00007ff6624f7b84 / 0x0107b84: 00 != 49
3144.2154:   00007ff6624f7b85 / 0x0107b85: 00 != 4e
3144.2154:   00007ff6624f7b86 / 0x0107b86: 00 != 47
3144.2154:   00007ff6624f7b87 / 0x0107b87: 00 != 58
3144.2154:   00007ff6624f7b88 / 0x0107b88: 00 != 58
3144.2154:   00007ff6624f7b89 / 0x0107b89: 00 != 50
3144.2154:   00007ff6624f7b8a / 0x0107b8a: 00 != 41
3144.2154:   00007ff6624f7b8b / 0x0107b8b: 00 != 44
3144.2154:   00007ff6624f7b8c / 0x0107b8c: 00 != 44
3144.2154:   00007ff6624f7b8d / 0x0107b8d: 00 != 49
3144.2154:   00007ff6624f7b8e / 0x0107b8e: 00 != 4e
3144.2154:   00007ff6624f7b8f / 0x0107b8f: 00 != 47
3144.2154:   00007ff6624f7b90 / 0x0107b90: 00 != 50
3144.2154:   00007ff6624f7b91 / 0x0107b91: 00 != 41
3144.2154:   00007ff6624f7b92 / 0x0107b92: 00 != 44
3144.2154:   00007ff6624f7b93 / 0x0107b93: 00 != 44
3144.2154:   00007ff6624f7b94 / 0x0107b94: 00 != 49
3144.2154:   00007ff6624f7b95 / 0x0107b95: 00 != 4e
3144.2154:   00007ff6624f7b96 / 0x0107b96: 00 != 47
3144.2154:   00007ff6624f7b97 / 0x0107b97: 00 != 58
3144.2154:   00007ff6624f7b98 / 0x0107b98: 00 != 58
3144.2154:   00007ff6624f7b99 / 0x0107b99: 00 != 50
3144.2154:   00007ff6624f7b9a / 0x0107b9a: 00 != 41
3144.2154:   00007ff6624f7b9b / 0x0107b9b: 00 != 44
3144.2154:   00007ff6624f7b9c / 0x0107b9c: 00 != 44
3144.2154:   00007ff6624f7b9d / 0x0107b9d: 00 != 49
3144.2154:   00007ff6624f7b9e / 0x0107b9e: 00 != 4e
3144.2154:   00007ff6624f7b9f / 0x0107b9f: 00 != 47
3144.2154:   00007ff6624f7ba0 / 0x0107ba0: 00 != 50
3144.2154:   00007ff6624f7ba1 / 0x0107ba1: 00 != 41
3144.2154:   00007ff6624f7ba2 / 0x0107ba2: 00 != 44
3144.2154:   00007ff6624f7ba3 / 0x0107ba3: 00 != 44
3144.2154:   00007ff6624f7ba4 / 0x0107ba4: 00 != 49
3144.2154:   00007ff6624f7ba5 / 0x0107ba5: 00 != 4e
3144.2154:   00007ff6624f7ba6 / 0x0107ba6: 00 != 47
3144.2154:   00007ff6624f7ba7 / 0x0107ba7: 00 != 58
3144.2154:   00007ff6624f7ba8 / 0x0107ba8: 00 != 58
3144.2154:   00007ff6624f7ba9 / 0x0107ba9: 00 != 50
3144.2154:   00007ff6624f7baa / 0x0107baa: 00 != 41
3144.2154:   00007ff6624f7bab / 0x0107bab: 00 != 44
3144.2154:   00007ff6624f7bac / 0x0107bac: 00 != 44
3144.2154:   00007ff6624f7bad / 0x0107bad: 00 != 49
3144.2154:   00007ff6624f7bae / 0x0107bae: 00 != 4e
3144.2154:   00007ff6624f7baf / 0x0107baf: 00 != 47
3144.2154:   00007ff6624f7bb0 / 0x0107bb0: 00 != 50
3144.2154:   00007ff6624f7bb1 / 0x0107bb1: 00 != 41
3144.2154:   00007ff6624f7bb2 / 0x0107bb2: 00 != 44
3144.2154:   00007ff6624f7bb3 / 0x0107bb3: 00 != 44
3144.2154:   00007ff6624f7bb4 / 0x0107bb4: 00 != 49
3144.2154:   00007ff6624f7bb5 / 0x0107bb5: 00 != 4e
3144.2154:   00007ff6624f7bb6 / 0x0107bb6: 00 != 47
3144.2154:   00007ff6624f7bb7 / 0x0107bb7: 00 != 58
3144.2154:   00007ff6624f7bb8 / 0x0107bb8: 00 != 58
3144.2154:   00007ff6624f7bb9 / 0x0107bb9: 00 != 50
3144.2154:   00007ff6624f7bba / 0x0107bba: 00 != 41
3144.2154:   00007ff6624f7bbb / 0x0107bbb: 00 != 44
3144.2154:   00007ff6624f7bbc / 0x0107bbc: 00 != 44
3144.2154:   00007ff6624f7bbd / 0x0107bbd: 00 != 49
3144.2154:   00007ff6624f7bbe / 0x0107bbe: 00 != 4e
3144.2154:   00007ff6624f7bbf / 0x0107bbf: 00 != 47
3144.2154:   00007ff6624f7bc0 / 0x0107bc0: 00 != 50
3144.2154:   00007ff6624f7bc1 / 0x0107bc1: 00 != 41
3144.2154:   00007ff6624f7bc2 / 0x0107bc2: 00 != 44
3144.2154:   00007ff6624f7bc3 / 0x0107bc3: 00 != 44
3144.2154:   00007ff6624f7bc4 / 0x0107bc4: 00 != 49
3144.2154:   00007ff6624f7bc5 / 0x0107bc5: 00 != 4e
3144.2154:   00007ff6624f7bc6 / 0x0107bc6: 00 != 47
3144.2154:   00007ff6624f7bc7 / 0x0107bc7: 00 != 58
3144.2154:   00007ff6624f7bc8 / 0x0107bc8: 00 != 58
3144.2154:   00007ff6624f7bc9 / 0x0107bc9: 00 != 50
3144.2154:   00007ff6624f7bca / 0x0107bca: 00 != 41
3144.2154:   00007ff6624f7bcb / 0x0107bcb: 00 != 44
3144.2154:   00007ff6624f7bcc / 0x0107bcc: 00 != 44
3144.2154:   00007ff6624f7bcd / 0x0107bcd: 00 != 49
3144.2154:   00007ff6624f7bce / 0x0107bce: 00 != 4e
3144.2154:   00007ff6624f7bcf / 0x0107bcf: 00 != 47
3144.2154:   00007ff6624f7bd0 / 0x0107bd0: 00 != 50
3144.2154:   00007ff6624f7bd1 / 0x0107bd1: 00 != 41
3144.2154:   00007ff6624f7bd2 / 0x0107bd2: 00 != 44
3144.2154:   00007ff6624f7bd3 / 0x0107bd3: 00 != 44
3144.2154:   00007ff6624f7bd4 / 0x0107bd4: 00 != 49
3144.2154:   00007ff6624f7bd5 / 0x0107bd5: 00 != 4e
3144.2154:   00007ff6624f7bd6 / 0x0107bd6: 00 != 47
3144.2154:   00007ff6624f7bd7 / 0x0107bd7: 00 != 58
3144.2154:   00007ff6624f7bd8 / 0x0107bd8: 00 != 58
3144.2154:   00007ff6624f7bd9 / 0x0107bd9: 00 != 50
3144.2154:   00007ff6624f7bda / 0x0107bda: 00 != 41
3144.2154:   00007ff6624f7bdb / 0x0107bdb: 00 != 44
3144.2154:   00007ff6624f7bdc / 0x0107bdc: 00 != 44
3144.2154:   00007ff6624f7bdd / 0x0107bdd: 00 != 49
3144.2154:   00007ff6624f7bde / 0x0107bde: 00 != 4e
3144.2154:   00007ff6624f7bdf / 0x0107bdf: 00 != 47
3144.2154:   00007ff6624f7be0 / 0x0107be0: 00 != 50
3144.2154:   00007ff6624f7be1 / 0x0107be1: 00 != 41
3144.2154:   00007ff6624f7be2 / 0x0107be2: 00 != 44
3144.2154:   00007ff6624f7be3 / 0x0107be3: 00 != 44
3144.2154:   00007ff6624f7be4 / 0x0107be4: 00 != 49
3144.2154:   00007ff6624f7be5 / 0x0107be5: 00 != 4e
3144.2154:   00007ff6624f7be6 / 0x0107be6: 00 != 47
3144.2154:   00007ff6624f7be7 / 0x0107be7: 00 != 58
3144.2154:   00007ff6624f7be8 / 0x0107be8: 00 != 58
3144.2154:   00007ff6624f7be9 / 0x0107be9: 00 != 50
3144.2154:   00007ff6624f7bea / 0x0107bea: 00 != 41
3144.2154:   00007ff6624f7beb / 0x0107beb: 00 != 44
3144.2154:   00007ff6624f7bec / 0x0107bec: 00 != 44
3144.2154:   00007ff6624f7bed / 0x0107bed: 00 != 49
3144.2154:   00007ff6624f7bee / 0x0107bee: 00 != 4e
3144.2154:   00007ff6624f7bef / 0x0107bef: 00 != 47
3144.2154:   00007ff6624f7bf0 / 0x0107bf0: 00 != 50
3144.2154:   00007ff6624f7bf1 / 0x0107bf1: 00 != 41
3144.2154:   00007ff6624f7bf2 / 0x0107bf2: 00 != 44
3144.2154:   00007ff6624f7bf3 / 0x0107bf3: 00 != 44
3144.2154:   00007ff6624f7bf4 / 0x0107bf4: 00 != 49
3144.2154:   00007ff6624f7bf5 / 0x0107bf5: 00 != 4e
3144.2154:   00007ff6624f7bf6 / 0x0107bf6: 00 != 47
3144.2154:   00007ff6624f7bf7 / 0x0107bf7: 00 != 58
3144.2154:   00007ff6624f7bf8 / 0x0107bf8: 00 != 58
3144.2154:   00007ff6624f7bf9 / 0x0107bf9: 00 != 50
3144.2154:   00007ff6624f7bfa / 0x0107bfa: 00 != 41
3144.2154:   00007ff6624f7bfb / 0x0107bfb: 00 != 44
3144.2154:   00007ff6624f7bfc / 0x0107bfc: 00 != 44
3144.2154:   00007ff6624f7bfd / 0x0107bfd: 00 != 49
3144.2154:   00007ff6624f7bfe / 0x0107bfe: 00 != 4e
3144.2154:   00007ff6624f7bff / 0x0107bff: 00 != 47
3144.2154:   Restored 0x490 bytes of original file content at 00007ff6624f7b70
3144.2154: '\Device\HarddiskVolume3\Windows\System32\ntdll.dll' has no imports
3144.2154: supR3HardNtChildPurify: cFixes=1 g_fSupAdversaries=0x80000000
3144.2154: supR3HardNtChildPurify: Startup delay kludge #1/1: 514 ms, 33 sleeps
3144.2154: supHardNtVpScanVirtualMemory: enmKind=CHILD_PURIFICATION
3144.2154:  *0000000000000000-000000007ffdffff 0x0001/0x0000 0x0000000
3144.2154:  *000000007ffe0000-000000007ffe0fff 0x0002/0x0002 0x0020000
3144.2154:   000000007ffe1000-000000007ffecfff 0x0001/0x0000 0x0000000
3144.2154:  *000000007ffed000-000000007ffedfff 0x0002/0x0002 0x0020000
3144.2154:   000000007ffee000-000000daa19fffff 0x0001/0x0000 0x0000000
3144.2154:  *000000daa1a00000-000000daa1a88fff 0x0000/0x0004 0x0020000
3144.2154:   000000daa1a89000-000000daa1a8bfff 0x0004/0x0004 0x0020000
3144.2154:   000000daa1a8c000-000000daa1bfffff 0x0000/0x0004 0x0020000
3144.2154:  *000000daa1c00000-000000daa1cfafff 0x0000/0x0004 0x0020000
3144.2154:   000000daa1cfb000-000000daa1cfdfff 0x0104/0x0004 0x0020000
3144.2154:   000000daa1cfe000-000000daa1cfffff 0x0004/0x0004 0x0020000
3144.2154:   000000daa1d00000-000002816ceeffff 0x0001/0x0000 0x0000000
3144.2154:  *000002816cef0000-000002816cf0ffff 0x0004/0x0004 0x0020000
3144.2154:  *000002816cf10000-000002816cf2cfff 0x0002/0x0002 0x0040000
3144.2154:   000002816cf2d000-000002816cf2ffff 0x0001/0x0000 0x0000000
3144.2154:  *000002816cf30000-000002816cf33fff 0x0002/0x0002 0x0040000
3144.2154:   000002816cf34000-000002816cf3ffff 0x0001/0x0000 0x0000000
3144.2154:  *000002816cf40000-000002816cf40fff 0x0002/0x0002 0x0040000
3144.2154:   000002816cf41000-000002816cf4ffff 0x0001/0x0000 0x0000000
3144.2154:  *000002816cf50000-000002816cf51fff 0x0004/0x0004 0x0020000
3144.2154:   000002816cf52000-00007df5da05ffff 0x0001/0x0000 0x0000000
3144.2154:  *00007df5da060000-00007df5da060fff 0x0002/0x0002 0x0040000
3144.2154:   00007df5da061000-00007df5da06ffff 0x0001/0x0000 0x0000000
3144.2154:  *00007df5da070000-00007df5da092fff 0x0002/0x0002 0x0040000
3144.2154:   00007df5da093000-00007df5da09ffff 0x0001/0x0000 0x0000000
3144.2154:  *00007df5da0a0000-00007df5dbdd1fff 0x0000/0x0001 0x0040000
3144.2154:   00007df5dbdd2000-00007df5dbdf1fff 0x0001/0x0001 0x0040000
3144.2154:   00007df5dbdf2000-00007df5dbe80fff 0x0000/0x0001 0x0040000
3144.2154:   00007df5dbe81000-00007df5dbe81fff 0x0001/0x0001 0x0040000
3144.2154:   00007df5dbe82000-00007ff5b392efff 0x0000/0x0001 0x0040000
3144.2154:   00007ff5b392f000-00007ff5b3933fff 0x0002/0x0001 0x0040000
3144.2154:   00007ff5b3934000-00007ff5ced67fff 0x0000/0x0001 0x0040000
3144.2154:   00007ff5ced68000-00007ff5d24fffff 0x0001/0x0001 0x0040000
3144.2154:   00007ff5d2500000-00007ff5d2508fff 0x0002/0x0001 0x0040000
3144.2154:   00007ff5d2509000-00007ff5da09ffff 0x0000/0x0001 0x0040000
3144.2154:   00007ff5da0a0000-00007ff6623effff 0x0001/0x0000 0x0000000
3144.2154:  *00007ff6623f0000-00007ff6623f0fff 0x0002/0x0080 0x1000000  \Device\HarddiskVolume3\Program Files\Oracle\VirtualBox\VirtualBoxVM.exe
3144.2154:   00007ff6623f1000-00007ff66245bfff 0x0020/0x0080 0x1000000  \Device\HarddiskVolume3\Program Files\Oracle\VirtualBox\VirtualBoxVM.exe
3144.2154:   00007ff66245c000-00007ff66245cfff 0x0040/0x0080 0x1000000  \Device\HarddiskVolume3\Program Files\Oracle\VirtualBox\VirtualBoxVM.exe
3144.2154:   00007ff66245d000-00007ff6624b1fff 0x0002/0x0080 0x1000000  \Device\HarddiskVolume3\Program Files\Oracle\VirtualBox\VirtualBoxVM.exe
3144.2154:   00007ff6624b2000-00007ff6624befff 0x0004/0x0080 0x1000000  \Device\HarddiskVolume3\Program Files\Oracle\VirtualBox\VirtualBoxVM.exe
3144.2154:   00007ff6624bf000-00007ff6624f9fff 0x0002/0x0080 0x1000000  \Device\HarddiskVolume3\Program Files\Oracle\VirtualBox\VirtualBoxVM.exe
3144.2154:   00007ff6624fa000-00007ffe1180ffff 0x0001/0x0000 0x0000000
3144.2154:  *00007ffe11810000-00007ffe11810fff 0x0002/0x0080 0x1000000  \Device\HarddiskVolume3\Windows\System32\ntdll.dll
3144.2154:   00007ffe11811000-00007ffe1192cfff 0x0020/0x0080 0x1000000  \Device\HarddiskVolume3\Windows\System32\ntdll.dll
3144.2154:   00007ffe1192d000-00007ffe11975fff 0x0002/0x0080 0x1000000  \Device\HarddiskVolume3\Windows\System32\ntdll.dll
3144.2154:   00007ffe11976000-00007ffe11979fff 0x0008/0x0080 0x1000000  \Device\HarddiskVolume3\Windows\System32\ntdll.dll
3144.2154:   00007ffe1197a000-00007ffe11981fff 0x0004/0x0080 0x1000000  \Device\HarddiskVolume3\Windows\System32\ntdll.dll
3144.2154:   00007ffe11982000-00007ffe11990fff 0x0002/0x0080 0x1000000  \Device\HarddiskVolume3\Windows\System32\ntdll.dll
3144.2154:   00007ffe11991000-00007ffe11991fff 0x0004/0x0080 0x1000000  \Device\HarddiskVolume3\Windows\System32\ntdll.dll
3144.2154:   00007ffe11992000-00007ffe11994fff 0x0008/0x0080 0x1000000  \Device\HarddiskVolume3\Windows\System32\ntdll.dll
3144.2154:   00007ffe11995000-00007ffe11a07fff 0x0002/0x0080 0x1000000  \Device\HarddiskVolume3\Windows\System32\ntdll.dll
3144.2154:   00007ffe11a08000-00007ffffffeffff 0x0001/0x0000 0x0000000
3144.2154: supR3HardNtChildPurify: Done after 875 ms and 1 fixes (loop #1).
3144.2154: supR3HardenedEarlyCompact: Removed heap 1 (0x0001e9a8b10000 LB 0x400000)
840.1864: supR3HardenedVmProcessInit: uNtDllAddr=00007ffe11810000 g_uNtVerCombined=0xa04a6500 (stack ~000000daa1cfe5c0)
3144.2154: supR3HardNtEnableThreadCreationEx:
840.1864: ntdll.dll: timestamp 0x688f8c4b (rc=VINF_SUCCESS)
840.1864: New simple heap: #1 000002816d060000 LB 0x400000 (for 2064384 allocation)
840.1864: supR3HardenedWinInitAppBin(0x0): '\Device\HarddiskVolume3\Program Files\Oracle\VirtualBox'
840.1864: System32:  \Device\HarddiskVolume3\Windows\System32
840.1864: WinSxS:    \Device\HarddiskVolume3\Windows\WinSxS
840.1864: KnownDllPath: C:\Windows\System32
840.1864: supR3HardenedVmProcessInit: Opening vboxsup...
840.1864: supR3HardenedVmProcessInit: Restoring LdrInitializeThunk...
840.1864: supR3HardenedVmProcessInit: Returning to LdrInitializeThunk...
840.1864: Registered Dll notification callback with NTDLL.
840.1864: supHardenedWinVerifyImageByHandle: -> 0 (\Device\HarddiskVolume3\Windows\System32\kernel32.dll)
840.1864: supR3HardenedWinVerifyCacheInsert: \Device\HarddiskVolume3\Windows\System32\kernel32.dll
840.1864: supR3HardenedMonitor_LdrLoadDll: pName=C:\Windows\System32\KERNEL32.DLL (Input=KERNEL32.DLL, rcNtResolve=0xc0150008) *pfFlags=0xffffffff pwszSearchPath=0000000000004001:<flags> [calling]
840.1864: supR3HardenedDllNotificationCallback: load   00007ffe0eeb0000 LB 0x002fe000 C:\Windows\System32\KERNELBASE.dll [fFlags=0x0]
840.1864: supHardenedWinVerifyImageByHandle: -> 0 (\Device\HarddiskVolume3\Windows\System32\KernelBase.dll)
840.1864: supR3HardenedWinVerifyCacheInsert: \Device\HarddiskVolume3\Windows\System32\KernelBase.dll
840.1864: supR3HardenedDllNotificationCallback: load   00007ffe11530000 LB 0x000c2000 C:\Windows\System32\KERNEL32.DLL [fFlags=0x0]
840.1864: supR3HardenedScreenImage/LdrLoadDll: cache hit (VINF_SUCCESS) on \Device\HarddiskVolume3\Windows\System32\kernel32.dll [lacks WinVerifyTrust]
840.1864: supR3HardenedMonitor_LdrLoadDll: returns rcNt=0x0 hMod=00007ffe11530000 'C:\Windows\System32\KERNEL32.DLL'
840.1864: supR3HardenedDllNotificationCallback: load   00007ff6623f0000 LB 0x0010a000 C:\Program Files\Oracle\VirtualBox\VirtualBoxVM.exe [fFlags=0x0]
840.1864: '\Device\HarddiskVolume3\Program Files\Oracle\VirtualBox\VirtualBoxVM.exe' has no imports
840.1864: supHardenedWinVerifyImageByHandle: -> 0 (\Device\HarddiskVolume3\Program Files\Oracle\VirtualBox\VirtualBoxVM.exe)
840.1864: supR3HardenedWinVerifyCacheInsert: \Device\HarddiskVolume3\Program Files\Oracle\VirtualBox\VirtualBoxVM.exe
840.1864: supR3HardNtDisableThreadCreation: pvLdrInitThunk=00007ffe11885c10 pvNtTerminateThread=00007ffe118adf40 g_LdrInitThunkSelfBackup.cb=0
840.1864: supR3HardNtDisableThreadCreationEx: Backup=40 53 48 83 ec 20 48 8b d9 e8 1a 00 00 00 b2 01
3144.2154: supR3HardNtChildWaitFor: Found expected request 1 (CloseEvents) after 192 ms.
840.1864: \SystemRoot\System32\ntdll.dll:
840.1864:     CreationTime:    2024-11-18T09:52:17.619384100Z
840.1864:     LastWriteTime:   2024-11-18T09:52:17.718707600Z
840.1864:     ChangeTime:      2024-12-26T01:38:22.164937200Z
840.1864:     FileAttributes:  0x20
840.1864:     Size:            0x1ef640
840.1864:     NT Headers:      0xe8
840.1864:     Timestamp:       0x688f8c4b
840.1864:     Machine:         0x8664 - amd64
840.1864:     Timestamp:       0x688f8c4b
840.1864:     Image Version:   10.0
840.1864:     SizeOfImage:     0x1f8000 (2064384)
840.1864:     Resource Dir:    0x186000 LB 0x70508
840.1864:     [Version info resource found at 0xd8! (ID/Name: 0x1; SubID/SubName: 0x409)]
840.1864:     [Raw version resource data: 0x1860f0 LB 0x380, codepage 0x0 (reserved 0x0)]
840.1864:     ProductName:     Microsoft® Windows® Operating System
840.1864:     ProductVersion:  10.0.19041.5007
840.1864:     FileVersion:     10.0.19041.5007 (WinBuild.160101.0800)
840.1864:     FileDescription: NT Layer DLL
840.1864: \SystemRoot\System32\kernel32.dll:
840.1864:     CreationTime:    2024-12-26T01:33:22.784355600Z
840.1864:     LastWriteTime:   2024-12-26T01:33:22.846854400Z
840.1864:     ChangeTime:      2024-12-26T01:42:20.547004200Z
840.1864:     FileAttributes:  0x20
840.1864:     Size:            0xbf588
840.1864:     NT Headers:      0xf8
840.1864:     Timestamp:       0x87803e41
840.1864:     Machine:         0x8664 - amd64
840.1864:     Timestamp:       0x87803e41
840.1864:     Image Version:   10.0
840.1864:     SizeOfImage:     0xc2000 (794624)
840.1864:     Resource Dir:    0xc0000 LB 0x520
840.1864:     [Version info resource found at 0x90! (ID/Name: 0x1; SubID/SubName: 0x409)]
840.1864:     [Raw version resource data: 0xc00b0 LB 0x3a4, codepage 0x0 (reserved 0x0)]
840.1864:     ProductName:     Microsoft® Windows® Operating System
840.1864:     ProductVersion:  10.0.19041.5198
840.1864:     FileVersion:     10.0.19041.5198 (WinBuild.160101.0800)
840.1864:     FileDescription: Windows NT BASE API Client DLL
840.1864: \SystemRoot\System32\KernelBase.dll:
840.1864:     CreationTime:    2024-12-26T01:33:04.222502600Z
840.1864:     LastWriteTime:   2024-12-26T01:33:04.519340400Z
840.1864:     ChangeTime:      2024-12-26T01:42:23.515631700Z
840.1864:     FileAttributes:  0x20
840.1864:     Size:            0x2ff3c8
840.1864:     NT Headers:      0x100
840.1864:     Timestamp:       0xd1eefc71
840.1864:     Machine:         0x8664 - amd64
840.1864:     Timestamp:       0xd1eefc71
840.1864:     Image Version:   10.0
840.1864:     SizeOfImage:     0x2fe000 (3137536)
840.1864:     Resource Dir:    0x2d4000 LB 0x548
840.1864:     [Version info resource found at 0x90! (ID/Name: 0x1; SubID/SubName: 0x409)]
840.1864:     [Raw version resource data: 0x2d40b0 LB 0x3bc, codepage 0x0 (reserved 0x0)]
840.1864:     ProductName:     Microsoft® Windows® Operating System
840.1864:     ProductVersion:  10.0.19041.5198
840.1864:     FileVersion:     10.0.19041.5198 (WinBuild.160101.0800)
840.1864:     FileDescription: Windows NT BASE API Client DLL
840.1864: \SystemRoot\System32\apisetschema.dll:
840.1864:     CreationTime:    2024-11-18T09:49:33.584394400Z
840.1864:     LastWriteTime:   2024-11-18T09:49:33.602420500Z
840.1864:     ChangeTime:      2024-12-26T01:38:15.665157900Z
840.1864:     FileAttributes:  0x20
840.1864:     Size:            0x1f970
840.1864:     NT Headers:      0xd0
840.1864:     Timestamp:       0x818769b5
840.1864:     Machine:         0x8664 - amd64
840.1864:     Timestamp:       0x818769b5
840.1864:     Image Version:   10.0
840.1864:     SizeOfImage:     0x20000 (131072)
840.1864:     Resource Dir:    0x1f000 LB 0x408
840.1864:     [Version info resource found at 0x48! (ID/Name: 0x1; SubID/SubName: 0x409)]
840.1864:     [Raw version resource data: 0x1f060 LB 0x3a8, codepage 0x0 (reserved 0x0)]
840.1864:     ProductName:     Microsoft® Windows® Operating System
840.1864:     ProductVersion:  10.0.19041.3996
840.1864:     FileVersion:     10.0.19041.3996 (WinBuild.160101.0800)
840.1864:     FileDescription: ApiSet Schema DLL
840.1864: NtOpenDirectoryObject failed on \Driver: 0xc0000022
840.1864: supR3HardenedWinFindAdversaries: 0x0
840.1864: supR3HardenedWinInitAppBin(0x0): '\Device\HarddiskVolume3\Program Files\Oracle\VirtualBox'
840.1864: Calling main()
840.1864: SUPR3HardenedMain: pszProgName=VirtualBoxVM fFlags=0x2
840.1864: supR3HardenedWinInitAppBin(0x2): '\Device\HarddiskVolume3\Program Files\Oracle\VirtualBox'
840.1864: '\Device\HarddiskVolume3\Program Files\Oracle\VirtualBox\VirtualBoxVM.exe' has no imports
840.1864: supHardenedWinVerifyImageByHandle: -> 0 (\Device\HarddiskVolume3\Program Files\Oracle\VirtualBox\VirtualBoxVM.exe)
840.1864: SUPR3HardenedMain: Final process, opening VBoxDrv...
840.1864: supR3HardenedEarlyCompact: Removed heap 1 (0x0002816d060000 LB 0x400000)
840.1864: supR3HardNtEnableThreadCreationEx:
840.1864: supHardenedWinVerifyImageByHandle: -> 0 (\Device\HarddiskVolume3\Program Files\Oracle\VirtualBox\VBoxSupLib.dll)
840.1864: supR3HardenedWinVerifyCacheInsert: \Device\HarddiskVolume3\Program Files\Oracle\VirtualBox\VBoxSupLib.dll
840.1864: supR3HardenedMonitor_LdrLoadDll: pName=C:\Program Files\Oracle\VirtualBox\VBoxSupLib.DLL (rcNtResolve=0xc0150008) *pfFlags=0x0 pwszSearchPath=0000000000000801:<flags> [calling]
840.1864: supR3HardenedScreenImage/NtCreateSection: cache hit (VINF_SUCCESS) on \Device\HarddiskVolume3\Program Files\Oracle\VirtualBox\VBoxSupLib.dll [lacks WinVerifyTrust]
840.1864: supR3HardenedDllNotificationCallback: load   00007ffe08e20000 LB 0x00005000 C:\Program Files\Oracle\VirtualBox\VBoxSupLib.DLL [fFlags=0x0]
840.1864: supR3HardenedScreenImage/LdrLoadDll: cache hit (VINF_SUCCESS) on \Device\HarddiskVolume3\Program Files\Oracle\VirtualBox\VBoxSupLib.dll [lacks WinVerifyTrust]
840.1864: supR3HardenedScreenImage/LdrLoadDll: cache hit (VINF_SUCCESS) on \Device\HarddiskVolume3\Program Files\Oracle\VirtualBox\VBoxSupLib.dll [lacks WinVerifyTrust]
840.1864: supR3HardenedMonitor_LdrLoadDll: pName=C:\Program Files\Oracle\VirtualBox\VBoxSupLib.DLL (rcNtResolve=0xc0150008) *pfFlags=0x0 pwszSearchPath=0000000000000001:<flags> [calling]
840.1864: supR3HardenedMonitor_LdrLoadDll: returns rcNt=0x0 hMod=00007ffe08e20000 'C:\Program Files\Oracle\VirtualBox\VBoxSupLib.DLL'
840.1864: supR3HardenedScreenImage/LdrLoadDll: cache hit (VINF_SUCCESS) on \Device\HarddiskVolume3\Program Files\Oracle\VirtualBox\VBoxSupLib.dll [lacks WinVerifyTrust]
840.1864: supR3HardenedMonitor_LdrLoadDll: pName=C:\Program Files\Oracle\VirtualBox\VBoxSupLib.DLL (rcNtResolve=0xc0150008) *pfFlags=0x0 pwszSearchPath=0000000000000001:<flags> [calling]
840.1864: supR3HardenedMonitor_LdrLoadDll: returns rcNt=0x0 hMod=00007ffe08e20000 'C:\Program Files\Oracle\VirtualBox\VBoxSupLib.DLL'
840.1864: supR3HardenedMonitor_LdrLoadDll: returns rcNt=0x0 hMod=00007ffe08e20000 'C:\Program Files\Oracle\VirtualBox\VBoxSupLib.DLL'
840.1864: supR3HardenedWinVerifyCacheScheduleImports: Import todo: #0 'msvcrt.dll'.
840.1864: supR3HardenedWinVerifyCacheScheduleImports: Import todo: #29 'rpcrt4.dll'.
840.1864: supHardenedWinVerifyImageByHandle: -> 0 (\Device\HarddiskVolume3\Windows\System32\wintrust.dll)
840.1864: supR3HardenedWinVerifyCacheInsert: \Device\HarddiskVolume3\Windows\System32\wintrust.dll
840.1864: supR3HardenedWinVerifyCacheProcessImportTodos: Processing 'rpcrt4.dll'...
840.1864: supR3HardenedWinVerifyCacheProcessImportTodos: 'rpcrt4.dll' -> '\Device\HarddiskVolume3\Windows\System32\rpcrt4.dll' [rcNtRedir=0xc0150008]
840.1864: supHardenedWinVerifyImageByHandle: -> 0 (\Device\HarddiskVolume3\Windows\System32\rpcrt4.dll)
840.1864: supR3HardenedWinVerifyCacheInsert: \Device\HarddiskVolume3\Windows\System32\rpcrt4.dll
840.1864: supR3HardenedWinVerifyCacheProcessImportTodos: Processing 'msvcrt.dll'...
840.1864: supR3HardenedWinVerifyCacheProcessImportTodos: 'msvcrt.dll' -> '\Device\HarddiskVolume3\Windows\System32\msvcrt.dll' [rcNtRedir=0xc0150008]
840.1864: supHardenedWinVerifyImageByHandle: -> 0 (\Device\HarddiskVolume3\Windows\System32\msvcrt.dll)
840.1864: supR3HardenedWinVerifyCacheInsert: \Device\HarddiskVolume3\Windows\System32\msvcrt.dll
840.1864: supR3HardenedMonitor_LdrLoadDll: pName=C:\Windows\system32\Wintrust.dll (rcNtResolve=0xc0150008) *pfFlags=0x0 pwszSearchPath=0000000000000801:<flags> [calling]
840.1864: supR3HardenedDllNotificationCallback: load   00007ffe11460000 LB 0x0009e000 C:\Windows\System32\msvcrt.dll [fFlags=0x0]
840.1864: supR3HardenedScreenImage/LdrLoadDll: cache hit (VINF_SUCCESS) on \Device\HarddiskVolume3\Windows\System32\msvcrt.dll [lacks WinVerifyTrust]
840.1864: supR3HardenedDllNotificationCallback: load   00007ffe116a0000 LB 0x00123000 C:\Windows\System32\RPCRT4.dll [fFlags=0x0]
840.1864: supR3HardenedScreenImage/LdrLoadDll: cache hit (VINF_SUCCESS) on \Device\HarddiskVolume3\Windows\System32\rpcrt4.dll [lacks WinVerifyTrust]
840.1864: supR3HardenedDllNotificationCallback: load   00007ffe0f480000 LB 0x00069000 C:\Windows\System32\Wintrust.dll [fFlags=0x0]
840.1864: supR3HardenedScreenImage/LdrLoadDll: cache hit (VINF_SUCCESS) on \Device\HarddiskVolume3\Windows\System32\wintrust.dll [lacks WinVerifyTrust]
840.1864: supR3HardenedDllNotificationCallback: load   00007ffe0f1b0000 LB 0x00100000 C:\Windows\System32\ucrtbase.dll [fFlags=0x0]
840.1864: supHardenedWinVerifyImageByHandle: -> 0 (\Device\HarddiskVolume3\Windows\System32\ucrtbase.dll)
840.1864: supR3HardenedWinVerifyCacheInsert: \Device\HarddiskVolume3\Windows\System32\ucrtbase.dll
840.1864: supR3HardenedDllNotificationCallback: load   00007ffe0f6d0000 LB 0x0015c000 C:\Windows\System32\CRYPT32.dll [fFlags=0x0]
840.1864: supHardenedWinVerifyImageByHandle: -> 0 (\Device\HarddiskVolume3\Windows\System32\crypt32.dll)
840.1864: supR3HardenedWinVerifyCacheInsert: \Device\HarddiskVolume3\Windows\System32\crypt32.dll
840.1864: supR3HardenedIsApiSetDll: ApiSetQueryApiSetPresence(api-ms-win-core-synch-l1-2-0) -> 0x0, fPresent=1
840.1864: supR3HardenedMonitor_LdrLoadDll: pName=api-ms-win-core-synch-l1-2-0 (rcNtResolve=0x0) *pfFlags=0x0 pwszSearchPath=0000000000000801:<flags> [calling]
840.1864: supR3HardenedMonitor_LdrLoadDll: returns rcNt=0x0 hMod=00007ffe0eeb0000 'api-ms-win-core-synch-l1-2-0'
840.1864: supR3HardenedIsApiSetDll: ApiSetQueryApiSetPresence(api-ms-win-core-fibers-l1-1-1) -> 0x0, fPresent=1
840.1864: supR3HardenedMonitor_LdrLoadDll: pName=api-ms-win-core-fibers-l1-1-1 (rcNtResolve=0x0) *pfFlags=0x0 pwszSearchPath=0000000000000801:<flags> [calling]
840.1864: supR3HardenedMonitor_LdrLoadDll: returns rcNt=0x0 hMod=00007ffe0eeb0000 'api-ms-win-core-fibers-l1-1-1'
840.1864: supR3HardenedIsApiSetDll: ApiSetQueryApiSetPresence(api-ms-win-core-fibers-l1-1-1) -> 0x0, fPresent=1
840.1864: supR3HardenedMonitor_LdrLoadDll: pName=api-ms-win-core-fibers-l1-1-1 (rcNtResolve=0x0) *pfFlags=0x0 pwszSearchPath=0000000000000801:<flags> [calling]
840.1864: supR3HardenedMonitor_LdrLoadDll: returns rcNt=0x0 hMod=00007ffe0eeb0000 'api-ms-win-core-fibers-l1-1-1'
840.1864: supR3HardenedIsApiSetDll: ApiSetQueryApiSetPresence(api-ms-win-core-synch-l1-2-0) -> 0x0, fPresent=1
840.1864: supR3HardenedMonitor_LdrLoadDll: pName=api-ms-win-core-synch-l1-2-0 (rcNtResolve=0x0) *pfFlags=0x0 pwszSearchPath=0000000000000801:<flags> [calling]
840.1864: supR3HardenedMonitor_LdrLoadDll: returns rcNt=0x0 hMod=00007ffe0eeb0000 'api-ms-win-core-synch-l1-2-0'
840.1864: supHardenedWinVerifyImageByHandle: -> 0 (\Device\HarddiskVolume3\Windows\System32\msasn1.dll)
840.1864: supR3HardenedWinVerifyCacheInsert: \Device\HarddiskVolume3\Windows\System32\msasn1.dll
840.1864: supR3HardenedDllNotificationCallback: load   00007ffe0ea70000 LB 0x00012000 C:\Windows\SYSTEM32\MSASN1.dll [fFlags=0x0]
840.1864: supR3HardenedScreenImage/LdrLoadDll: cache hit (VINF_SUCCESS) on \Device\HarddiskVolume3\Windows\System32\msasn1.dll [lacks WinVerifyTrust]
840.1864: supR3HardenedMonitor_LdrLoadDll: returns rcNt=0x0 hMod=00007ffe0f480000 'C:\Windows\system32\Wintrust.dll'
840.1864: supHardenedWinVerifyImageByHandle: -> 0 (\Device\HarddiskVolume3\Windows\System32\bcrypt.dll)
840.1864: supR3HardenedWinVerifyCacheInsert: \Device\HarddiskVolume3\Windows\System32\bcrypt.dll
840.1864: supR3HardenedMonitor_LdrLoadDll: pName=C:\Windows\system32\bcrypt.dll (rcNtResolve=0xc0150008) *pfFlags=0x0 pwszSearchPath=0000000000000801:<flags> [calling]
840.1864: supR3HardenedDllNotificationCallback: load   00007ffe0f400000 LB 0x00027000 C:\Windows\System32\bcrypt.dll [fFlags=0x0]
840.1864: supR3HardenedScreenImage/LdrLoadDll: cache hit (VINF_SUCCESS) on \Device\HarddiskVolume3\Windows\System32\bcrypt.dll [lacks WinVerifyTrust]
840.1864: supR3HardenedMonitor_LdrLoadDll: returns rcNt=0x0 hMod=00007ffe0f400000 'C:\Windows\system32\bcrypt.dll'
840.1864: bcrypt.dll loaded at 00007ffe0f400000, BCryptOpenAlgorithmProvider at 00007ffe0f405790, preloading providers:
840.1864: supHardenedWinVerifyImageByHandle: -> 0 (\Device\HarddiskVolume3\Windows\System32\bcryptprimitives.dll)
840.1864: supR3HardenedWinVerifyCacheInsert: \Device\HarddiskVolume3\Windows\System32\bcryptprimitives.dll
840.1864: supR3HardenedMonitor_LdrLoadDll: pName=C:\Windows\system32\bcryptprimitives.dll (rcNtResolve=0xc0150008) *pfFlags=0x0 pwszSearchPath=0000000000000001:<flags> [calling]
840.1864: supR3HardenedDllNotificationCallback: load   00007ffe0f640000 LB 0x00082000 C:\Windows\System32\bcryptprimitives.dll [fFlags=0x0]
840.1864: supR3HardenedScreenImage/LdrLoadDll: cache hit (VINF_SUCCESS) on \Device\HarddiskVolume3\Windows\System32\bcryptprimitives.dll [lacks WinVerifyTrust]
840.1864: supR3HardenedMonitor_LdrLoadDll: returns rcNt=0x0 hMod=00007ffe0f640000 'C:\Windows\system32\bcryptprimitives.dll'
840.1864:     BCryptOpenAlgorithmProvider(,'MD2',0,0) -> 0x0 (hAlgo=000002816d60dcd0)
840.1864:     BCryptOpenAlgorithmProvider(,'MD4',0,0) -> 0x0 (hAlgo=000002816d60e260)
840.1864:     BCryptOpenAlgorithmProvider(,'MD5',0,0) -> 0x0 (hAlgo=000002816d60e590)
840.1864:     BCryptOpenAlgorithmProvider(,'SHA1',0,0) -> 0x0 (hAlgo=000002816d60e8c0)
840.1864:     BCryptOpenAlgorithmProvider(,'SHA256',0,0) -> 0x0 (hAlgo=000002816d60ebf0)
840.1864:     BCryptOpenAlgorithmProvider(,'SHA512',0,0) -> 0x0 (hAlgo=000002816d60ef20)
840.1864:     BCryptOpenAlgorithmProvider(,'RSA',0,0) -> 0x0 (hAlgo=000002816d60f250)
840.1864:     BCryptOpenAlgorithmProvider(,'DSA',0,0) -> 0x0 (hAlgo=000002816d60f580)
840.1864: supHardenedWinVerifyImageByHandle: -> 0 (\Device\HarddiskVolume3\Windows\System32\cryptsp.dll)
840.1864: supR3HardenedWinVerifyCacheInsert: \Device\HarddiskVolume3\Windows\System32\cryptsp.dll
840.1864: supR3HardenedDllNotificationCallback: load   00007ffe0e7c0000 LB 0x00018000 C:\Windows\SYSTEM32\CRYPTSP.dll [fFlags=0x0]
840.1864: supR3HardenedScreenImage/LdrLoadDll: cache hit (VINF_SUCCESS) on \Device\HarddiskVolume3\Windows\System32\cryptsp.dll [lacks WinVerifyTrust]
840.1864: supR3HardenedWinVerifyCacheScheduleImports: Import todo: #18 'bcrypt.dll'.
840.1864: supHardenedWinVerifyImageByHandle: -> 0 (\Device\HarddiskVolume3\Windows\System32\rsaenh.dll)
840.1864: supR3HardenedWinVerifyCacheInsert: \Device\HarddiskVolume3\Windows\System32\rsaenh.dll
840.1864: supR3HardenedWinVerifyCacheProcessImportTodos: Processing 'bcrypt.dll'...
840.1864: supR3HardenedWinVerifyCacheProcessImportTodos: 'bcrypt.dll' -> '\Device\HarddiskVolume3\Windows\System32\bcrypt.dll' [rcNtRedir=0xc0150008]
840.1864: supR3HardenedScreenImage/Imports: cache hit (VINF_SUCCESS) on \Device\HarddiskVolume3\Windows\System32\bcrypt.dll [lacks WinVerifyTrust]
840.1864: supR3HardenedMonitor_LdrLoadDll: pName=C:\Windows\system32\rsaenh.dll (rcNtResolve=0xc0150008) *pfFlags=0x0 pwszSearchPath=0000000000000001:<flags> [calling]
840.1864: supR3HardenedScreenImage/NtCreateSection: cache hit (VINF_SUCCESS) on \Device\HarddiskVolume3\Windows\System32\rsaenh.dll [lacks WinVerifyTrust]
840.1864: supR3HardenedDllNotificationCallback: load   00007ffe0de90000 LB 0x00034000 C:\Windows\system32\rsaenh.dll [fFlags=0x0]
840.1864: supR3HardenedScreenImage/LdrLoadDll: cache hit (VINF_SUCCESS) on \Device\HarddiskVolume3\Windows\System32\rsaenh.dll [lacks WinVerifyTrust]
840.1864: supR3HardenedMonitor_LdrLoadDll: returns rcNt=0x0 hMod=00007ffe0de90000 'C:\Windows\system32\rsaenh.dll'
840.1864: supHardenedWinVerifyImageByHandle: -> 0 (\Device\HarddiskVolume3\Windows\System32\cryptbase.dll)
840.1864: supR3HardenedWinVerifyCacheInsert: \Device\HarddiskVolume3\Windows\System32\cryptbase.dll
840.1864: supR3HardenedDllNotificationCallback: load   00007ffe0e7e0000 LB 0x0000c000 C:\Windows\SYSTEM32\CRYPTBASE.dll [fFlags=0x0]
840.1864: supR3HardenedScreenImage/LdrLoadDll: cache hit (VINF_SUCCESS) on \Device\HarddiskVolume3\Windows\System32\cryptbase.dll [lacks WinVerifyTrust]
840.1864: supR3HardenedScreenImage/LdrLoadDll: cache hit (VINF_SUCCESS) on \Device\HarddiskVolume3\Windows\System32\kernel32.dll [lacks WinVerifyTrust]
840.1864: supR3HardenedMonitor_LdrLoadDll: pName=C:\Windows\System32\kernel32.dll (Input=kernel32.dll, rcNtResolve=0xc0150008) *pfFlags=0x0 pwszSearchPath=0000000000000001:<flags> [calling]
840.1864: supR3HardenedMonitor_LdrLoadDll: returns rcNt=0x0 hMod=00007ffe11530000 'C:\Windows\System32\kernel32.dll'
840.1864: supR3HardenedScreenImage/LdrLoadDll: cache hit (VINF_SUCCESS) on \Device\HarddiskVolume3\Windows\System32\wintrust.dll [lacks WinVerifyTrust]
840.1864: supR3HardenedMonitor_LdrLoadDll: pName=C:\Windows\System32\WINTRUST.DLL (Input=WINTRUST.DLL, rcNtResolve=0xc0150008) *pfFlags=0x0 pwszSearchPath=0000000000000001:<flags> [calling]
840.1864: supR3HardenedMonitor_LdrLoadDll: returns rcNt=0x0 hMod=00007ffe0f480000 'C:\Windows\System32\WINTRUST.DLL'
840.1864: supR3HardenedScreenImage/LdrLoadDll: cache hit (VINF_SUCCESS) on \Device\HarddiskVolume3\Windows\System32\crypt32.dll [lacks WinVerifyTrust]
840.1864: supR3HardenedMonitor_LdrLoadDll: pName=C:\Windows\System32\CRYPT32.dll (rcNtResolve=0xc0150008) *pfFlags=0x2 pwszSearchPath=0000000000000001:<flags> [calling]
840.1864: supR3HardenedMonitor_LdrLoadDll: returns rcNt=0x0 hMod=00007ffe0f6d0000 'C:\Windows\System32\CRYPT32.dll'
840.1864: supR3HardenedDllNotificationCallback: load   00007ffe104f0000 LB 0x0001d000 C:\Windows\System32\imagehlp.dll [fFlags=0x0]
840.1864: supHardenedWinVerifyImageByHandle: -> 0 (\Device\HarddiskVolume3\Windows\System32\imagehlp.dll)
840.1864: supR3HardenedWinVerifyCacheInsert: \Device\HarddiskVolume3\Windows\System32\imagehlp.dll
840.1864: supR3HardenedScreenImage/LdrLoadDll: cache hit (VINF_SUCCESS) on \Device\HarddiskVolume3\Windows\System32\rsaenh.dll [lacks WinVerifyTrust]
840.1864: supR3HardenedMonitor_LdrLoadDll: pName=C:\Windows\system32\rsaenh.dll (rcNtResolve=0xc0150008) *pfFlags=0x0 pwszSearchPath=0000000000000001:<flags> [calling]
840.1864: supR3HardenedMonitor_LdrLoadDll: returns rcNt=0x0 hMod=00007ffe0de90000 'C:\Windows\system32\rsaenh.dll'
840.1864: supR3HardenedScreenImage/LdrLoadDll: cache hit (VINF_SUCCESS) on \Device\HarddiskVolume3\Windows\System32\crypt32.dll [lacks WinVerifyTrust]
840.1864: supR3HardenedMonitor_LdrLoadDll: pName=C:\Windows\System32\crypt32.dll (Input=crypt32.dll, rcNtResolve=0xc0150008) *pfFlags=0x0 pwszSearchPath=0000000000000001:<flags> [calling]
840.1864: supR3HardenedMonitor_LdrLoadDll: returns rcNt=0x0 hMod=00007ffe0f6d0000 'C:\Windows\System32\crypt32.dll'
840.1864: supR3HardenedDllNotificationCallback: load   00007ffe0f840000 LB 0x0009f000 C:\Windows\System32\sechost.dll [fFlags=0x0]
840.1864: supR3HardenedWinVerifyCacheScheduleImports: Import todo: #11 'rpcrt4.dll'.
840.1864: supR3HardenedWinVerifyCacheScheduleImports: Import todo: #24 'bcrypt.dll'.
840.1864: supHardenedWinVerifyImageByHandle: -> 0 (\Device\HarddiskVolume3\Windows\System32\sechost.dll)
840.1864: supR3HardenedWinVerifyCacheInsert: \Device\HarddiskVolume3\Windows\System32\sechost.dll
840.1864: supR3HardenedWinVerifyCacheScheduleImports: Import todo: #0 'msvcrt.dll'.
840.1864: supR3HardenedWinVerifyCacheScheduleImports: Import todo: #10 'rpcrt4.dll'.
840.1864: supHardenedWinVerifyImageByHandle: -> 0 (\Device\HarddiskVolume3\Windows\System32\gpapi.dll)
840.1864: supR3HardenedWinVerifyCacheInsert: \Device\HarddiskVolume3\Windows\System32\gpapi.dll
840.1864: supR3HardenedDllNotificationCallback: load   00007ffe0d6f0000 LB 0x00023000 C:\Windows\SYSTEM32\gpapi.dll [fFlags=0x0]
840.1864: supR3HardenedScreenImage/LdrLoadDll: cache hit (VINF_SUCCESS) on \Device\HarddiskVolume3\Windows\System32\gpapi.dll [lacks WinVerifyTrust]
840.1864: supR3HardenedWinVerifyCacheScheduleImports: Import todo: #0 'msvcrt.dll'.
840.1864: supR3HardenedWinVerifyCacheScheduleImports: Import todo: #8 'crypt32.dll'.
840.1864: supHardenedWinVerifyImageByHandle: -> 0 (\Device\HarddiskVolume3\Windows\System32\cryptnet.dll)
840.1864: supR3HardenedWinVerifyCacheInsert: \Device\HarddiskVolume3\Windows\System32\cryptnet.dll
840.1864: supR3HardenedWinVerifyCacheProcessImportTodos: Processing 'crypt32.dll'...
840.1864: supR3HardenedWinVerifyCacheProcessImportTodos: 'crypt32.dll' -> '\Device\HarddiskVolume3\Windows\System32\crypt32.dll' [rcNtRedir=0xc0150008]
840.1864: supR3HardenedScreenImage/Imports: cache hit (VINF_SUCCESS) on \Device\HarddiskVolume3\Windows\System32\crypt32.dll [lacks WinVerifyTrust]
840.1864: supR3HardenedWinVerifyCacheProcessImportTodos: Processing 'msvcrt.dll'...
840.1864: supR3HardenedWinVerifyCacheProcessImportTodos: 'msvcrt.dll' -> '\Device\HarddiskVolume3\Windows\System32\msvcrt.dll' [rcNtRedir=0xc0150008]
840.1864: supR3HardenedScreenImage/Imports: cache hit (VINF_SUCCESS) on \Device\HarddiskVolume3\Windows\System32\msvcrt.dll [lacks WinVerifyTrust]
840.1864: supR3HardenedWinVerifyCacheProcessImportTodos: Processing 'rpcrt4.dll'...
840.1864: supR3HardenedWinVerifyCacheProcessImportTodos: 'rpcrt4.dll' -> '\Device\HarddiskVolume3\Windows\System32\rpcrt4.dll' [rcNtRedir=0xc0150008]
840.1864: supR3HardenedScreenImage/Imports: cache hit (VINF_SUCCESS) on \Device\HarddiskVolume3\Windows\System32\rpcrt4.dll [lacks WinVerifyTrust]
840.1864: supR3HardenedWinVerifyCacheProcessImportTodos: Processing 'msvcrt.dll'...
840.1864: supR3HardenedWinVerifyCacheProcessImportTodos: 'msvcrt.dll' -> '\Device\HarddiskVolume3\Windows\System32\msvcrt.dll' [rcNtRedir=0xc0150008]
840.1864: supR3HardenedScreenImage/Imports: cache hit (VINF_SUCCESS) on \Device\HarddiskVolume3\Windows\System32\msvcrt.dll [lacks WinVerifyTrust]
840.1864: supR3HardenedWinVerifyCacheProcessImportTodos: Processing 'bcrypt.dll'...
840.1864: supR3HardenedWinVerifyCacheProcessImportTodos: 'bcrypt.dll' -> '\Device\HarddiskVolume3\Windows\System32\bcrypt.dll' [rcNtRedir=0xc0150008]
840.1864: supR3HardenedScreenImage/Imports: cache hit (VINF_SUCCESS) on \Device\HarddiskVolume3\Windows\System32\bcrypt.dll [lacks WinVerifyTrust]
840.1864: supR3HardenedWinVerifyCacheProcessImportTodos: Processing 'rpcrt4.dll'...
840.1864: supR3HardenedWinVerifyCacheProcessImportTodos: 'rpcrt4.dll' -> '\Device\HarddiskVolume3\Windows\System32\rpcrt4.dll' [rcNtRedir=0xc0150008]
840.1864: supR3HardenedScreenImage/Imports: cache hit (VINF_SUCCESS) on \Device\HarddiskVolume3\Windows\System32\rpcrt4.dll [lacks WinVerifyTrust]
840.1864: supR3HardenedMonitor_LdrLoadDll: pName=C:\Windows\System32\cryptnet.dll (rcNtResolve=0xc0150008) *pfFlags=0x0 pwszSearchPath=0000000000000001:<flags> [calling]
840.1864: supR3HardenedScreenImage/NtCreateSection: cache hit (VINF_SUCCESS) on \Device\HarddiskVolume3\Windows\System32\cryptnet.dll [lacks WinVerifyTrust]
840.1864: supR3HardenedDllNotificationCallback: load   00007ffdf1320000 LB 0x00031000 C:\Windows\System32\cryptnet.dll [fFlags=0x0]
840.1864: supR3HardenedScreenImage/LdrLoadDll: cache hit (VINF_SUCCESS) on \Device\HarddiskVolume3\Windows\System32\cryptnet.dll [lacks WinVerifyTrust]
840.1864: supR3HardenedScreenImage/LdrLoadDll: cache hit (VINF_SUCCESS) on \Device\HarddiskVolume3\Windows\System32\cryptnet.dll [lacks WinVerifyTrust]
840.1864: supR3HardenedMonitor_LdrLoadDll: pName=C:\Windows\System32\cryptnet.dll (rcNtResolve=0xc0150008) *pfFlags=0x2 pwszSearchPath=0000000000000001:<flags> [calling]
840.1864: supR3HardenedMonitor_LdrLoadDll: returns rcNt=0x0 hMod=00007ffdf1320000 'C:\Windows\System32\cryptnet.dll'
840.1864: supR3HardenedScreenImage/LdrLoadDll: cache hit (VINF_SUCCESS) on \Device\HarddiskVolume3\Windows\System32\cryptnet.dll [lacks WinVerifyTrust]
840.1864: supR3HardenedMonitor_LdrLoadDll: pName=C:\Windows\System32\cryptnet.dll (rcNtResolve=0xc0150008) *pfFlags=0x2 pwszSearchPath=0000000000000001:<flags> [calling]
840.1864: supR3HardenedMonitor_LdrLoadDll: returns rcNt=0x0 hMod=00007ffdf1320000 'C:\Windows\System32\cryptnet.dll'
840.1864: supR3HardenedScreenImage/LdrLoadDll: cache hit (VINF_SUCCESS) on \Device\HarddiskVolume3\Windows\System32\cryptnet.dll [lacks WinVerifyTrust]
840.1864: supR3HardenedMonitor_LdrLoadDll: pName=C:\Windows\System32\cryptnet.dll (rcNtResolve=0xc0150008) *pfFlags=0x2 pwszSearchPath=0000000000000001:<flags> [calling]
840.1864: supR3HardenedMonitor_LdrLoadDll: returns rcNt=0x0 hMod=00007ffdf1320000 'C:\Windows\System32\cryptnet.dll'
840.1864: supR3HardenedScreenImage/LdrLoadDll: cache hit (VINF_SUCCESS) on \Device\HarddiskVolume3\Windows\System32\cryptnet.dll [lacks WinVerifyTrust]
840.1864: supR3HardenedMonitor_LdrLoadDll: pName=C:\Windows\System32\cryptnet.dll (rcNtResolve=0xc0150008) *pfFlags=0x2 pwszSearchPath=0000000000000001:<flags> [calling]
840.1864: supR3HardenedMonitor_LdrLoadDll: returns rcNt=0x0 hMod=00007ffdf1320000 'C:\Windows\System32\cryptnet.dll'
840.1864: supR3HardenedScreenImage/LdrLoadDll: cache hit (VINF_SUCCESS) on \Device\HarddiskVolume3\Windows\System32\cryptnet.dll [lacks WinVerifyTrust]
840.1864: supR3HardenedMonitor_LdrLoadDll: pName=C:\Windows\System32\cryptnet.dll (rcNtResolve=0xc0150008) *pfFlags=0x2 pwszSearchPath=0000000000000001:<flags> [calling]
840.1864: supR3HardenedMonitor_LdrLoadDll: returns rcNt=0x0 hMod=00007ffdf1320000 'C:\Windows\System32\cryptnet.dll'
840.1864: supR3HardenedScreenImage/LdrLoadDll: cache hit (VINF_SUCCESS) on \Device\HarddiskVolume3\Windows\System32\cryptnet.dll [lacks WinVerifyTrust]
840.1864: supR3HardenedMonitor_LdrLoadDll: pName=C:\Windows\System32\cryptnet.dll (rcNtResolve=0xc0150008) *pfFlags=0x2 pwszSearchPath=0000000000000001:<flags> [calling]
840.1864: supR3HardenedMonitor_LdrLoadDll: returns rcNt=0x0 hMod=00007ffdf1320000 'C:\Windows\System32\cryptnet.dll'
840.1864: supR3HardenedScreenImage/LdrLoadDll: cache hit (VINF_SUCCESS) on \Device\HarddiskVolume3\Windows\System32\cryptnet.dll [lacks WinVerifyTrust]
840.1864: supR3HardenedMonitor_LdrLoadDll: returns rcNt=0x0 hMod=00007ffdf1320000 'C:\Windows\System32\cryptnet.dll'
840.1864: supR3HardenedScreenImage/LdrLoadDll: cache hit (VINF_SUCCESS) on \Device\HarddiskVolume3\Windows\System32\cryptnet.dll [lacks WinVerifyTrust]
840.1864: supR3HardenedMonitor_LdrLoadDll: returns rcNt=0x0 hMod=00007ffdf1320000 'C:\Windows\System32\cryptnet.dll'
840.1864: supR3HardenedScreenImage/LdrLoadDll: cache hit (VINF_SUCCESS) on \Device\HarddiskVolume3\Windows\System32\cryptnet.dll [lacks WinVerifyTrust]
840.1864: supR3HardenedMonitor_LdrLoadDll: returns rcNt=0x0 hMod=00007ffdf1320000 'C:\Windows\System32\cryptnet.dll'
840.1864: supR3HardenedScreenImage/LdrLoadDll: cache hit (VINF_SUCCESS) on \Device\HarddiskVolume3\Windows\System32\cryptnet.dll [lacks WinVerifyTrust]
840.1864: supR3HardenedMonitor_LdrLoadDll: returns rcNt=0x0 hMod=00007ffdf1320000 'C:\Windows\System32\cryptnet.dll'
840.1864: supR3HardenedScreenImage/LdrLoadDll: cache hit (VINF_SUCCESS) on \Device\HarddiskVolume3\Windows\System32\cryptnet.dll [lacks WinVerifyTrust]
840.1864: supR3HardenedMonitor_LdrLoadDll: returns rcNt=0x0 hMod=00007ffdf1320000 'C:\Windows\System32\cryptnet.dll'
840.1864: supR3HardenedMonitor_LdrLoadDll: returns rcNt=0x0 hMod=00007ffdf1320000 'C:\Windows\System32\cryptnet.dll'
840.1864: supHardenedWinVerifyImageByHandle: -> 0 (\Device\HarddiskVolume3\Windows\System32\profapi.dll)
840.1864: supR3HardenedWinVerifyCacheInsert: \Device\HarddiskVolume3\Windows\System32\profapi.dll
840.1864: supR3HardenedDllNotificationCallback: load   00007ffe0ede0000 LB 0x00024000 C:\Windows\SYSTEM32\profapi.dll [fFlags=0x0]
840.1864: supR3HardenedScreenImage/LdrLoadDll: cache hit (VINF_SUCCESS) on \Device\HarddiskVolume3\Windows\System32\profapi.dll [lacks WinVerifyTrust]
840.1864: supR3HardenedDllNotificationCallback: load   00007ffe0f9b0000 LB 0x000b1000 C:\Windows\System32\advapi32.dll [fFlags=0x0]
840.1864: supR3HardenedWinVerifyCacheScheduleImports: Import todo: #0 'msvcrt.dll'.
840.1864: supR3HardenedWinVerifyCacheScheduleImports: Import todo: #6 'sechost.dll'.
840.1864: supR3HardenedWinVerifyCacheScheduleImports: Import todo: #27 'rpcrt4.dll'.
840.1864: supHardenedWinVerifyImageByHandle: -> 0 (\Device\HarddiskVolume3\Windows\System32\advapi32.dll)
840.1864: supR3HardenedWinVerifyCacheInsert: \Device\HarddiskVolume3\Windows\System32\advapi32.dll
840.1864: supR3HardenedScreenImage/LdrLoadDll: cache hit (VINF_SUCCESS) on \Device\HarddiskVolume3\Windows\System32\rsaenh.dll [lacks WinVerifyTrust]
840.1864: supR3HardenedWinVerifyCacheProcessImportTodos: Processing 'rpcrt4.dll'...
840.1864: supR3HardenedWinVerifyCacheProcessImportTodos: 'rpcrt4.dll' -> '\Device\HarddiskVolume3\Windows\System32\rpcrt4.dll' [rcNtRedir=0xc0150008]
840.1864: supR3HardenedScreenImage/Imports: cache hit (VINF_SUCCESS) on \Device\HarddiskVolume3\Windows\System32\rpcrt4.dll [lacks WinVerifyTrust]
840.1864: supR3HardenedWinVerifyCacheProcessImportTodos: Processing 'sechost.dll'...
840.1864: supR3HardenedWinVerifyCacheProcessImportTodos: 'sechost.dll' -> '\Device\HarddiskVolume3\Windows\System32\sechost.dll' [rcNtRedir=0xc0150008]
840.1864: supR3HardenedScreenImage/Imports: cache hit (VINF_SUCCESS) on \Device\HarddiskVolume3\Windows\System32\sechost.dll [lacks WinVerifyTrust]
840.1864: supR3HardenedWinVerifyCacheProcessImportTodos: Processing 'msvcrt.dll'...
840.1864: supR3HardenedWinVerifyCacheProcessImportTodos: 'msvcrt.dll' -> '\Device\HarddiskVolume3\Windows\System32\msvcrt.dll' [rcNtRedir=0xc0150008]
840.1864: supR3HardenedScreenImage/Imports: cache hit (VINF_SUCCESS) on \Device\HarddiskVolume3\Windows\System32\msvcrt.dll [lacks WinVerifyTrust]
840.1864: supR3HardenedMonitor_LdrLoadDll: pName=C:\Windows\system32\rsaenh.dll (rcNtResolve=0xc0150008) *pfFlags=0x0 pwszSearchPath=0000000000000001:<flags> [calling]
840.1864: supR3HardenedMonitor_LdrLoadDll: returns rcNt=0x0 hMod=00007ffe0de90000 'C:\Windows\system32\rsaenh.dll'
840.1864: supR3HardenedScreenImage/LdrLoadDll: cache hit (VINF_SUCCESS) on \Device\HarddiskVolume3\Windows\System32\crypt32.dll [lacks WinVerifyTrust]
840.1864: supR3HardenedMonitor_LdrLoadDll: pName=C:\Windows\System32\crypt32.dll (Input=crypt32.dll, rcNtResolve=0xc0150008) *pfFlags=0x0 pwszSearchPath=0000000000000001:<flags> [calling]
840.1864: supR3HardenedMonitor_LdrLoadDll: returns rcNt=0x0 hMod=00007ffe0f6d0000 'C:\Windows\System32\crypt32.dll'
840.1864: supR3HardNtViCallWinVerifyTrustCatFile: hFile=0000000000000000 pwszName=\SystemRoot\System32\ntdll.dll
840.1864: supR3HardNtViCallWinVerifyTrustCatFile: New context 000002816d69e790
840.1864: supR3HardNtViCallWinVerifyTrustCatFile: hCatAdmin=000002816d69e790
840.1864: supR3HardNtViCallWinVerifyTrustCatFile: cbHash=20 wszDigest=EA7F04BD3A5B906B31D4F5427142517E8C881371
840.1864: supR3HardenedScreenImage/LdrLoadDll: cache hit (VINF_SUCCESS) on \Device\HarddiskVolume3\Windows\System32\rpcrt4.dll [lacks WinVerifyTrust]
840.1864: supR3HardenedMonitor_LdrLoadDll: pName=C:\Windows\System32\rpcrt4.dll (Input=rpcrt4.dll, rcNtResolve=0xc0150008) *pfFlags=0x0 pwszSearchPath=0000000000000001:<flags> [calling]
840.1864: supR3HardenedMonitor_LdrLoadDll: returns rcNt=0x0 hMod=00007ffe116a0000 'C:\Windows\System32\rpcrt4.dll'
840.1864: supR3HardenedScreenImage/LdrLoadDll: cache hit (VINF_SUCCESS) on \Device\HarddiskVolume3\Windows\System32\rsaenh.dll [lacks WinVerifyTrust]
840.1864: supR3HardenedMonitor_LdrLoadDll: pName=C:\Windows\system32\rsaenh.dll (rcNtResolve=0xc0150008) *pfFlags=0x0 pwszSearchPath=0000000000000001:<flags> [calling]
840.1864: supR3HardenedMonitor_LdrLoadDll: returns rcNt=0x0 hMod=00007ffe0de90000 'C:\Windows\system32\rsaenh.dll'
840.1864: supR3HardenedScreenImage/LdrLoadDll: cache hit (VINF_SUCCESS) on \Device\HarddiskVolume3\Windows\System32\crypt32.dll [lacks WinVerifyTrust]
840.1864: supR3HardenedMonitor_LdrLoadDll: pName=C:\Windows\System32\crypt32.dll (Input=crypt32.dll, rcNtResolve=0xc0150008) *pfFlags=0x0 pwszSearchPath=0000000000000001:<flags> [calling]
840.1864: supR3HardenedMonitor_LdrLoadDll: returns rcNt=0x0 hMod=00007ffe0f6d0000 'C:\Windows\System32\crypt32.dll'
840.1864: supR3HardNtViCallWinVerifyTrustCatFile: WinVerifyTrust => 0x0; cat='C:\Windows\system32\CatRoot\{F750E6C3-38EE-11D1-85E5-00C04FC295EE}\Microsoft-Windows-Client-Desktop-Required-Package0516~31bf3856ad364e35~amd64~~10.0.19041.5131.cat'; file='\SystemRoot\System32\ntdll.dll'
840.1864: g_pfnWinVerifyTrust=00007ffe0f481ee0
840.1864: supR3HardenedScreenImage/preload: cache hit (VINF_SUCCESS) on \Device\HarddiskVolume3\Windows\System32\crypt32.dll [redoing WinVerifyTrust]
840.1864: supR3HardenedScreenImage/LdrLoadDll: cache hit (VINF_SUCCESS) on \Device\HarddiskVolume3\Windows\System32\rsaenh.dll [lacks WinVerifyTrust]
840.1864: supR3HardenedMonitor_LdrLoadDll: pName=C:\Windows\system32\rsaenh.dll (rcNtResolve=0xc0150008) *pfFlags=0x0 pwszSearchPath=0000000000000001:<flags> [calling]
840.1864: supR3HardenedMonitor_LdrLoadDll: returns rcNt=0x0 hMod=00007ffe0de90000 'C:\Windows\system32\rsaenh.dll'
840.1864: supR3HardenedScreenImage/LdrLoadDll: cache hit (VINF_SUCCESS) on \Device\HarddiskVolume3\Windows\System32\crypt32.dll [lacks WinVerifyTrust]
840.1864: supR3HardenedMonitor_LdrLoadDll: pName=C:\Windows\System32\crypt32.dll (Input=crypt32.dll, rcNtResolve=0xc0150008) *pfFlags=0x0 pwszSearchPath=0000000000000001:<flags> [calling]
840.1864: supR3HardenedMonitor_LdrLoadDll: returns rcNt=0x0 hMod=00007ffe0f6d0000 'C:\Windows\System32\crypt32.dll'
840.1864: supR3HardenedScreenImage/preload: 0 (was 0) fWinVerifyTrust=1 for '\Device\HarddiskVolume3\Windows\System32\crypt32.dll'
840.1864: supR3HardenedScreenImage/preload: cache hit (VINF_SUCCESS) on \Device\HarddiskVolume3\Windows\System32\wintrust.dll [redoing WinVerifyTrust]
840.1864: supR3HardenedScreenImage/LdrLoadDll: cache hit (VINF_SUCCESS) on \Device\HarddiskVolume3\Windows\System32\rsaenh.dll [lacks WinVerifyTrust]
840.1864: supR3HardenedMonitor_LdrLoadDll: pName=C:\Windows\system32\rsaenh.dll (rcNtResolve=0xc0150008) *pfFlags=0x0 pwszSearchPath=0000000000000001:<flags> [calling]
840.1864: supR3HardenedMonitor_LdrLoadDll: returns rcNt=0x0 hMod=00007ffe0de90000 'C:\Windows\system32\rsaenh.dll'
840.1864: supR3HardenedScreenImage/LdrLoadDll: cache hit (VINF_SUCCESS) on \Device\HarddiskVolume3\Windows\System32\crypt32.dll
840.1864: supR3HardenedMonitor_LdrLoadDll: pName=C:\Windows\System32\crypt32.dll (Input=crypt32.dll, rcNtResolve=0xc0150008) *pfFlags=0x0 pwszSearchPath=0000000000000001:<flags> [calling]
840.1864: supR3HardenedMonitor_LdrLoadDll: returns rcNt=0x0 hMod=00007ffe0f6d0000 'C:\Windows\System32\crypt32.dll'
840.1864: supR3HardenedScreenImage/preload: 0 (was 0) fWinVerifyTrust=1 for '\Device\HarddiskVolume3\Windows\System32\wintrust.dll'
840.1864: supR3HardenedScreenImage/LdrLoadDll: cache hit (VINF_SUCCESS) on \Device\HarddiskVolume3\Windows\System32\rsaenh.dll [lacks WinVerifyTrust]
840.1864: supR3HardenedMonitor_LdrLoadDll: pName=C:\Windows\system32\rsaenh.dll (rcNtResolve=0xc0150008) *pfFlags=0x0 pwszSearchPath=0000000000000001:<flags> [calling]
840.1864: supR3HardenedMonitor_LdrLoadDll: returns rcNt=0x0 hMod=00007ffe0de90000 'C:\Windows\system32\rsaenh.dll'
840.1864: supR3HardenedMonitor_LdrLoadDll: returns rcNt=0x0 hMod=00007ffe0f6d0000 'C:\Windows\System32\crypt32.dll'
840.1864: supR3HardenedWinVerifyCacheProcessWvtTodos: 0 (was 0) fWinVerifyTrust=1 for '\Device\HarddiskVolume3\Windows\System32\advapi32.dll'
840.1864: supR3HardenedScreenImage/LdrLoadDll: cache hit (VINF_SUCCESS) on \Device\HarddiskVolume3\Windows\System32\rsaenh.dll [lacks WinVerifyTrust]
840.1864: supR3HardenedMonitor_LdrLoadDll: returns rcNt=0x0 hMod=00007ffe0de90000 'C:\Windows\system32\rsaenh.dll'
840.1864: supR3HardenedMonitor_LdrLoadDll: returns rcNt=0x0 hMod=00007ffe0f6d0000 'C:\Windows\System32\crypt32.dll'
840.1864: supR3HardenedWinVerifyCacheProcessWvtTodos: 0 (was 0) fWinVerifyTrust=1 for '\Device\HarddiskVolume3\Windows\System32\profapi.dll'
840.1864: supR3HardenedScreenImage/LdrLoadDll: cache hit (VINF_SUCCESS) on \Device\HarddiskVolume3\Windows\System32\rsaenh.dll [lacks WinVerifyTrust]
840.1864: supR3HardenedMonitor_LdrLoadDll: returns rcNt=0x0 hMod=00007ffe0de90000 'C:\Windows\system32\rsaenh.dll'
840.1864: supR3HardenedMonitor_LdrLoadDll: returns rcNt=0x0 hMod=00007ffe0f6d0000 'C:\Windows\System32\crypt32.dll'
840.1864: supR3HardenedWinVerifyCacheProcessWvtTodos: 0 (was 0) fWinVerifyTrust=1 for '\Device\HarddiskVolume3\Windows\System32\cryptnet.dll'
840.1864: supR3HardenedScreenImage/LdrLoadDll: cache hit (VINF_SUCCESS) on \Device\HarddiskVolume3\Windows\System32\rsaenh.dll [lacks WinVerifyTrust]
840.1864: supR3HardenedMonitor_LdrLoadDll: returns rcNt=0x0 hMod=00007ffe0de90000 'C:\Windows\system32\rsaenh.dll'
840.1864: supR3HardenedMonitor_LdrLoadDll: returns rcNt=0x0 hMod=00007ffe0f6d0000 'C:\Windows\System32\crypt32.dll'
840.1864: supR3HardenedWinVerifyCacheProcessWvtTodos: 0 (was 0) fWinVerifyTrust=1 for '\Device\HarddiskVolume3\Windows\System32\gpapi.dll'
840.1864: supR3HardenedScreenImage/LdrLoadDll: cache hit (VINF_SUCCESS) on \Device\HarddiskVolume3\Windows\System32\rsaenh.dll [lacks WinVerifyTrust]
840.1864: supR3HardenedMonitor_LdrLoadDll: returns rcNt=0x0 hMod=00007ffe0de90000 'C:\Windows\system32\rsaenh.dll'
840.1864: supR3HardenedMonitor_LdrLoadDll: returns rcNt=0x0 hMod=00007ffe0f6d0000 'C:\Windows\System32\crypt32.dll'
840.1864: supR3HardenedWinVerifyCacheProcessWvtTodos: 0 (was 0) fWinVerifyTrust=1 for '\Device\HarddiskVolume3\Windows\System32\sechost.dll'
840.1864: supR3HardenedScreenImage/LdrLoadDll: cache hit (VINF_SUCCESS) on \Device\HarddiskVolume3\Windows\System32\rsaenh.dll [lacks WinVerifyTrust]
840.1864: supR3HardenedMonitor_LdrLoadDll: returns rcNt=0x0 hMod=00007ffe0de90000 'C:\Windows\system32\rsaenh.dll'
840.1864: supR3HardenedMonitor_LdrLoadDll: returns rcNt=0x0 hMod=00007ffe0f6d0000 'C:\Windows\System32\crypt32.dll'
840.1864: supR3HardenedWinVerifyCacheProcessWvtTodos: 0 (was 0) fWinVerifyTrust=1 for '\Device\HarddiskVolume3\Windows\System32\imagehlp.dll'
840.1864: supR3HardenedScreenImage/LdrLoadDll: cache hit (VINF_SUCCESS) on \Device\HarddiskVolume3\Windows\System32\rsaenh.dll [lacks WinVerifyTrust]
840.1864: supR3HardenedMonitor_LdrLoadDll: returns rcNt=0x0 hMod=00007ffe0de90000 'C:\Windows\system32\rsaenh.dll'
840.1864: supR3HardenedMonitor_LdrLoadDll: returns rcNt=0x0 hMod=00007ffe0f6d0000 'C:\Windows\System32\crypt32.dll'
840.1864: supR3HardenedWinVerifyCacheProcessWvtTodos: 0 (was 0) fWinVerifyTrust=1 for '\Device\HarddiskVolume3\Windows\System32\cryptbase.dll'
840.1864: supR3HardenedScreenImage/LdrLoadDll: cache hit (VINF_SUCCESS) on \Device\HarddiskVolume3\Windows\System32\rsaenh.dll [lacks WinVerifyTrust]
840.1864: supR3HardenedMonitor_LdrLoadDll: returns rcNt=0x0 hMod=00007ffe0de90000 'C:\Windows\system32\rsaenh.dll'
840.1864: supR3HardenedScreenImage/LdrLoadDll: cache hit (VINF_SUCCESS) on \Device\HarddiskVolume3\Windows\System32\crypt32.dll
840.1864: supR3HardenedMonitor_LdrLoadDll: pName=C:\Windows\System32\crypt32.dll (Input=crypt32.dll, rcNtResolve=0xc0150008) *pfFlags=0x0 pwszSearchPath=0000000000000001:<flags> [calling]
840.1864: supR3HardenedMonitor_LdrLoadDll: returns rcNt=0x0 hMod=00007ffe0f6d0000 'C:\Windows\System32\crypt32.dll'
840.1864: supR3HardenedWinVerifyCacheProcessWvtTodos: 0 (was 0) fWinVerifyTrust=1 for '\Device\HarddiskVolume3\Windows\System32\rsaenh.dll'
840.1864: supR3HardenedScreenImage/LdrLoadDll: cache hit (VINF_SUCCESS) on \Device\HarddiskVolume3\Windows\System32\rsaenh.dll
840.1864: supR3HardenedMonitor_LdrLoadDll: pName=C:\Windows\system32\rsaenh.dll (rcNtResolve=0xc0150008) *pfFlags=0x0 pwszSearchPath=0000000000000001:<flags> [calling]
840.1864: supR3HardenedMonitor_LdrLoadDll: returns rcNt=0x0 hMod=00007ffe0de90000 'C:\Windows\system32\rsaenh.dll'
840.1864: supR3HardenedMonitor_LdrLoadDll: returns rcNt=0x0 hMod=00007ffe0f6d0000 'C:\Windows\System32\crypt32.dll'
840.1864: supR3HardenedWinVerifyCacheProcessWvtTodos: 0 (was 0) fWinVerifyTrust=1 for '\Device\HarddiskVolume3\Windows\System32\cryptsp.dll'
840.1864: supR3HardenedMonitor_LdrLoadDll: returns rcNt=0x0 hMod=00007ffe0de90000 'C:\Windows\system32\rsaenh.dll'
840.1864: supR3HardenedMonitor_LdrLoadDll: returns rcNt=0x0 hMod=00007ffe0f6d0000 'C:\Windows\System32\crypt32.dll'
840.1864: supR3HardenedWinVerifyCacheProcessWvtTodos: 0 (was 0) fWinVerifyTrust=1 for '\Device\HarddiskVolume3\Windows\System32\bcryptprimitives.dll'
840.1864: supR3HardenedMonitor_LdrLoadDll: returns rcNt=0x0 hMod=00007ffe0de90000 'C:\Windows\system32\rsaenh.dll'
840.1864: supR3HardenedMonitor_LdrLoadDll: returns rcNt=0x0 hMod=00007ffe0f6d0000 'C:\Windows\System32\crypt32.dll'
840.1864: supR3HardenedWinVerifyCacheProcessWvtTodos: 0 (was 0) fWinVerifyTrust=1 for '\Device\HarddiskVolume3\Windows\System32\bcrypt.dll'
840.1864: supR3HardenedMonitor_LdrLoadDll: returns rcNt=0x0 hMod=00007ffe0de90000 'C:\Windows\system32\rsaenh.dll'
840.1864: supR3HardenedMonitor_LdrLoadDll: returns rcNt=0x0 hMod=00007ffe0f6d0000 'C:\Windows\System32\crypt32.dll'
840.1864: supR3HardenedWinVerifyCacheProcessWvtTodos: 0 (was 0) fWinVerifyTrust=1 for '\Device\HarddiskVolume3\Windows\System32\msasn1.dll'
840.1864: supR3HardenedMonitor_LdrLoadDll: returns rcNt=0x0 hMod=00007ffe0de90000 'C:\Windows\system32\rsaenh.dll'
840.1864: supR3HardenedMonitor_LdrLoadDll: returns rcNt=0x0 hMod=00007ffe0f6d0000 'C:\Windows\System32\crypt32.dll'
840.1864: supR3HardenedWinVerifyCacheProcessWvtTodos: 0 (was 0) fWinVerifyTrust=1 for '\Device\HarddiskVolume3\Windows\System32\ucrtbase.dll'
840.1864: supR3HardenedMonitor_LdrLoadDll: returns rcNt=0x0 hMod=00007ffe0de90000 'C:\Windows\system32\rsaenh.dll'
840.1864: supR3HardenedMonitor_LdrLoadDll: returns rcNt=0x0 hMod=00007ffe0f6d0000 'C:\Windows\System32\crypt32.dll'
840.1864: supR3HardenedWinVerifyCacheProcessWvtTodos: 0 (was 0) fWinVerifyTrust=1 for '\Device\HarddiskVolume3\Windows\System32\msvcrt.dll'
840.1864: supR3HardenedMonitor_LdrLoadDll: returns rcNt=0x0 hMod=00007ffe0de90000 'C:\Windows\system32\rsaenh.dll'
840.1864: supR3HardenedMonitor_LdrLoadDll: returns rcNt=0x0 hMod=00007ffe0f6d0000 'C:\Windows\System32\crypt32.dll'
840.1864: supR3HardenedWinVerifyCacheProcessWvtTodos: 0 (was 0) fWinVerifyTrust=1 for '\Device\HarddiskVolume3\Windows\System32\rpcrt4.dll'
840.1864: supR3HardenedMonitor_LdrLoadDll: returns rcNt=0x0 hMod=00007ffe0de90000 'C:\Windows\system32\rsaenh.dll'
840.1864: supR3HardenedMonitor_LdrLoadDll: returns rcNt=0x0 hMod=00007ffe0f6d0000 'C:\Windows\System32\crypt32.dll'
840.1864: supR3HardenedWinVerifyCacheProcessWvtTodos: 0 (was 0) fWinVerifyTrust=1 for '\Device\HarddiskVolume3\Program Files\Oracle\VirtualBox\VBoxSupLib.dll'
840.1864: supR3HardenedMonitor_LdrLoadDll: returns rcNt=0x0 hMod=00007ffe0de90000 'C:\Windows\system32\rsaenh.dll'
840.1864: supR3HardenedMonitor_LdrLoadDll: returns rcNt=0x0 hMod=00007ffe0f6d0000 'C:\Windows\System32\crypt32.dll'
840.1864: supR3HardenedWinVerifyCacheProcessWvtTodos: 0 (was 0) fWinVerifyTrust=1 for '\Device\HarddiskVolume3\Program Files\Oracle\VirtualBox\VirtualBoxVM.exe'
840.1864: supR3HardenedMonitor_LdrLoadDll: returns rcNt=0x0 hMod=00007ffe0de90000 'C:\Windows\system32\rsaenh.dll'
840.1864: supR3HardenedMonitor_LdrLoadDll: returns rcNt=0x0 hMod=00007ffe0f6d0000 'C:\Windows\System32\crypt32.dll'
840.1864: supR3HardenedWinVerifyCacheProcessWvtTodos: 0 (was 0) fWinVerifyTrust=1 for '\Device\HarddiskVolume3\Windows\System32\KernelBase.dll'
840.1864: supR3HardenedMonitor_LdrLoadDll: returns rcNt=0x0 hMod=00007ffe0de90000 'C:\Windows\system32\rsaenh.dll'
840.1864: supR3HardenedMonitor_LdrLoadDll: returns rcNt=0x0 hMod=00007ffe0f6d0000 'C:\Windows\System32\crypt32.dll'
840.1864: supR3HardenedWinVerifyCacheProcessWvtTodos: 0 (was 0) fWinVerifyTrust=1 for '\Device\HarddiskVolume3\Windows\System32\kernel32.dll'
840.1864: supR3HardenedMonitor_LdrLoadDll: returns rcNt=0x0 hMod=00007ffe0f6d0000 'C:\Windows\system32\crypt32.dll'
840.1864: supR3HardenedWinIsDesiredRootCA: Adding 0x5ad46780fa5df300 DC=com, DC=microsoft, CN=Microsoft Root Certificate Authority
840.1864: supR3HardenedWinIsDesiredRootCA: Adding 0xea5386456178582b C=ZA, ST=Western Cape, L=Durbanville, O=Thawte, OU=Thawte Certification, CN=Thawte Timestamping CA
840.1864: supR3HardenedWinIsDesiredRootCA: Adding 0x3be670c1bd02a900 OU=Copyright (c) 1997 Microsoft Corp., OU=Microsoft Corporation, CN=Microsoft Root Authority
840.1864: supR3HardenedWinIsDesiredRootCA: Adding 0xe991ee72b03db500 C=US, O=Symantec Corporation, CN=Symantec Enterprise Mobile Root for Microsoft
840.1864: supR3HardenedWinIsDesiredRootCA: Adding 0x4d3835aa4180b200 C=US, ST=Washington, L=Redmond, O=Microsoft Corporation, CN=Microsoft Root Certificate Authority 2011
840.1864: supR3HardenedWinIsDesiredRootCA: Adding 0x646e3fe3ba08df00 C=US, O=MSFT, CN=Microsoft Authenticode(tm) Root Authority
840.1864: supR3HardenedWinIsDesiredRootCA: Adding 0xece4e4289e08b900 C=US, ST=Washington, L=Redmond, O=Microsoft Corporation, CN=Microsoft Root Certificate Authority 2010
840.1864: supR3HardenedWinIsDesiredRootCA: Adding 0xf3bb4d7e894b420 C=US, ST=Washington, L=Redmond, O=Microsoft Corporation, CN=Microsoft ECC TS Root Certificate Authority 2018
840.1864: supR3HardenedWinIsDesiredRootCA: Adding 0x43a9cc371ff5385a O=Microsoft Trust Network, OU=Microsoft Corporation, OU=Microsoft Time Stamping Service Root, OU=Copyright (c) 1997 Microsoft Corp.
840.1864: supR3HardenedWinIsDesiredRootCA: Adding 0x2e2d2c7c68f0202e O=VeriSign Trust Network, OU=VeriSign, Inc., OU=VeriSign Time Stamping Service Root, OU=NO LIABILITY ACCEPTED, (c)97 VeriSign, Inc.
840.1864: supR3HardenedWinIsDesiredRootCA: Adding 0xcec3d46562b9be8e C=US, ST=Washington, L=Redmond, O=Microsoft Corporation, CN=Microsoft ECC Product Root Certificate Authority 2018
840.1864: supR3HardenedWinIsDesiredRootCA: Adding 0xca58a05dd401ae00 C=US, ST=Washington, L=Redmond, O=Microsoft Corporation, CN=Microsoft Time Stamp Root Certificate Authority 2014
840.1864: supR3HardenedWinIsDesiredRootCA: Adding 0x670683072a91b300 C=US, O=Microsoft Corporation, CN=Microsoft Identity Verification Root Certificate Authority 2020
840.1864: supR3HardenedWinIsDesiredRootCA: Adding 0x61a3a33f81aace00 C=US, ST=UT, L=Salt Lake City, O=The USERTRUST Network, OU=http://www.usertrust.com, CN=UTN-USERFirst-Object
840.1864: supR3HardenedWinIsDesiredRootCA: Adding 0x3d993fde1950a700 C=US, O=IdenTrust, CN=IdenTrust Commercial Root CA 1
840.1864: supR3HardenedWinIsDesiredRootCA: Adding 0x6b7bdc34cd37bb00 C=US, O=DigiCert Inc, OU=www.digicert.com, CN=DigiCert Global Root G2
840.1864: supR3HardenedWinIsDesiredRootCA: Adding 0x57ba5395b561bf00 C=BM, O=QuoVadis Limited, OU=Root Certification Authority, CN=QuoVadis Root Certification Authority
840.1864: supR3HardenedWinIsDesiredRootCA: Adding 0xf4fd306318ccda00 C=US, O=GeoTrust Inc., CN=GeoTrust Global CA
840.1864: supR3HardenedWinIsDesiredRootCA: Adding 0xbbde687390e6bf00 C=US, O=DigiCert Inc, OU=www.digicert.com, CN=DigiCert Trusted Root G4
840.1864: supR3HardenedWinIsDesiredRootCA: Adding 0x780679907625cc00 OU=GlobalSign Root CA - R3, O=GlobalSign, CN=GlobalSign
840.1864: supR3HardenedWinIsDesiredRootCA: Adding 0xa0ee62086758b15d C=US, O=Equifax, OU=Equifax Secure Certificate Authority
840.1864: supR3HardenedWinIsDesiredRootCA: Adding 0xeae16ef49d40be00 C=GB, ST=Greater Manchester, L=Salford, O=Comodo CA Limited, CN=AAA Certificate Services
840.1864: supR3HardenedWinIsDesiredRootCA: Adding 0xc6536f24d57ae723 C=US, ST=New Jersey, L=Jersey City, O=The USERTRUST Network, CN=USERTrust ECC Certification Authority
840.1864: supR3HardenedWinIsDesiredRootCA: Adding 0x2404221294e78d00 C=GB, O=Sectigo Limited, CN=Sectigo Public Code Signing Root R46
840.1864: supR3HardenedWinIsDesiredRootCA: Adding 0x3714f47324e8ad00 C=US, O=Internet Security Research Group, CN=ISRG Root X1
840.1864: supR3HardenedWinIsDesiredRootCA: Adding 0x96cb178d285f9e36 C=US, ST=Texas, L=Houston, O=SSL Corporation, CN=SSL.com Root Certification Authority ECC
840.1864: supR3HardenedWinIsDesiredRootCA: Adding 0x1591b8ac8dcabd00 C=CN, O=WoSign CA Limited, CN=Certification Authority of WoSign
840.1864: supR3HardenedWinIsDesiredRootCA: Adding 0xcb7d2ba3dd0ff900 C=US, ST=Texas, L=Houston, O=SSL Corporation, CN=SSL.com Root Certification Authority RSA
840.1864: supR3HardenedWinIsDesiredRootCA: Adding 0x8ff6fc03c1edbd00 C=US, ST=Arizona, L=Scottsdale, O=Starfield Technologies, Inc., CN=Starfield Root Certificate Authority - G2
840.1864: supR3HardenedWinIsDesiredRootCA: Adding 0xa3ce8d99e60eda00 C=BE, O=GlobalSign nv-sa, OU=Root CA, CN=GlobalSign Root CA
840.1864: supR3HardenedWinIsDesiredRootCA: Adding 0x560ad29254e89100 C=GB, ST=Greater Manchester, L=Salford, O=COMODO CA Limited, CN=COMODO RSA Certification Authority
840.1864: supR3HardenedWinIsDesiredRootCA: Adding 0xa671e9fec832b700 C=US, O=Starfield Technologies, Inc., OU=Starfield Class 2 Certification Authority
840.1864: supR3HardenedWinIsDesiredRootCA: Adding 0xa8de7211e13be200 C=US, O=DigiCert Inc, OU=www.digicert.com, CN=DigiCert Global Root CA
840.1864: supR3HardenedWinIsDesiredRootCA: Adding 0x7ae89c50f0b6a00f C=US, O=GTE Corporation, OU=GTE CyberTrust Solutions, Inc., CN=GTE CyberTrust Global Root
840.1864: supR3HardenedWinIsDesiredRootCA: Adding 0x4ef92ac43a0cd500 C=US, ST=Arizona, L=Scottsdale, O=Starfield Technologies, Inc., CN=Starfield Services Root Certificate Authority - G2
840.1864: supR3HardenedWinIsDesiredRootCA: Adding 0xf966ca73e8079500 OU=GlobalSign Root CA - R6, O=GlobalSign, CN=GlobalSign
840.1864: supR3HardenedWinIsDesiredRootCA: Adding 0xbebef0d2217f0bfb C=US, O=DigiCert Inc, OU=www.digicert.com, CN=DigiCert Global Root G3
840.1864: supR3HardenedWinIsDesiredRootCA: Adding 0x14018a1bf29e595c C=US, O=VeriSign, Inc., OU=Class 3 Public Primary Certification Authority
840.1864: supR3HardenedWinIsDesiredRootCA: Adding 0x298c3394be5bca00 C=US, O=Microsoft Corporation, CN=Microsoft RSA Root Certificate Authority 2017
840.1864: supR3HardenedWinIsDesiredRootCA: Adding 0x9e5bc2d78b6a3636 C=ZA, ST=Western Cape, L=Cape Town, O=Thawte Consulting cc, OU=Certification Services Division, CN=Thawte Premium Server CA, Email=premium-server@thawte.com
840.1864: supR3HardenedWinIsDesiredRootCA: Adding 0xd4fbe673e5ccc600 C=US, O=DigiCert Inc, OU=www.digicert.com, CN=DigiCert High Assurance EV Root CA
840.1864: supR3HardenedWinIsDesiredRootCA: Adding 0x362d8807333b600 C=US, O=DigiCert, Inc., CN=DigiCert CS RSA4096 Root G5
840.1864: supR3HardenedWinIsDesiredRootCA: Adding 0x1b8578514b74ac00 C=US, O=WFA Hotspot 2.0, CN=Hotspot 2.0 Trust Root CA - 03
840.1864: supR3HardenedWinIsDesiredRootCA: Adding 0xe87add30c52db600 C=BE, O=GlobalSign nv-sa, CN=GlobalSign Code Signing Root R45
840.1864: supR3HardenedWinIsDesiredRootCA: Adding 0x357a29080824af00 C=US, O=VeriSign, Inc., OU=VeriSign Trust Network, OU=(c) 2006 VeriSign, Inc. - For authorized use only, CN=VeriSign Class 3 Public Primary Certification Authority - G5
840.1864: supR3HardenedWinIsDesiredRootCA: Adding 0x466cbc09db88c100 C=IL, O=StartCom Ltd., OU=Secure Digital Certificate Signing, CN=StartCom Certification Authority
840.1864: supR3HardenedWinIsDesiredRootCA: Adding 0x3401b15e3761c700 C=US, O=VeriSign, Inc., OU=VeriSign Trust Network, OU=(c) 2008 VeriSign, Inc. - For authorized use only, CN=VeriSign Universal Root Certification Authority
840.1864: supR3HardenedWinIsDesiredRootCA: Adding 0xc30e361765128000 C=US, ST=New Jersey, L=Jersey City, O=The USERTRUST Network, CN=USERTrust RSA Certification Authority
840.1864: supR3HardenedWinIsDesiredRootCA: Adding 0xc2ba72a37dfbe300 C=PL, O=Unizeto Technologies S.A., OU=Certum Certification Authority, CN=Certum Trusted Network CA
840.1864: supR3HardenedWinIsDesiredRootCA: Adding 0x8043e4ce150ead00 C=US, O=DigiCert Inc, OU=www.digicert.com, CN=DigiCert Assured ID Root CA
840.1864: supR3HardenedWinIsDesiredRootCA: Adding 0xf2e6331af7b700 C=SE, O=AddTrust AB, OU=AddTrust External TTP Network, CN=AddTrust External CA Root
840.1864: supR3HardenedWinRetrieveTrustedRootCAs: cAdded=51
840.1864: SUPR3HardenedMain: Load Runtime...
840.1864: supR3HardenedMonitor_LdrLoadDll: returns rcNt=0x0 hMod=00007ffe0de90000 'C:\Windows\system32\rsaenh.dll'
840.1864: supR3HardenedMonitor_LdrLoadDll: returns rcNt=0x0 hMod=00007ffe0f6d0000 'C:\Windows\System32\crypt32.dll'
840.1864: supR3HardenedWinVerifyCacheScheduleImports: Import todo: #0 'mpr.dll'.
840.1864: supR3HardenedWinVerifyCacheScheduleImports: Import todo: #2 'rpcrt4.dll'.
840.1864: supR3HardenedWinVerifyCacheScheduleImports: Import todo: #14 'vcruntime140.dll'.
840.1864: supR3HardenedWinVerifyCacheScheduleImports: Import todo: #15 'vcruntime140_1.dll'.
840.1864: supR3HardenedWinVerifyCacheScheduleImports: Import todo: #16 'msvcp140.dll'.
840.1864: supR3HardenedWinVerifyCacheScheduleImports: Import todo: #17 'ws2_32.dll'.
840.1864: supHardenedWinVerifyImageByHandle: -> 0 (\Device\HarddiskVolume3\Program Files\Oracle\VirtualBox\VBoxRT.dll) WinVerifyTrust
840.1864: supR3HardenedWinVerifyCacheInsert: \Device\HarddiskVolume3\Program Files\Oracle\VirtualBox\VBoxRT.dll
840.1864: supR3HardenedWinVerifyCacheProcessImportTodos: Processing 'ws2_32.dll'...
840.1864: supR3HardenedWinVerifyCacheProcessImportTodos: 'ws2_32.dll' -> '\Device\HarddiskVolume3\Windows\System32\ws2_32.dll' [rcNtRedir=0xc0150008]
840.1864: supR3HardenedMonitor_LdrLoadDll: returns rcNt=0x0 hMod=00007ffe0de90000 'C:\Windows\system32\rsaenh.dll'
840.1864: supR3HardenedMonitor_LdrLoadDll: returns rcNt=0x0 hMod=00007ffe0f6d0000 'C:\Windows\System32\crypt32.dll'
840.1864: supR3HardenedWinVerifyCacheScheduleImports: Import todo: #26 'rpcrt4.dll'.
840.1864: supHardenedWinVerifyImageByHandle: -> 0 (\Device\HarddiskVolume3\Windows\System32\ws2_32.dll) WinVerifyTrust
840.1864: supR3HardenedWinVerifyCacheInsert: \Device\HarddiskVolume3\Windows\System32\ws2_32.dll
840.1864: supR3HardenedWinVerifyCacheProcessImportTodos: Processing 'msvcp140.dll'...
840.1864: supR3HardenedWinVerifyCacheProcessImportTodos: 'msvcp140.dll' -> '\Device\HarddiskVolume3\Windows\System32\msvcp140.dll' [rcNtRedir=0xc0150008]
840.1864: supR3HardenedWinVerifyCacheProcessImportTodos: Processing 'rpcrt4.dll'...
840.1864: supR3HardenedWinVerifyCacheProcessImportTodos: 'rpcrt4.dll' -> '\Device\HarddiskVolume3\Windows\System32\rpcrt4.dll' [rcNtRedir=0xc0150008]
840.1864: supR3HardenedScreenImage/Imports: cache hit (VINF_SUCCESS) on \Device\HarddiskVolume3\Windows\System32\rpcrt4.dll
840.1864: supR3HardenedMonitor_LdrLoadDll: returns rcNt=0x0 hMod=00007ffe0de90000 'C:\Windows\system32\rsaenh.dll'
840.1864: supR3HardenedMonitor_LdrLoadDll: returns rcNt=0x0 hMod=00007ffe0f6d0000 'C:\Windows\System32\crypt32.dll'
840.1864: supR3HardenedWinVerifyCacheScheduleImports: Import todo: #0 'vcruntime140.dll'.
840.1864: supR3HardenedWinVerifyCacheScheduleImports: Import todo: #1 'vcruntime140_1.dll'.
840.1864: supHardenedWinVerifyImageByHandle: -> 0 (\Device\HarddiskVolume3\Windows\System32\msvcp140.dll) WinVerifyTrust
840.1864: supR3HardenedWinVerifyCacheInsert: \Device\HarddiskVolume3\Windows\System32\msvcp140.dll
840.1864: supR3HardenedWinVerifyCacheProcessImportTodos: Processing 'vcruntime140_1.dll'...
840.1864: supR3HardenedWinVerifyCacheProcessImportTodos: 'vcruntime140_1.dll' -> '\Device\HarddiskVolume3\Windows\System32\vcruntime140_1.dll' [rcNtRedir=0xc0150008]
840.1864: supR3HardenedWinVerifyCacheProcessImportTodos: Processing 'vcruntime140_1.dll'...
840.1864: supR3HardenedWinVerifyCacheProcessImportTodos: 'vcruntime140_1.dll' -> '\Device\HarddiskVolume3\Windows\System32\vcruntime140_1.dll' [rcNtRedir=0xc0150008]
840.1864: Detected WinVerifyTrust recursion: rc=VINF_SUCCESS '\Device\HarddiskVolume3\Windows\System32\vcruntime140_1.dll'.
840.1864: supR3HardenedWinVerifyCacheScheduleImports: Import todo: #3 'vcruntime140.dll'.
840.1864: supHardenedWinVerifyImageByHandle: -> 0 (\Device\HarddiskVolume3\Windows\System32\vcruntime140_1.dll)
840.1864: supR3HardenedWinVerifyCacheInsert: \Device\HarddiskVolume3\Windows\System32\vcruntime140_1.dll
840.1864: supR3HardenedWinVerifyCacheProcessImportTodos: Processing 'vcruntime140.dll'...
840.1864: supR3HardenedWinVerifyCacheProcessImportTodos: 'vcruntime140.dll' -> '\Device\HarddiskVolume3\Windows\System32\vcruntime140.dll' [rcNtRedir=0xc0150008]
840.1864: Detected WinVerifyTrust recursion: rc=VINF_SUCCESS '\Device\HarddiskVolume3\Windows\System32\vcruntime140.dll'.
840.1864: supHardenedWinVerifyImageByHandle: -> 0 (\Device\HarddiskVolume3\Windows\System32\vcruntime140.dll)
840.1864: supR3HardenedWinVerifyCacheInsert: \Device\HarddiskVolume3\Windows\System32\vcruntime140.dll
840.1864: supR3HardenedWinVerifyCacheProcessImportTodos: Processing 'vcruntime140.dll'...
840.1864: supR3HardenedWinVerifyCacheProcessImportTodos: 'vcruntime140.dll' -> '\Device\HarddiskVolume3\Windows\System32\vcruntime140.dll' [rcNtRedir=0xc0150008]
840.1864: supR3HardenedScreenImage/Imports: cache hit (VINF_SUCCESS) on \Device\HarddiskVolume3\Windows\System32\vcruntime140.dll [lacks WinVerifyTrust]
840.1864: supR3HardenedMonitor_LdrLoadDll: returns rcNt=0x0 hMod=00007ffe0de90000 'C:\Windows\system32\rsaenh.dll'
840.1864: supR3HardenedScreenImage/LdrLoadDll: cache hit (VINF_SUCCESS) on \Device\HarddiskVolume3\Windows\System32\crypt32.dll
840.1864: supR3HardenedMonitor_LdrLoadDll: pName=C:\Windows\System32\crypt32.dll (Input=crypt32.dll, rcNtResolve=0xc0150008) *pfFlags=0x0 pwszSearchPath=0000000000000001:<flags> [calling]
840.1864: supR3HardenedMonitor_LdrLoadDll: returns rcNt=0x0 hMod=00007ffe0f6d0000 'C:\Windows\System32\crypt32.dll'
840.1864: supR3HardenedWinVerifyCacheScheduleImports: Import todo: #3 'vcruntime140.dll'.
840.1864: supHardenedWinVerifyImageByHandle: -> 0 (\Device\HarddiskVolume3\Windows\System32\vcruntime140_1.dll) WinVerifyTrust
840.1864: supR3HardenedWinVerifyCacheProcessImportTodos: Processing 'vcruntime140.dll'...
840.1864: supR3HardenedWinVerifyCacheProcessImportTodos: 'vcruntime140.dll' -> '\Device\HarddiskVolume3\Windows\System32\vcruntime140.dll' [rcNtRedir=0xc0150008]
840.1864: supR3HardenedScreenImage/Imports: cache hit (VINF_SUCCESS) on \Device\HarddiskVolume3\Windows\System32\vcruntime140.dll [redoing WinVerifyTrust]
840.1864: supR3HardenedWinVerifyCacheProcessImportTodos: Processing 'vcruntime140.dll'...
840.1864: supR3HardenedWinVerifyCacheProcessImportTodos: 'vcruntime140.dll' -> '\Device\HarddiskVolume3\Windows\System32\vcruntime140.dll' [rcNtRedir=0xc0150008]
840.1864: supR3HardenedScreenImage/Imports: cache hit (VINF_SUCCESS) on \Device\HarddiskVolume3\Windows\System32\vcruntime140.dll [lacks WinVerifyTrust]
840.1864: supR3HardenedMonitor_LdrLoadDll: returns rcNt=0x0 hMod=00007ffe0de90000 'C:\Windows\system32\rsaenh.dll'
840.1864: supR3HardenedMonitor_LdrLoadDll: returns rcNt=0x0 hMod=00007ffe0f6d0000 'C:\Windows\System32\crypt32.dll'
840.1864: supR3HardenedScreenImage/Imports: 0 (was 0) fWinVerifyTrust=1 for '\Device\HarddiskVolume3\Windows\System32\vcruntime140.dll'
840.1864: supR3HardenedWinVerifyCacheProcessImportTodos: Processing 'rpcrt4.dll'...
840.1864: supR3HardenedWinVerifyCacheProcessImportTodos: 'rpcrt4.dll' -> '\Device\HarddiskVolume3\Windows\System32\rpcrt4.dll' [rcNtRedir=0xc0150008]
840.1864: supR3HardenedScreenImage/Imports: cache hit (VINF_SUCCESS) on \Device\HarddiskVolume3\Windows\System32\rpcrt4.dll
840.1864: supR3HardenedWinVerifyCacheProcessImportTodos: Processing 'mpr.dll'...
840.1864: supR3HardenedWinVerifyCacheProcessImportTodos: 'mpr.dll' -> '\Device\HarddiskVolume3\Windows\System32\mpr.dll' [rcNtRedir=0xc0150008]
840.1864: supR3HardenedScreenImage/LdrLoadDll: cache hit (VINF_SUCCESS) on \Device\HarddiskVolume3\Windows\System32\rsaenh.dll
840.1864: supR3HardenedMonitor_LdrLoadDll: pName=C:\Windows\system32\rsaenh.dll (rcNtResolve=0xc0150008) *pfFlags=0x0 pwszSearchPath=0000000000000001:<flags> [calling]
840.1864: supR3HardenedMonitor_LdrLoadDll: returns rcNt=0x0 hMod=00007ffe0de90000 'C:\Windows\system32\rsaenh.dll'
840.1864: supR3HardenedMonitor_LdrLoadDll: returns rcNt=0x0 hMod=00007ffe0f6d0000 'C:\Windows\System32\crypt32.dll'
840.1864: supHardenedWinVerifyImageByHandle: -> 0 (\Device\HarddiskVolume3\Windows\System32\mpr.dll) WinVerifyTrust
840.1864: supR3HardenedWinVerifyCacheInsert: \Device\HarddiskVolume3\Windows\System32\mpr.dll
840.1864: supR3HardenedMonitor_LdrLoadDll: pName=C:\Program Files\Oracle\VirtualBox\VBoxRT.dll (rcNtResolve=0xc0150008) *pfFlags=0x0 pwszSearchPath=0000000000000a01:<flags> [calling]
840.1864: supR3HardenedScreenImage/NtCreateSection: cache hit (VINF_SUCCESS) on \Device\HarddiskVolume3\Program Files\Oracle\VirtualBox\VBoxRT.dll
840.1864: supR3HardenedScreenImage/NtCreateSection: cache hit (VINF_SUCCESS) on \Device\HarddiskVolume3\Windows\System32\mpr.dll
840.1864: supR3HardenedScreenImage/NtCreateSection: cache hit (VINF_SUCCESS) on \Device\HarddiskVolume3\Windows\System32\vcruntime140.dll
840.1864: supR3HardenedScreenImage/NtCreateSection: cache hit (VINF_SUCCESS) on \Device\HarddiskVolume3\Windows\System32\vcruntime140_1.dll [avoiding WinVerifyTrust]
840.1864: supR3HardenedScreenImage/NtCreateSection: cache hit (VINF_SUCCESS) on \Device\HarddiskVolume3\Windows\System32\msvcp140.dll
840.1864: supR3HardenedDllNotificationCallback: load   00007ffdee070000 LB 0x0001d000 C:\Windows\SYSTEM32\MPR.dll [fFlags=0x0]
840.1864: supR3HardenedScreenImage/LdrLoadDll: cache hit (VINF_SUCCESS) on \Device\HarddiskVolume3\Windows\System32\mpr.dll
840.1864: supR3HardenedDllNotificationCallback: load   00007ffdfd280000 LB 0x0001e000 C:\Windows\SYSTEM32\VCRUNTIME140.dll [fFlags=0x0]
840.1864: supR3HardenedScreenImage/LdrLoadDll: cache hit (VINF_SUCCESS) on \Device\HarddiskVolume3\Windows\System32\vcruntime140.dll
840.1864: supR3HardenedDllNotificationCallback: load   00007ffdfd2b0000 LB 0x0000c000 C:\Windows\SYSTEM32\VCRUNTIME140_1.dll [fFlags=0x0]
840.1864: supR3HardenedScreenImage/LdrLoadDll: cache hit (VINF_SUCCESS) on \Device\HarddiskVolume3\Windows\System32\vcruntime140_1.dll [avoiding WinVerifyTrust]
840.1864: supR3HardenedDllNotificationCallback: load   00007ffdfd1f0000 LB 0x00089000 C:\Windows\SYSTEM32\MSVCP140.dll [fFlags=0x0]
840.1864: supR3HardenedScreenImage/LdrLoadDll: cache hit (VINF_SUCCESS) on \Device\HarddiskVolume3\Windows\System32\msvcp140.dll
840.1864: supR3HardenedDllNotificationCallback: load   00007ffe111f0000 LB 0x0006b000 C:\Windows\System32\WS2_32.dll [fFlags=0x0]
840.1864: supR3HardenedScreenImage/LdrLoadDll: cache hit (VINF_SUCCESS) on \Device\HarddiskVolume3\Windows\System32\ws2_32.dll
840.1864: supR3HardenedDllNotificationCallback: load   00007ffd935b0000 LB 0x0074a000 C:\Program Files\Oracle\VirtualBox\VBoxRT.dll [fFlags=0x0]
840.1864: supR3HardenedScreenImage/LdrLoadDll: cache hit (VINF_SUCCESS) on \Device\HarddiskVolume3\Program Files\Oracle\VirtualBox\VBoxRT.dll
840.1864: Detected loader lock ownership: rc=VINF_SUCCESS '\Device\HarddiskVolume3\Windows\System32\vcruntime140_1.dll'.
840.1864: supR3HardenedWinVerifyCacheProcessWvtTodos: 0 (was 0) fWinVerifyTrust=0 for '\Device\HarddiskVolume3\Windows\System32\vcruntime140_1.dll' [rescheduled]
840.1864: supR3HardenedIsApiSetDll: ApiSetQueryApiSetPresence(api-ms-win-core-synch-l1-2-0) -> 0x0, fPresent=1
840.1864: supR3HardenedMonitor_LdrLoadDll: pName=api-ms-win-core-synch-l1-2-0 (rcNtResolve=0x0) *pfFlags=0x0 pwszSearchPath=0000000000000801:<flags> [calling]
840.1864: supR3HardenedMonitor_LdrLoadDll: returns rcNt=0x0 hMod=00007ffe0eeb0000 'api-ms-win-core-synch-l1-2-0'
840.1864: Detected loader lock ownership: rc=VINF_SUCCESS '\Device\HarddiskVolume3\Windows\System32\vcruntime140_1.dll'.
840.1864: supR3HardenedWinVerifyCacheProcessWvtTodos: 0 (was 0) fWinVerifyTrust=0 for '\Device\HarddiskVolume3\Windows\System32\vcruntime140_1.dll' [rescheduled]
840.1864: Detected loader lock ownership: rc=VINF_SUCCESS '\Device\HarddiskVolume3\Windows\System32\vcruntime140_1.dll'.
840.1864: supR3HardenedWinVerifyCacheProcessWvtTodos: 0 (was 0) fWinVerifyTrust=0 for '\Device\HarddiskVolume3\Windows\System32\vcruntime140_1.dll' [rescheduled]
840.1864: supR3HardenedIsApiSetDll: ApiSetQueryApiSetPresence(api-ms-win-core-fibers-l1-1-1) -> 0x0, fPresent=1
840.1864: supR3HardenedMonitor_LdrLoadDll: pName=api-ms-win-core-fibers-l1-1-1 (rcNtResolve=0x0) *pfFlags=0x0 pwszSearchPath=0000000000000801:<flags> [calling]
840.1864: supR3HardenedMonitor_LdrLoadDll: returns rcNt=0x0 hMod=00007ffe0eeb0000 'api-ms-win-core-fibers-l1-1-1'
840.1864: Detected loader lock ownership: rc=VINF_SUCCESS '\Device\HarddiskVolume3\Windows\System32\vcruntime140_1.dll'.
840.1864: supR3HardenedWinVerifyCacheProcessWvtTodos: 0 (was 0) fWinVerifyTrust=0 for '\Device\HarddiskVolume3\Windows\System32\vcruntime140_1.dll' [rescheduled]
840.1864: Detected loader lock ownership: rc=VINF_SUCCESS '\Device\HarddiskVolume3\Windows\System32\vcruntime140_1.dll'.
840.1864: supR3HardenedWinVerifyCacheProcessWvtTodos: 0 (was 0) fWinVerifyTrust=0 for '\Device\HarddiskVolume3\Windows\System32\vcruntime140_1.dll' [rescheduled]
840.1864: supR3HardenedIsApiSetDll: ApiSetQueryApiSetPresence(api-ms-win-core-synch-l1-2-0) -> 0x0, fPresent=1
840.1864: supR3HardenedMonitor_LdrLoadDll: pName=api-ms-win-core-synch-l1-2-0 (rcNtResolve=0x0) *pfFlags=0x0 pwszSearchPath=0000000000000801:<flags> [calling]
840.1864: supR3HardenedMonitor_LdrLoadDll: returns rcNt=0x0 hMod=00007ffe0eeb0000 'api-ms-win-core-synch-l1-2-0'
840.1864: Detected loader lock ownership: rc=VINF_SUCCESS '\Device\HarddiskVolume3\Windows\System32\vcruntime140_1.dll'.
840.1864: supR3HardenedWinVerifyCacheProcessWvtTodos: 0 (was 0) fWinVerifyTrust=0 for '\Device\HarddiskVolume3\Windows\System32\vcruntime140_1.dll' [rescheduled]
840.1864: Detected loader lock ownership: rc=VINF_SUCCESS '\Device\HarddiskVolume3\Windows\System32\vcruntime140_1.dll'.
840.1864: supR3HardenedWinVerifyCacheProcessWvtTodos: 0 (was 0) fWinVerifyTrust=0 for '\Device\HarddiskVolume3\Windows\System32\vcruntime140_1.dll' [rescheduled]
840.1864: supR3HardenedIsApiSetDll: ApiSetQueryApiSetPresence(api-ms-win-core-fibers-l1-1-1) -> 0x0, fPresent=1
840.1864: supR3HardenedMonitor_LdrLoadDll: pName=api-ms-win-core-fibers-l1-1-1 (rcNtResolve=0x0) *pfFlags=0x0 pwszSearchPath=0000000000000801:<flags> [calling]
840.1864: supR3HardenedMonitor_LdrLoadDll: returns rcNt=0x0 hMod=00007ffe0eeb0000 'api-ms-win-core-fibers-l1-1-1'
840.1864: Detected loader lock ownership: rc=VINF_SUCCESS '\Device\HarddiskVolume3\Windows\System32\vcruntime140_1.dll'.
840.1864: supR3HardenedWinVerifyCacheProcessWvtTodos: 0 (was 0) fWinVerifyTrust=0 for '\Device\HarddiskVolume3\Windows\System32\vcruntime140_1.dll' [rescheduled]
840.1864: Detected loader lock ownership: rc=VINF_SUCCESS '\Device\HarddiskVolume3\Windows\System32\vcruntime140_1.dll'.
840.1864: supR3HardenedWinVerifyCacheProcessWvtTodos: 0 (was 0) fWinVerifyTrust=0 for '\Device\HarddiskVolume3\Windows\System32\vcruntime140_1.dll' [rescheduled]
840.1864: supR3HardenedScreenImage/LdrLoadDll: cache hit (VINF_SUCCESS) on \Device\HarddiskVolume3\Windows\System32\kernel32.dll
840.1864: supR3HardenedMonitor_LdrLoadDll: pName=C:\Windows\System32\kernel32.dll (Input=kernel32, rcNtResolve=0xc0150008) *pfFlags=0x0 pwszSearchPath=0000000000000801:<flags> [calling]
840.1864: supR3HardenedMonitor_LdrLoadDll: returns rcNt=0x0 hMod=00007ffe11530000 'C:\Windows\System32\kernel32.dll'
840.1864: Detected loader lock ownership: rc=VINF_SUCCESS '\Device\HarddiskVolume3\Windows\System32\vcruntime140_1.dll'.
840.1864: supR3HardenedWinVerifyCacheProcessWvtTodos: 0 (was 0) fWinVerifyTrust=0 for '\Device\HarddiskVolume3\Windows\System32\vcruntime140_1.dll' [rescheduled]
840.1864: Detected loader lock ownership: rc=VINF_SUCCESS '\Device\HarddiskVolume3\Windows\System32\vcruntime140_1.dll'.
840.1864: supR3HardenedWinVerifyCacheProcessWvtTodos: 0 (was 0) fWinVerifyTrust=0 for '\Device\HarddiskVolume3\Windows\System32\vcruntime140_1.dll' [rescheduled]
840.1864: supR3HardenedIsApiSetDll: ApiSetQueryApiSetPresence(api-ms-win-core-string-l1-1-0) -> 0x0, fPresent=1
840.1864: supR3HardenedMonitor_LdrLoadDll: pName=api-ms-win-core-string-l1-1-0 (rcNtResolve=0x0) *pfFlags=0x0 pwszSearchPath=0000000000000801:<flags> [calling]
840.1864: supR3HardenedMonitor_LdrLoadDll: returns rcNt=0x0 hMod=00007ffe0eeb0000 'api-ms-win-core-string-l1-1-0'
840.1864: Detected loader lock ownership: rc=VINF_SUCCESS '\Device\HarddiskVolume3\Windows\System32\vcruntime140_1.dll'.
840.1864: supR3HardenedWinVerifyCacheProcessWvtTodos: 0 (was 0) fWinVerifyTrust=0 for '\Device\HarddiskVolume3\Windows\System32\vcruntime140_1.dll' [rescheduled]
840.1864: Detected loader lock ownership: rc=VINF_SUCCESS '\Device\HarddiskVolume3\Windows\System32\vcruntime140_1.dll'.
840.1864: supR3HardenedWinVerifyCacheProcessWvtTodos: 0 (was 0) fWinVerifyTrust=0 for '\Device\HarddiskVolume3\Windows\System32\vcruntime140_1.dll' [rescheduled]
840.1864: supR3HardenedIsApiSetDll: ApiSetQueryApiSetPresence(api-ms-win-core-localization-l1-2-1) -> 0x0, fPresent=1
840.1864: supR3HardenedMonitor_LdrLoadDll: pName=api-ms-win-core-localization-l1-2-1 (rcNtResolve=0x0) *pfFlags=0x0 pwszSearchPath=0000000000000801:<flags> [calling]
840.1864: supR3HardenedMonitor_LdrLoadDll: returns rcNt=0x0 hMod=00007ffe0eeb0000 'api-ms-win-core-localization-l1-2-1'
840.1864: Detected loader lock ownership: rc=VINF_SUCCESS '\Device\HarddiskVolume3\Windows\System32\vcruntime140_1.dll'.
840.1864: supR3HardenedWinVerifyCacheProcessWvtTodos: 0 (was 0) fWinVerifyTrust=0 for '\Device\HarddiskVolume3\Windows\System32\vcruntime140_1.dll' [rescheduled]
840.1864: Detected loader lock ownership: rc=VINF_SUCCESS '\Device\HarddiskVolume3\Windows\System32\vcruntime140_1.dll'.
840.1864: supR3HardenedWinVerifyCacheProcessWvtTodos: 0 (was 0) fWinVerifyTrust=0 for '\Device\HarddiskVolume3\Windows\System32\vcruntime140_1.dll' [rescheduled]
840.1864: supR3HardenedIsApiSetDll: ApiSetQueryApiSetPresence(api-ms-win-core-datetime-l1-1-1) -> 0x0, fPresent=1
840.1864: supR3HardenedMonitor_LdrLoadDll: pName=api-ms-win-core-datetime-l1-1-1 (rcNtResolve=0x0) *pfFlags=0x0 pwszSearchPath=0000000000000801:<flags> [calling]
840.1864: supR3HardenedMonitor_LdrLoadDll: returns rcNt=0x0 hMod=00007ffe0eeb0000 'api-ms-win-core-datetime-l1-1-1'
840.1864: Detected loader lock ownership: rc=VINF_SUCCESS '\Device\HarddiskVolume3\Windows\System32\vcruntime140_1.dll'.
840.1864: supR3HardenedWinVerifyCacheProcessWvtTodos: 0 (was 0) fWinVerifyTrust=0 for '\Device\HarddiskVolume3\Windows\System32\vcruntime140_1.dll' [rescheduled]
840.1864: Detected loader lock ownership: rc=VINF_SUCCESS '\Device\HarddiskVolume3\Windows\System32\vcruntime140_1.dll'.
840.1864: supR3HardenedWinVerifyCacheProcessWvtTodos: 0 (was 0) fWinVerifyTrust=0 for '\Device\HarddiskVolume3\Windows\System32\vcruntime140_1.dll' [rescheduled]
840.1864: supR3HardenedIsApiSetDll: ApiSetQueryApiSetPresence(api-ms-win-core-localization-obsolete-l1-2-0) -> 0x0, fPresent=1
840.1864: supR3HardenedMonitor_LdrLoadDll: pName=api-ms-win-core-localization-obsolete-l1-2-0 (rcNtResolve=0x0) *pfFlags=0x0 pwszSearchPath=0000000000000801:<flags> [calling]
840.1864: supR3HardenedMonitor_LdrLoadDll: returns rcNt=0x0 hMod=00007ffe0eeb0000 'api-ms-win-core-localization-obsolete-l1-2-0'
840.1864: Detected loader lock ownership: rc=VINF_SUCCESS '\Device\HarddiskVolume3\Windows\System32\vcruntime140_1.dll'.
840.1864: supR3HardenedWinVerifyCacheProcessWvtTodos: 0 (was 0) fWinVerifyTrust=0 for '\Device\HarddiskVolume3\Windows\System32\vcruntime140_1.dll' [rescheduled]
840.1864: Detected loader lock ownership: rc=VINF_SUCCESS '\Device\HarddiskVolume3\Windows\System32\vcruntime140_1.dll'.
840.1864: supR3HardenedWinVerifyCacheProcessWvtTodos: 0 (was 0) fWinVerifyTrust=0 for '\Device\HarddiskVolume3\Windows\System32\vcruntime140_1.dll' [rescheduled]
840.1864: supR3HardenedScreenImage/LdrLoadDll: cache hit (VINF_SUCCESS) on \Device\HarddiskVolume3\Program Files\Oracle\VirtualBox\VBoxRT.dll
840.1864: supR3HardenedMonitor_LdrLoadDll: pName=C:\Program Files\Oracle\VirtualBox\VBoxRT.dll (rcNtResolve=0xc0150008) *pfFlags=0x0 pwszSearchPath=0000000000000001:<flags> [calling]
840.1864: supR3HardenedMonitor_LdrLoadDll: returns rcNt=0x0 hMod=00007ffd935b0000 'C:\Program Files\Oracle\VirtualBox\VBoxRT.dll'
840.1864: Detected loader lock ownership: rc=VINF_SUCCESS '\Device\HarddiskVolume3\Windows\System32\vcruntime140_1.dll'.
840.1864: supR3HardenedWinVerifyCacheProcessWvtTodos: 0 (was 0) fWinVerifyTrust=0 for '\Device\HarddiskVolume3\Windows\System32\vcruntime140_1.dll' [rescheduled]
840.1864: Detected loader lock ownership: rc=VINF_SUCCESS '\Device\HarddiskVolume3\Windows\System32\vcruntime140_1.dll'.
840.1864: supR3HardenedWinVerifyCacheProcessWvtTodos: 0 (was 0) fWinVerifyTrust=0 for '\Device\HarddiskVolume3\Windows\System32\vcruntime140_1.dll' [rescheduled]
840.1864: supR3HardenedScreenImage/LdrLoadDll: cache hit (VINF_SUCCESS) on \Device\HarddiskVolume3\Program Files\Oracle\VirtualBox\VBoxRT.dll
840.1864: supR3HardenedMonitor_LdrLoadDll: pName=C:\Program Files\Oracle\VirtualBox\VBoxRT.dll (rcNtResolve=0xc0150008) *pfFlags=0x0 pwszSearchPath=0000000000000001:<flags> [calling]
840.1864: supR3HardenedMonitor_LdrLoadDll: returns rcNt=0x0 hMod=00007ffd935b0000 'C:\Program Files\Oracle\VirtualBox\VBoxRT.dll'
840.1864: Detected loader lock ownership: rc=VINF_SUCCESS '\Device\HarddiskVolume3\Windows\System32\vcruntime140_1.dll'.
840.1864: supR3HardenedWinVerifyCacheProcessWvtTodos: 0 (was 0) fWinVerifyTrust=0 for '\Device\HarddiskVolume3\Windows\System32\vcruntime140_1.dll' [rescheduled]
840.1864: Detected loader lock ownership: rc=VINF_SUCCESS '\Device\HarddiskVolume3\Windows\System32\vcruntime140_1.dll'.
840.1864: supR3HardenedWinVerifyCacheProcessWvtTodos: 0 (was 0) fWinVerifyTrust=0 for '\Device\HarddiskVolume3\Windows\System32\vcruntime140_1.dll' [rescheduled]
840.1864: supR3HardenedScreenImage/LdrLoadDll: cache hit (VINF_SUCCESS) on \Device\HarddiskVolume3\Program Files\Oracle\VirtualBox\VBoxRT.dll
840.1864: supR3HardenedMonitor_LdrLoadDll: pName=C:\Program Files\Oracle\VirtualBox\VBoxRT.dll (rcNtResolve=0xc0150008) *pfFlags=0x0 pwszSearchPath=0000000000000001:<flags> [calling]
840.1864: supR3HardenedMonitor_LdrLoadDll: returns rcNt=0x0 hMod=00007ffd935b0000 'C:\Program Files\Oracle\VirtualBox\VBoxRT.dll'
840.1864: Detected loader lock ownership: rc=VINF_SUCCESS '\Device\HarddiskVolume3\Windows\System32\vcruntime140_1.dll'.
840.1864: supR3HardenedWinVerifyCacheProcessWvtTodos: 0 (was 0) fWinVerifyTrust=0 for '\Device\HarddiskVolume3\Windows\System32\vcruntime140_1.dll' [rescheduled]
840.1864: Detected loader lock ownership: rc=VINF_SUCCESS '\Device\HarddiskVolume3\Windows\System32\vcruntime140_1.dll'.
840.1864: supR3HardenedWinVerifyCacheProcessWvtTodos: 0 (was 0) fWinVerifyTrust=0 for '\Device\HarddiskVolume3\Windows\System32\vcruntime140_1.dll' [rescheduled]
840.1864: supR3HardenedScreenImage/LdrLoadDll: cache hit (VINF_SUCCESS) on \Device\HarddiskVolume3\Program Files\Oracle\VirtualBox\VBoxRT.dll
840.1864: supR3HardenedMonitor_LdrLoadDll: pName=C:\Program Files\Oracle\VirtualBox\VBoxRT.dll (rcNtResolve=0xc0150008) *pfFlags=0x0 pwszSearchPath=0000000000000001:<flags> [calling]
840.1864: supR3HardenedMonitor_LdrLoadDll: returns rcNt=0x0 hMod=00007ffd935b0000 'C:\Program Files\Oracle\VirtualBox\VBoxRT.dll'
840.1864: Detected loader lock ownership: rc=VINF_SUCCESS '\Device\HarddiskVolume3\Windows\System32\vcruntime140_1.dll'.
840.1864: supR3HardenedWinVerifyCacheProcessWvtTodos: 0 (was 0) fWinVerifyTrust=0 for '\Device\HarddiskVolume3\Windows\System32\vcruntime140_1.dll' [rescheduled]
840.1864: Detected loader lock ownership: rc=VINF_SUCCESS '\Device\HarddiskVolume3\Windows\System32\vcruntime140_1.dll'.
840.1864: supR3HardenedWinVerifyCacheProcessWvtTodos: 0 (was 0) fWinVerifyTrust=0 for '\Device\HarddiskVolume3\Windows\System32\vcruntime140_1.dll' [rescheduled]
840.1864: supR3HardenedScreenImage/LdrLoadDll: cache hit (VINF_SUCCESS) on \Device\HarddiskVolume3\Program Files\Oracle\VirtualBox\VBoxRT.dll
840.1864: supR3HardenedMonitor_LdrLoadDll: pName=C:\Program Files\Oracle\VirtualBox\VBoxRT.dll (rcNtResolve=0xc0150008) *pfFlags=0x0 pwszSearchPath=0000000000000001:<flags> [calling]
840.1864: supR3HardenedMonitor_LdrLoadDll: returns rcNt=0x0 hMod=00007ffd935b0000 'C:\Program Files\Oracle\VirtualBox\VBoxRT.dll'
840.1864: Detected loader lock ownership: rc=VINF_SUCCESS '\Device\HarddiskVolume3\Windows\System32\vcruntime140_1.dll'.
840.1864: supR3HardenedWinVerifyCacheProcessWvtTodos: 0 (was 0) fWinVerifyTrust=0 for '\Device\HarddiskVolume3\Windows\System32\vcruntime140_1.dll' [rescheduled]
840.1864: Detected loader lock ownership: rc=VINF_SUCCESS '\Device\HarddiskVolume3\Windows\System32\vcruntime140_1.dll'.
840.1864: supR3HardenedWinVerifyCacheProcessWvtTodos: 0 (was 0) fWinVerifyTrust=0 for '\Device\HarddiskVolume3\Windows\System32\vcruntime140_1.dll' [rescheduled]
840.1864: supR3HardenedScreenImage/LdrLoadDll: cache hit (VINF_SUCCESS) on \Device\HarddiskVolume3\Program Files\Oracle\VirtualBox\VBoxRT.dll
840.1864: supR3HardenedMonitor_LdrLoadDll: pName=C:\Program Files\Oracle\VirtualBox\VBoxRT.dll (rcNtResolve=0xc0150008) *pfFlags=0x0 pwszSearchPath=0000000000000001:<flags> [calling]
840.1864: supR3HardenedMonitor_LdrLoadDll: returns rcNt=0x0 hMod=00007ffd935b0000 'C:\Program Files\Oracle\VirtualBox\VBoxRT.dll'
840.1864: Detected loader lock ownership: rc=VINF_SUCCESS '\Device\HarddiskVolume3\Windows\System32\vcruntime140_1.dll'.
840.1864: supR3HardenedWinVerifyCacheProcessWvtTodos: 0 (was 0) fWinVerifyTrust=0 for '\Device\HarddiskVolume3\Windows\System32\vcruntime140_1.dll' [rescheduled]
840.1864: Detected loader lock ownership: rc=VINF_SUCCESS '\Device\HarddiskVolume3\Windows\System32\vcruntime140_1.dll'.
840.1864: supR3HardenedWinVerifyCacheProcessWvtTodos: 0 (was 0) fWinVerifyTrust=0 for '\Device\HarddiskVolume3\Windows\System32\vcruntime140_1.dll' [rescheduled]
840.1864: supR3HardenedMonitor_LdrLoadDll: returns rcNt=0x0 hMod=00007ffd935b0000 'C:\Program Files\Oracle\VirtualBox\VBoxRT.dll'
840.1864: Detected loader lock ownership: rc=VINF_SUCCESS '\Device\HarddiskVolume3\Windows\System32\vcruntime140_1.dll'.
840.1864: supR3HardenedWinVerifyCacheProcessWvtTodos: 0 (was 0) fWinVerifyTrust=0 for '\Device\HarddiskVolume3\Windows\System32\vcruntime140_1.dll' [rescheduled]
840.1864: Detected loader lock ownership: rc=VINF_SUCCESS '\Device\HarddiskVolume3\Windows\System32\vcruntime140_1.dll'.
840.1864: supR3HardenedWinVerifyCacheProcessWvtTodos: 0 (was 0) fWinVerifyTrust=0 for '\Device\HarddiskVolume3\Windows\System32\vcruntime140_1.dll' [rescheduled]
840.1864: supR3HardenedMonitor_LdrLoadDll: returns rcNt=0x0 hMod=00007ffd935b0000 'C:\Program Files\Oracle\VirtualBox\VBoxRT.dll'
840.1864: Detected loader lock ownership: rc=VINF_SUCCESS '\Device\HarddiskVolume3\Windows\System32\vcruntime140_1.dll'.
840.1864: supR3HardenedWinVerifyCacheProcessWvtTodos: 0 (was 0) fWinVerifyTrust=0 for '\Device\HarddiskVolume3\Windows\System32\vcruntime140_1.dll' [rescheduled]
840.1864: Detected loader lock ownership: rc=VINF_SUCCESS '\Device\HarddiskVolume3\Windows\System32\vcruntime140_1.dll'.
840.1864: supR3HardenedWinVerifyCacheProcessWvtTodos: 0 (was 0) fWinVerifyTrust=0 for '\Device\HarddiskVolume3\Windows\System32\vcruntime140_1.dll' [rescheduled]
840.1864: supR3HardenedMonitor_LdrLoadDll: returns rcNt=0x0 hMod=00007ffd935b0000 'C:\Program Files\Oracle\VirtualBox\VBoxRT.dll'
840.1864: Detected loader lock ownership: rc=VINF_SUCCESS '\Device\HarddiskVolume3\Windows\System32\vcruntime140_1.dll'.
840.1864: supR3HardenedWinVerifyCacheProcessWvtTodos: 0 (was 0) fWinVerifyTrust=0 for '\Device\HarddiskVolume3\Windows\System32\vcruntime140_1.dll' [rescheduled]
840.1864: Detected loader lock ownership: rc=VINF_SUCCESS '\Device\HarddiskVolume3\Windows\System32\vcruntime140_1.dll'.
840.1864: supR3HardenedWinVerifyCacheProcessWvtTodos: 0 (was 0) fWinVerifyTrust=0 for '\Device\HarddiskVolume3\Windows\System32\vcruntime140_1.dll' [rescheduled]
840.1864: supR3HardenedMonitor_LdrLoadDll: returns rcNt=0x0 hMod=00007ffd935b0000 'C:\Program Files\Oracle\VirtualBox\VBoxRT.dll'
840.1864: Detected loader lock ownership: rc=VINF_SUCCESS '\Device\HarddiskVolume3\Windows\System32\vcruntime140_1.dll'.
840.1864: supR3HardenedWinVerifyCacheProcessWvtTodos: 0 (was 0) fWinVerifyTrust=0 for '\Device\HarddiskVolume3\Windows\System32\vcruntime140_1.dll' [rescheduled]
840.1864: Detected loader lock ownership: rc=VINF_SUCCESS '\Device\HarddiskVolume3\Windows\System32\vcruntime140_1.dll'.
840.1864: supR3HardenedWinVerifyCacheProcessWvtTodos: 0 (was 0) fWinVerifyTrust=0 for '\Device\HarddiskVolume3\Windows\System32\vcruntime140_1.dll' [rescheduled]
840.1864: supR3HardenedMonitor_LdrLoadDll: returns rcNt=0x0 hMod=00007ffd935b0000 'C:\Program Files\Oracle\VirtualBox\VBoxRT.dll'
840.1864: Detected loader lock ownership: rc=VINF_SUCCESS '\Device\HarddiskVolume3\Windows\System32\vcruntime140_1.dll'.
840.1864: supR3HardenedWinVerifyCacheProcessWvtTodos: 0 (was 0) fWinVerifyTrust=0 for '\Device\HarddiskVolume3\Windows\System32\vcruntime140_1.dll' [rescheduled]
840.1864: Detected loader lock ownership: rc=VINF_SUCCESS '\Device\HarddiskVolume3\Windows\System32\vcruntime140_1.dll'.
840.1864: supR3HardenedWinVerifyCacheProcessWvtTodos: 0 (was 0) fWinVerifyTrust=0 for '\Device\HarddiskVolume3\Windows\System32\vcruntime140_1.dll' [rescheduled]
840.1864: supR3HardenedMonitor_LdrLoadDll: returns rcNt=0x0 hMod=00007ffd935b0000 'C:\Program Files\Oracle\VirtualBox\VBoxRT.dll'
840.1864: Detected loader lock ownership: rc=VINF_SUCCESS '\Device\HarddiskVolume3\Windows\System32\vcruntime140_1.dll'.
840.1864: supR3HardenedWinVerifyCacheProcessWvtTodos: 0 (was 0) fWinVerifyTrust=0 for '\Device\HarddiskVolume3\Windows\System32\vcruntime140_1.dll' [rescheduled]
840.1864: Detected loader lock ownership: rc=VINF_SUCCESS '\Device\HarddiskVolume3\Windows\System32\vcruntime140_1.dll'.
840.1864: supR3HardenedWinVerifyCacheProcessWvtTodos: 0 (was 0) fWinVerifyTrust=0 for '\Device\HarddiskVolume3\Windows\System32\vcruntime140_1.dll' [rescheduled]
840.1864: supR3HardenedMonitor_LdrLoadDll: returns rcNt=0x0 hMod=00007ffd935b0000 'C:\Program Files\Oracle\VirtualBox\VBoxRT.dll'
840.1864: Detected loader lock ownership: rc=VINF_SUCCESS '\Device\HarddiskVolume3\Windows\System32\vcruntime140_1.dll'.
840.1864: supR3HardenedWinVerifyCacheProcessWvtTodos: 0 (was 0) fWinVerifyTrust=0 for '\Device\HarddiskVolume3\Windows\System32\vcruntime140_1.dll' [rescheduled]
840.1864: Detected loader lock ownership: rc=VINF_SUCCESS '\Device\HarddiskVolume3\Windows\System32\vcruntime140_1.dll'.
840.1864: supR3HardenedWinVerifyCacheProcessWvtTodos: 0 (was 0) fWinVerifyTrust=0 for '\Device\HarddiskVolume3\Windows\System32\vcruntime140_1.dll' [rescheduled]
840.1864: supR3HardenedScreenImage/LdrLoadDll: cache hit (VINF_SUCCESS) on \Device\HarddiskVolume3\Program Files\Oracle\VirtualBox\VBoxRT.dll
840.1864: supR3HardenedMonitor_LdrLoadDll: pName=C:\Program Files\Oracle\VirtualBox\VBoxRT.dll (rcNtResolve=0xc0150008) *pfFlags=0x0 pwszSearchPath=0000000000000001:<flags> [calling]
840.1864: supR3HardenedMonitor_LdrLoadDll: returns rcNt=0x0 hMod=00007ffd935b0000 'C:\Program Files\Oracle\VirtualBox\VBoxRT.dll'
840.1864: Detected loader lock ownership: rc=VINF_SUCCESS '\Device\HarddiskVolume3\Windows\System32\vcruntime140_1.dll'.
840.1864: supR3HardenedWinVerifyCacheProcessWvtTodos: 0 (was 0) fWinVerifyTrust=0 for '\Device\HarddiskVolume3\Windows\System32\vcruntime140_1.dll' [rescheduled]
840.1864: Detected loader lock ownership: rc=VINF_SUCCESS '\Device\HarddiskVolume3\Windows\System32\vcruntime140_1.dll'.
840.1864: supR3HardenedWinVerifyCacheProcessWvtTodos: 0 (was 0) fWinVerifyTrust=0 for '\Device\HarddiskVolume3\Windows\System32\vcruntime140_1.dll' [rescheduled]
840.1864: supR3HardenedMonitor_LdrLoadDll: returns rcNt=0x0 hMod=00007ffd935b0000 'C:\Program Files\Oracle\VirtualBox\VBoxRT.dll'
840.1864: Detected loader lock ownership: rc=VINF_SUCCESS '\Device\HarddiskVolume3\Windows\System32\vcruntime140_1.dll'.
840.1864: supR3HardenedWinVerifyCacheProcessWvtTodos: 0 (was 0) fWinVerifyTrust=0 for '\Device\HarddiskVolume3\Windows\System32\vcruntime140_1.dll' [rescheduled]
840.1864: Detected loader lock ownership: rc=VINF_SUCCESS '\Device\HarddiskVolume3\Windows\System32\vcruntime140_1.dll'.
840.1864: supR3HardenedWinVerifyCacheProcessWvtTodos: 0 (was 0) fWinVerifyTrust=0 for '\Device\HarddiskVolume3\Windows\System32\vcruntime140_1.dll' [rescheduled]
840.1864: supR3HardenedMonitor_LdrLoadDll: returns rcNt=0x0 hMod=00007ffd935b0000 'C:\Program Files\Oracle\VirtualBox\VBoxRT.dll'
840.1864: Detected loader lock ownership: rc=VINF_SUCCESS '\Device\HarddiskVolume3\Windows\System32\vcruntime140_1.dll'.
840.1864: supR3HardenedWinVerifyCacheProcessWvtTodos: 0 (was 0) fWinVerifyTrust=0 for '\Device\HarddiskVolume3\Windows\System32\vcruntime140_1.dll' [rescheduled]
840.1864: Detected loader lock ownership: rc=VINF_SUCCESS '\Device\HarddiskVolume3\Windows\System32\vcruntime140_1.dll'.
840.1864: supR3HardenedWinVerifyCacheProcessWvtTodos: 0 (was 0) fWinVerifyTrust=0 for '\Device\HarddiskVolume3\Windows\System32\vcruntime140_1.dll' [rescheduled]
840.1864: supR3HardenedMonitor_LdrLoadDll: returns rcNt=0x0 hMod=00007ffd935b0000 'C:\Program Files\Oracle\VirtualBox\VBoxRT.dll'
840.1864: Detected loader lock ownership: rc=VINF_SUCCESS '\Device\HarddiskVolume3\Windows\System32\vcruntime140_1.dll'.
840.1864: supR3HardenedWinVerifyCacheProcessWvtTodos: 0 (was 0) fWinVerifyTrust=0 for '\Device\HarddiskVolume3\Windows\System32\vcruntime140_1.dll' [rescheduled]
840.1864: Detected loader lock ownership: rc=VINF_SUCCESS '\Device\HarddiskVolume3\Windows\System32\vcruntime140_1.dll'.
840.1864: supR3HardenedWinVerifyCacheProcessWvtTodos: 0 (was 0) fWinVerifyTrust=0 for '\Device\HarddiskVolume3\Windows\System32\vcruntime140_1.dll' [rescheduled]
840.1864: supR3HardenedMonitor_LdrLoadDll: returns rcNt=0x0 hMod=00007ffd935b0000 'C:\Program Files\Oracle\VirtualBox\VBoxRT.dll'
840.1864: Detected loader lock ownership: rc=VINF_SUCCESS '\Device\HarddiskVolume3\Windows\System32\vcruntime140_1.dll'.
840.1864: supR3HardenedWinVerifyCacheProcessWvtTodos: 0 (was 0) fWinVerifyTrust=0 for '\Device\HarddiskVolume3\Windows\System32\vcruntime140_1.dll' [rescheduled]
840.1864: Detected loader lock ownership: rc=VINF_SUCCESS '\Device\HarddiskVolume3\Windows\System32\vcruntime140_1.dll'.
840.1864: supR3HardenedWinVerifyCacheProcessWvtTodos: 0 (was 0) fWinVerifyTrust=0 for '\Device\HarddiskVolume3\Windows\System32\vcruntime140_1.dll' [rescheduled]
840.1864: supR3HardenedMonitor_LdrLoadDll: returns rcNt=0x0 hMod=00007ffd935b0000 'C:\Program Files\Oracle\VirtualBox\VBoxRT.dll'
840.1864: Detected loader lock ownership: rc=VINF_SUCCESS '\Device\HarddiskVolume3\Windows\System32\vcruntime140_1.dll'.
840.1864: supR3HardenedWinVerifyCacheProcessWvtTodos: 0 (was 0) fWinVerifyTrust=0 for '\Device\HarddiskVolume3\Windows\System32\vcruntime140_1.dll' [rescheduled]
840.1864: Detected loader lock ownership: rc=VINF_SUCCESS '\Device\HarddiskVolume3\Windows\System32\vcruntime140_1.dll'.
840.1864: supR3HardenedWinVerifyCacheProcessWvtTodos: 0 (was 0) fWinVerifyTrust=0 for '\Device\HarddiskVolume3\Windows\System32\vcruntime140_1.dll' [rescheduled]
840.1864: supR3HardenedMonitor_LdrLoadDll: returns rcNt=0x0 hMod=00007ffd935b0000 'C:\Program Files\Oracle\VirtualBox\VBoxRT.dll'
840.1864: Detected loader lock ownership: rc=VINF_SUCCESS '\Device\HarddiskVolume3\Windows\System32\vcruntime140_1.dll'.
840.1864: supR3HardenedWinVerifyCacheProcessWvtTodos: 0 (was 0) fWinVerifyTrust=0 for '\Device\HarddiskVolume3\Windows\System32\vcruntime140_1.dll' [rescheduled]
840.1864: Detected loader lock ownership: rc=VINF_SUCCESS '\Device\HarddiskVolume3\Windows\System32\vcruntime140_1.dll'.
840.1864: supR3HardenedWinVerifyCacheProcessWvtTodos: 0 (was 0) fWinVerifyTrust=0 for '\Device\HarddiskVolume3\Windows\System32\vcruntime140_1.dll' [rescheduled]
840.1864: supR3HardenedMonitor_LdrLoadDll: returns rcNt=0x0 hMod=00007ffd935b0000 'C:\Program Files\Oracle\VirtualBox\VBoxRT.dll'
840.1864: Detected loader lock ownership: rc=VINF_SUCCESS '\Device\HarddiskVolume3\Windows\System32\vcruntime140_1.dll'.
840.1864: supR3HardenedWinVerifyCacheProcessWvtTodos: 0 (was 0) fWinVerifyTrust=0 for '\Device\HarddiskVolume3\Windows\System32\vcruntime140_1.dll' [rescheduled]
840.1864: Detected loader lock ownership: rc=VINF_SUCCESS '\Device\HarddiskVolume3\Windows\System32\vcruntime140_1.dll'.
840.1864: supR3HardenedWinVerifyCacheProcessWvtTodos: 0 (was 0) fWinVerifyTrust=0 for '\Device\HarddiskVolume3\Windows\System32\vcruntime140_1.dll' [rescheduled]
840.1864: supR3HardenedMonitor_LdrLoadDll: returns rcNt=0x0 hMod=00007ffd935b0000 'C:\Program Files\Oracle\VirtualBox\VBoxRT.dll'
840.1864: Detected loader lock ownership: rc=VINF_SUCCESS '\Device\HarddiskVolume3\Windows\System32\vcruntime140_1.dll'.
840.1864: supR3HardenedWinVerifyCacheProcessWvtTodos: 0 (was 0) fWinVerifyTrust=0 for '\Device\HarddiskVolume3\Windows\System32\vcruntime140_1.dll' [rescheduled]
840.1864: Detected loader lock ownership: rc=VINF_SUCCESS '\Device\HarddiskVolume3\Windows\System32\vcruntime140_1.dll'.
840.1864: supR3HardenedWinVerifyCacheProcessWvtTodos: 0 (was 0) fWinVerifyTrust=0 for '\Device\HarddiskVolume3\Windows\System32\vcruntime140_1.dll' [rescheduled]
840.1864: supR3HardenedMonitor_LdrLoadDll: returns rcNt=0x0 hMod=00007ffd935b0000 'C:\Program Files\Oracle\VirtualBox\VBoxRT.dll'
840.1864: Detected loader lock ownership: rc=VINF_SUCCESS '\Device\HarddiskVolume3\Windows\System32\vcruntime140_1.dll'.
840.1864: supR3HardenedWinVerifyCacheProcessWvtTodos: 0 (was 0) fWinVerifyTrust=0 for '\Device\HarddiskVolume3\Windows\System32\vcruntime140_1.dll' [rescheduled]
840.1864: Detected loader lock ownership: rc=VINF_SUCCESS '\Device\HarddiskVolume3\Windows\System32\vcruntime140_1.dll'.
840.1864: supR3HardenedWinVerifyCacheProcessWvtTodos: 0 (was 0) fWinVerifyTrust=0 for '\Device\HarddiskVolume3\Windows\System32\vcruntime140_1.dll' [rescheduled]
840.1864: supR3HardenedMonitor_LdrLoadDll: returns rcNt=0x0 hMod=00007ffd935b0000 'C:\Program Files\Oracle\VirtualBox\VBoxRT.dll'
840.1864: Detected loader lock ownership: rc=VINF_SUCCESS '\Device\HarddiskVolume3\Windows\System32\vcruntime140_1.dll'.
840.1864: supR3HardenedWinVerifyCacheProcessWvtTodos: 0 (was 0) fWinVerifyTrust=0 for '\Device\HarddiskVolume3\Windows\System32\vcruntime140_1.dll' [rescheduled]
840.1864: Detected loader lock ownership: rc=VINF_SUCCESS '\Device\HarddiskVolume3\Windows\System32\vcruntime140_1.dll'.
840.1864: supR3HardenedWinVerifyCacheProcessWvtTodos: 0 (was 0) fWinVerifyTrust=0 for '\Device\HarddiskVolume3\Windows\System32\vcruntime140_1.dll' [rescheduled]
840.1864: supR3HardenedMonitor_LdrLoadDll: returns rcNt=0x0 hMod=00007ffd935b0000 'C:\Program Files\Oracle\VirtualBox\VBoxRT.dll'
840.1864: Detected loader lock ownership: rc=VINF_SUCCESS '\Device\HarddiskVolume3\Windows\System32\vcruntime140_1.dll'.
840.1864: supR3HardenedWinVerifyCacheProcessWvtTodos: 0 (was 0) fWinVerifyTrust=0 for '\Device\HarddiskVolume3\Windows\System32\vcruntime140_1.dll' [rescheduled]
840.1864: Detected loader lock ownership: rc=VINF_SUCCESS '\Device\HarddiskVolume3\Windows\System32\vcruntime140_1.dll'.
840.1864: supR3HardenedWinVerifyCacheProcessWvtTodos: 0 (was 0) fWinVerifyTrust=0 for '\Device\HarddiskVolume3\Windows\System32\vcruntime140_1.dll' [rescheduled]
840.1864: supR3HardenedMonitor_LdrLoadDll: returns rcNt=0x0 hMod=00007ffd935b0000 'C:\Program Files\Oracle\VirtualBox\VBoxRT.dll'
840.1864: Detected loader lock ownership: rc=VINF_SUCCESS '\Device\HarddiskVolume3\Windows\System32\vcruntime140_1.dll'.
840.1864: supR3HardenedWinVerifyCacheProcessWvtTodos: 0 (was 0) fWinVerifyTrust=0 for '\Device\HarddiskVolume3\Windows\System32\vcruntime140_1.dll' [rescheduled]
840.1864: Detected loader lock ownership: rc=VINF_SUCCESS '\Device\HarddiskVolume3\Windows\System32\vcruntime140_1.dll'.
840.1864: supR3HardenedWinVerifyCacheProcessWvtTodos: 0 (was 0) fWinVerifyTrust=0 for '\Device\HarddiskVolume3\Windows\System32\vcruntime140_1.dll' [rescheduled]
840.1864: supR3HardenedMonitor_LdrLoadDll: returns rcNt=0x0 hMod=00007ffd935b0000 'C:\Program Files\Oracle\VirtualBox\VBoxRT.dll'
840.1864: Detected loader lock ownership: rc=VINF_SUCCESS '\Device\HarddiskVolume3\Windows\System32\vcruntime140_1.dll'.
840.1864: supR3HardenedWinVerifyCacheProcessWvtTodos: 0 (was 0) fWinVerifyTrust=0 for '\Device\HarddiskVolume3\Windows\System32\vcruntime140_1.dll' [rescheduled]
840.1864: Detected loader lock ownership: rc=VINF_SUCCESS '\Device\HarddiskVolume3\Windows\System32\vcruntime140_1.dll'.
840.1864: supR3HardenedWinVerifyCacheProcessWvtTodos: 0 (was 0) fWinVerifyTrust=0 for '\Device\HarddiskVolume3\Windows\System32\vcruntime140_1.dll' [rescheduled]
840.1864: supR3HardenedMonitor_LdrLoadDll: returns rcNt=0x0 hMod=00007ffd935b0000 'C:\Program Files\Oracle\VirtualBox\VBoxRT.dll'
840.1864: Detected loader lock ownership: rc=VINF_SUCCESS '\Device\HarddiskVolume3\Windows\System32\vcruntime140_1.dll'.
840.1864: supR3HardenedWinVerifyCacheProcessWvtTodos: 0 (was 0) fWinVerifyTrust=0 for '\Device\HarddiskVolume3\Windows\System32\vcruntime140_1.dll' [rescheduled]
840.1864: Detected loader lock ownership: rc=VINF_SUCCESS '\Device\HarddiskVolume3\Windows\System32\vcruntime140_1.dll'.
840.1864: supR3HardenedWinVerifyCacheProcessWvtTodos: 0 (was 0) fWinVerifyTrust=0 for '\Device\HarddiskVolume3\Windows\System32\vcruntime140_1.dll' [rescheduled]
840.1864: supR3HardenedMonitor_LdrLoadDll: returns rcNt=0x0 hMod=00007ffd935b0000 'C:\Program Files\Oracle\VirtualBox\VBoxRT.dll'
840.1864: Detected loader lock ownership: rc=VINF_SUCCESS '\Device\HarddiskVolume3\Windows\System32\vcruntime140_1.dll'.
840.1864: supR3HardenedWinVerifyCacheProcessWvtTodos: 0 (was 0) fWinVerifyTrust=0 for '\Device\HarddiskVolume3\Windows\System32\vcruntime140_1.dll' [rescheduled]
840.1864: Detected loader lock ownership: rc=VINF_SUCCESS '\Device\HarddiskVolume3\Windows\System32\vcruntime140_1.dll'.
840.1864: supR3HardenedWinVerifyCacheProcessWvtTodos: 0 (was 0) fWinVerifyTrust=0 for '\Device\HarddiskVolume3\Windows\System32\vcruntime140_1.dll' [rescheduled]
840.1864: supR3HardenedScreenImage/LdrLoadDll: cache hit (VINF_SUCCESS) on \Device\HarddiskVolume3\Program Files\Oracle\VirtualBox\VBoxRT.dll
840.1864: supR3HardenedMonitor_LdrLoadDll: pName=C:\Program Files\Oracle\VirtualBox\VBoxRT.dll (rcNtResolve=0xc0150008) *pfFlags=0x0 pwszSearchPath=0000000000000001:<flags> [calling]
840.1864: supR3HardenedMonitor_LdrLoadDll: returns rcNt=0x0 hMod=00007ffd935b0000 'C:\Program Files\Oracle\VirtualBox\VBoxRT.dll'
840.1864: Detected loader lock ownership: rc=VINF_SUCCESS '\Device\HarddiskVolume3\Windows\System32\vcruntime140_1.dll'.
840.1864: supR3HardenedWinVerifyCacheProcessWvtTodos: 0 (was 0) fWinVerifyTrust=0 for '\Device\HarddiskVolume3\Windows\System32\vcruntime140_1.dll' [rescheduled]
840.1864: Detected loader lock ownership: rc=VINF_SUCCESS '\Device\HarddiskVolume3\Windows\System32\vcruntime140_1.dll'.
840.1864: supR3HardenedWinVerifyCacheProcessWvtTodos: 0 (was 0) fWinVerifyTrust=0 for '\Device\HarddiskVolume3\Windows\System32\vcruntime140_1.dll' [rescheduled]
840.1864: supR3HardenedMonitor_LdrLoadDll: returns rcNt=0x0 hMod=00007ffd935b0000 'C:\Program Files\Oracle\VirtualBox\VBoxRT.dll'
840.1864: Detected loader lock ownership: rc=VINF_SUCCESS '\Device\HarddiskVolume3\Windows\System32\vcruntime140_1.dll'.
840.1864: supR3HardenedWinVerifyCacheProcessWvtTodos: 0 (was 0) fWinVerifyTrust=0 for '\Device\HarddiskVolume3\Windows\System32\vcruntime140_1.dll' [rescheduled]
840.1864: Detected loader lock ownership: rc=VINF_SUCCESS '\Device\HarddiskVolume3\Windows\System32\vcruntime140_1.dll'.
840.1864: supR3HardenedWinVerifyCacheProcessWvtTodos: 0 (was 0) fWinVerifyTrust=0 for '\Device\HarddiskVolume3\Windows\System32\vcruntime140_1.dll' [rescheduled]
840.1864: supR3HardenedMonitor_LdrLoadDll: returns rcNt=0x0 hMod=00007ffd935b0000 'C:\Program Files\Oracle\VirtualBox\VBoxRT.dll'
840.1864: Detected loader lock ownership: rc=VINF_SUCCESS '\Device\HarddiskVolume3\Windows\System32\vcruntime140_1.dll'.
840.1864: supR3HardenedWinVerifyCacheProcessWvtTodos: 0 (was 0) fWinVerifyTrust=0 for '\Device\HarddiskVolume3\Windows\System32\vcruntime140_1.dll' [rescheduled]
840.1864: supR3HardenedMonitor_LdrLoadDll: returns rcNt=0x0 hMod=00007ffd935b0000 'C:\Program Files\Oracle\VirtualBox\VBoxRT.dll'
840.1864: supR3HardenedMonitor_LdrLoadDll: returns rcNt=0x0 hMod=00007ffe0de90000 'C:\Windows\system32\rsaenh.dll'
840.1864: supR3HardenedMonitor_LdrLoadDll: returns rcNt=0x0 hMod=00007ffe0f6d0000 'C:\Windows\System32\crypt32.dll'
840.1864: supR3HardenedWinVerifyCacheProcessWvtTodos: 0 (was 0) fWinVerifyTrust=1 for '\Device\HarddiskVolume3\Windows\System32\vcruntime140_1.dll'
840.1864: supR3HardenedScreenImage/LdrLoadDll: cache hit (VINF_SUCCESS) on \Device\HarddiskVolume3\Windows\System32\wintrust.dll
840.1864: supR3HardenedMonitor_LdrLoadDll: pName=C:\Windows\system32\Wintrust.dll (rcNtResolve=0xc0150008) *pfFlags=0x0 pwszSearchPath=0000000000000801:<flags> [calling]
840.1864: supR3HardenedMonitor_LdrLoadDll: returns rcNt=0x0 hMod=00007ffe0f480000 'C:\Windows\system32\Wintrust.dll'
840.1864: supR3HardenedMonitor_LdrLoadDll: returns rcNt=0x0 hMod=00007ffe0de90000 'C:\Windows\system32\rsaenh.dll'
840.1864: supR3HardenedMonitor_LdrLoadDll: returns rcNt=0x0 hMod=00007ffe0f6d0000 'C:\Windows\System32\crypt32.dll'
840.1864: supR3HardenedMonitor_LdrLoadDll: returns rcNt=0x0 hMod=00007ffe0de90000 'C:\Windows\system32\rsaenh.dll'
840.1864: supR3HardenedMonitor_LdrLoadDll: returns rcNt=0x0 hMod=00007ffe0f6d0000 'C:\Windows\System32\crypt32.dll'
840.1864: supR3HardenedMonitor_LdrLoadDll: returns rcNt=0x0 hMod=00007ffe0f6d0000 'C:\Windows\system32\crypt32.dll'
840.1864: SUPR3HardenedMain: Load TrustedMain...
840.56dc: supR3HardenedIsApiSetDll: ApiSetQueryApiSetPresence(api-ms-win-appmodel-runtime-l1-1-2) -> 0x0, fPresent=1
840.56dc: supR3HardenedMonitor_LdrLoadDll: pName=api-ms-win-appmodel-runtime-l1-1-2 (rcNtResolve=0x0) *pfFlags=0x0 pwszSearchPath=0000000000000801:<flags> [calling]
840.56dc: supR3HardenedWinVerifyCacheScheduleImports: Import todo: #7 'msvcrt.dll'.
840.56dc: supR3HardenedWinVerifyCacheScheduleImports: Import todo: #8 'rpcrt4.dll'.
840.56dc: supHardenedWinVerifyImageByHandle: -> 0 (\Device\HarddiskVolume3\Windows\System32\kernel.appcore.dll)
840.56dc: supR3HardenedWinVerifyCacheInsert: \Device\HarddiskVolume3\Windows\System32\kernel.appcore.dll
840.56dc: supR3HardenedDllNotificationCallback: load   00007ffe0cdc0000 LB 0x00012000 C:\Windows\SYSTEM32\kernel.appcore.dll [fFlags=0x0]
840.56dc: supR3HardenedScreenImage/LdrLoadDll: cache hit (VINF_SUCCESS) on \Device\HarddiskVolume3\Windows\System32\kernel.appcore.dll [avoiding WinVerifyTrust]
840.56dc: supR3HardenedMonitor_LdrLoadDll: returns rcNt=0x0 hMod=00007ffe0cdc0000 'api-ms-win-appmodel-runtime-l1-1-2'
840.56dc: supR3HardenedWinVerifyCacheProcessImportTodos: Processing 'rpcrt4.dll'...
840.56dc: supR3HardenedWinVerifyCacheProcessImportTodos: 'rpcrt4.dll' -> '\Device\HarddiskVolume3\Windows\System32\rpcrt4.dll' [rcNtRedir=0xc0150008]
840.56dc: supR3HardenedScreenImage/Imports: cache hit (VINF_SUCCESS) on \Device\HarddiskVolume3\Windows\System32\rpcrt4.dll
840.56dc: supR3HardenedWinVerifyCacheProcessImportTodos: Processing 'msvcrt.dll'...
840.56dc: supR3HardenedWinVerifyCacheProcessImportTodos: 'msvcrt.dll' -> '\Device\HarddiskVolume3\Windows\System32\msvcrt.dll' [rcNtRedir=0xc0150008]
840.56dc: supR3HardenedScreenImage/Imports: cache hit (VINF_SUCCESS) on \Device\HarddiskVolume3\Windows\System32\msvcrt.dll
840.56dc: supR3HardenedMonitor_LdrLoadDll: returns rcNt=0x0 hMod=00007ffe0de90000 'C:\Windows\system32\rsaenh.dll'
840.56dc: supR3HardenedMonitor_LdrLoadDll: returns rcNt=0x0 hMod=00007ffe0f6d0000 'C:\Windows\System32\crypt32.dll'
840.56dc: supR3HardenedWinVerifyCacheProcessWvtTodos: 0 (was 0) fWinVerifyTrust=1 for '\Device\HarddiskVolume3\Windows\System32\kernel.appcore.dll'
840.1864: supR3HardenedMonitor_LdrLoadDll: returns rcNt=0x0 hMod=00007ffe0de90000 'C:\Windows\system32\rsaenh.dll'
840.1864: supR3HardenedMonitor_LdrLoadDll: returns rcNt=0x0 hMod=00007ffe0f6d0000 'C:\Windows\System32\crypt32.dll'
840.1864: supR3HardenedWinVerifyCacheScheduleImports: Import todo: #0 'uicommon.dll'.
840.1864: supR3HardenedWinVerifyCacheScheduleImports: Import todo: #1 'qt6corevbox.dll'.
840.1864: supR3HardenedWinVerifyCacheScheduleImports: Import todo: #2 'qt6guivbox.dll'.
840.1864: supR3HardenedWinVerifyCacheScheduleImports: Import todo: #3 'qt6widgetsvbox.dll'.
840.1864: supR3HardenedWinVerifyCacheScheduleImports: Import todo: #5 'user32.dll'.
840.1864: supR3HardenedWinVerifyCacheScheduleImports: Import todo: #6 'advapi32.dll'.
840.1864: supR3HardenedWinVerifyCacheScheduleImports: Import todo: #7 'ole32.dll'.
840.1864: supR3HardenedWinVerifyCacheScheduleImports: Import todo: #8 'oleaut32.dll'.
840.1864: supR3HardenedWinVerifyCacheScheduleImports: Import todo: #9 'winmm.dll'.
840.1864: supR3HardenedWinVerifyCacheScheduleImports: Import todo: #14 'vboxrt.dll'.
840.1864: supR3HardenedWinVerifyCacheScheduleImports: Import todo: #15 'vcruntime140.dll'.
840.1864: supR3HardenedWinVerifyCacheScheduleImports: Import todo: #16 'vcruntime140_1.dll'.
840.1864: supR3HardenedWinVerifyCacheScheduleImports: Import todo: #17 'msvcp140.dll'.
840.1864: supHardenedWinVerifyImageByHandle: -> 0 (\Device\HarddiskVolume3\Program Files\Oracle\VirtualBox\VirtualBoxVM.dll) WinVerifyTrust
840.1864: supR3HardenedWinVerifyCacheInsert: \Device\HarddiskVolume3\Program Files\Oracle\VirtualBox\VirtualBoxVM.dll
840.1864: supR3HardenedWinVerifyCacheProcessImportTodos: Processing 'msvcp140.dll'...
840.1864: supR3HardenedWinVerifyCacheProcessImportTodos: 'msvcp140.dll' -> '\Device\HarddiskVolume3\Windows\System32\msvcp140.dll' [rcNtRedir=0xc0150008]
840.1864: supR3HardenedScreenImage/Imports: cache hit (VINF_SUCCESS) on \Device\HarddiskVolume3\Windows\System32\msvcp140.dll
840.1864: supR3HardenedWinVerifyCacheProcessImportTodos: Processing 'vcruntime140_1.dll'...
840.1864: supR3HardenedWinVerifyCacheProcessImportTodos: 'vcruntime140_1.dll' -> '\Device\HarddiskVolume3\Windows\System32\vcruntime140_1.dll' [rcNtRedir=0xc0150008]
840.1864: supR3HardenedScreenImage/Imports: cache hit (VINF_SUCCESS) on \Device\HarddiskVolume3\Windows\System32\vcruntime140_1.dll
840.1864: supR3HardenedWinVerifyCacheProcessImportTodos: Processing 'vcruntime140.dll'...
840.1864: supR3HardenedWinVerifyCacheProcessImportTodos: 'vcruntime140.dll' -> '\Device\HarddiskVolume3\Windows\System32\vcruntime140.dll' [rcNtRedir=0xc0150008]
840.1864: supR3HardenedScreenImage/Imports: cache hit (VINF_SUCCESS) on \Device\HarddiskVolume3\Windows\System32\vcruntime140.dll
840.1864: supR3HardenedWinVerifyCacheProcessImportTodos: Processing 'vboxrt.dll'...
840.1864: supR3HardenedWinVerifyCacheProcessImportTodos: 'vboxrt.dll' -> '\Device\HarddiskVolume3\Program Files\Oracle\VirtualBox\vboxrt.dll' [rcNtRedir=0xc0150008]
840.1864: supR3HardenedWinVerifyCacheProcessImportTodos: Processing 'winmm.dll'...
840.1864: supR3HardenedWinVerifyCacheProcessImportTodos: 'winmm.dll' -> '\Device\HarddiskVolume3\Windows\System32\winmm.dll' [rcNtRedir=0xc0150008]
840.1864: supR3HardenedMonitor_LdrLoadDll: returns rcNt=0x0 hMod=00007ffe0de90000 'C:\Windows\system32\rsaenh.dll'
840.1864: supR3HardenedMonitor_LdrLoadDll: returns rcNt=0x0 hMod=00007ffe0f6d0000 'C:\Windows\System32\crypt32.dll'
840.1864: supR3HardenedWinVerifyCacheScheduleImports: Import todo: #1 'msvcrt.dll'.
840.1864: supHardenedWinVerifyImageByHandle: -> 0 (\Device\HarddiskVolume3\Windows\System32\winmm.dll) WinVerifyTrust
840.1864: supR3HardenedWinVerifyCacheInsert: \Device\HarddiskVolume3\Windows\System32\winmm.dll
840.1864: supR3HardenedWinVerifyCacheProcessImportTodos: Processing 'oleaut32.dll'...
840.1864: supR3HardenedWinVerifyCacheProcessImportTodos: 'oleaut32.dll' -> '\Device\HarddiskVolume3\Windows\System32\oleaut32.dll' [rcNtRedir=0xc0150008]
840.1864: supR3HardenedWinVerifyCacheProcessImportTodos: Processing 'msvcrt.dll'...
840.1864: supR3HardenedWinVerifyCacheProcessImportTodos: 'msvcrt.dll' -> '\Device\HarddiskVolume3\Windows\System32\msvcrt.dll' [rcNtRedir=0xc0150008]
840.1864: supR3HardenedScreenImage/Imports: cache hit (VINF_SUCCESS) on \Device\HarddiskVolume3\Windows\System32\msvcrt.dll
840.1864: supR3HardenedMonitor_LdrLoadDll: returns rcNt=0x0 hMod=00007ffe0de90000 'C:\Windows\system32\rsaenh.dll'
840.1864: supR3HardenedMonitor_LdrLoadDll: returns rcNt=0x0 hMod=00007ffe0f6d0000 'C:\Windows\System32\crypt32.dll'
840.1864: supR3HardenedWinVerifyCacheScheduleImports: Import todo: #0 'msvcp_win.dll'.
840.1864: supR3HardenedWinVerifyCacheScheduleImports: Import todo: #5 'combase.dll'.
840.1864: supR3HardenedWinVerifyCacheScheduleImports: Import todo: #21 'rpcrt4.dll'.
840.1864: supHardenedWinVerifyImageByHandle: -> 0 (\Device\HarddiskVolume3\Windows\System32\oleaut32.dll) WinVerifyTrust
840.1864: supR3HardenedWinVerifyCacheInsert: \Device\HarddiskVolume3\Windows\System32\oleaut32.dll
840.1864: supR3HardenedWinVerifyCacheProcessImportTodos: Processing 'ole32.dll'...
840.1864: supR3HardenedWinVerifyCacheProcessImportTodos: 'ole32.dll' -> '\Device\HarddiskVolume3\Windows\System32\ole32.dll' [rcNtRedir=0xc0150008]
840.1864: supR3HardenedWinVerifyCacheProcessImportTodos: Processing 'rpcrt4.dll'...
840.1864: supR3HardenedWinVerifyCacheProcessImportTodos: 'rpcrt4.dll' -> '\Device\HarddiskVolume3\Windows\System32\rpcrt4.dll' [rcNtRedir=0xc0150008]
840.1864: supR3HardenedWinVerifyCacheProcessImportTodos: Processing 'combase.dll'...
840.1864: supR3HardenedWinVerifyCacheProcessImportTodos: 'combase.dll' -> '\Device\HarddiskVolume3\Windows\System32\combase.dll' [rcNtRedir=0xc0150008]
840.1864: Detected WinVerifyTrust recursion: rc=VINF_SUCCESS '\Device\HarddiskVolume3\Windows\System32\combase.dll'.
840.1864: supR3HardenedWinVerifyCacheScheduleImports: Import todo: #3 'rpcrt4.dll'.
840.1864: supHardenedWinVerifyImageByHandle: -> 0 (\Device\HarddiskVolume3\Windows\System32\combase.dll)
840.1864: supR3HardenedWinVerifyCacheInsert: \Device\HarddiskVolume3\Windows\System32\combase.dll
840.1864: supR3HardenedWinVerifyCacheProcessImportTodos: Processing 'msvcp_win.dll'...
840.1864: supR3HardenedWinVerifyCacheProcessImportTodos: 'msvcp_win.dll' -> '\Device\HarddiskVolume3\Windows\System32\msvcp_win.dll' [rcNtRedir=0xc0150008]
840.1864: Detected WinVerifyTrust recursion: rc=VINF_SUCCESS '\Device\HarddiskVolume3\Windows\System32\msvcp_win.dll'.
840.1864: supHardenedWinVerifyImageByHandle: -> 0 (\Device\HarddiskVolume3\Windows\System32\msvcp_win.dll)
840.1864: supR3HardenedWinVerifyCacheInsert: \Device\HarddiskVolume3\Windows\System32\msvcp_win.dll
840.1864: supR3HardenedWinVerifyCacheProcessImportTodos: Processing 'rpcrt4.dll'...
840.1864: supR3HardenedWinVerifyCacheProcessImportTodos: 'rpcrt4.dll' -> '\Device\HarddiskVolume3\Windows\System32\rpcrt4.dll' [rcNtRedir=0xc0150008]
840.1864: supR3HardenedMonitor_LdrLoadDll: returns rcNt=0x0 hMod=00007ffe0de90000 'C:\Windows\system32\rsaenh.dll'
840.1864: supR3HardenedMonitor_LdrLoadDll: returns rcNt=0x0 hMod=00007ffe0f6d0000 'C:\Windows\System32\crypt32.dll'
840.1864: supR3HardenedWinVerifyCacheScheduleImports: Import todo: #21 'rpcrt4.dll'.
840.1864: supR3HardenedWinVerifyCacheScheduleImports: Import todo: #49 'gdi32.dll'.
840.1864: supR3HardenedWinVerifyCacheScheduleImports: Import todo: #50 'user32.dll'.
840.1864: supR3HardenedWinVerifyCacheScheduleImports: Import todo: #51 'combase.dll'.
840.1864: supHardenedWinVerifyImageByHandle: -> 0 (\Device\HarddiskVolume3\Windows\System32\ole32.dll) WinVerifyTrust
840.1864: supR3HardenedWinVerifyCacheInsert: \Device\HarddiskVolume3\Windows\System32\ole32.dll
840.1864: supR3HardenedWinVerifyCacheProcessImportTodos: Processing 'advapi32.dll'...
840.1864: supR3HardenedWinVerifyCacheProcessImportTodos: 'advapi32.dll' -> '\Device\HarddiskVolume3\Windows\System32\advapi32.dll' [rcNtRedir=0xc0150008]
840.1864: supR3HardenedScreenImage/Imports: cache hit (VINF_SUCCESS) on \Device\HarddiskVolume3\Windows\System32\advapi32.dll
840.1864: supR3HardenedWinVerifyCacheProcessImportTodos: Processing 'user32.dll'...
840.1864: supR3HardenedWinVerifyCacheProcessImportTodos: 'user32.dll' -> '\Device\HarddiskVolume3\Windows\System32\user32.dll' [rcNtRedir=0xc0150008]
840.1864: supR3HardenedWinVerifyCacheProcessImportTodos: Processing 'combase.dll'...
840.1864: supR3HardenedWinVerifyCacheProcessImportTodos: 'combase.dll' -> '\Device\HarddiskVolume3\Windows\System32\combase.dll' [rcNtRedir=0xc0150008]
840.1864: supR3HardenedScreenImage/Imports: cache hit (VINF_SUCCESS) on \Device\HarddiskVolume3\Windows\System32\combase.dll [lacks WinVerifyTrust]
840.1864: supR3HardenedWinVerifyCacheProcessImportTodos: Processing 'user32.dll'...
840.1864: supR3HardenedWinVerifyCacheProcessImportTodos: 'user32.dll' -> '\Device\HarddiskVolume3\Windows\System32\user32.dll' [rcNtRedir=0xc0150008]
840.1864: Detected WinVerifyTrust recursion: rc=VINF_SUCCESS '\Device\HarddiskVolume3\Windows\System32\user32.dll'.
840.1864: supR3HardenedWinVerifyCacheScheduleImports: Import todo: #0 'win32u.dll'.
840.1864: supR3HardenedWinVerifyCacheScheduleImports: Import todo: #36 'gdi32.dll'.
840.1864: supHardenedWinVerifyImageByHandle: -> 0 (\Device\HarddiskVolume3\Windows\System32\user32.dll)
840.1864: supR3HardenedWinVerifyCacheInsert: \Device\HarddiskVolume3\Windows\System32\user32.dll
840.1864: supR3HardenedWinVerifyCacheProcessImportTodos: Processing 'gdi32.dll'...
840.1864: supR3HardenedWinVerifyCacheProcessImportTodos: 'gdi32.dll' -> '\Device\HarddiskVolume3\Windows\System32\gdi32.dll' [rcNtRedir=0xc0150008]
840.1864: Detected WinVerifyTrust recursion: rc=VINF_SUCCESS '\Device\HarddiskVolume3\Windows\System32\gdi32.dll'.
840.1864: supR3HardenedWinVerifyCacheScheduleImports: Import todo: #9 'win32u.dll'.
840.1864: supHardenedWinVerifyImageByHandle: -> 0 (\Device\HarddiskVolume3\Windows\System32\gdi32.dll)
840.1864: supR3HardenedWinVerifyCacheInsert: \Device\HarddiskVolume3\Windows\System32\gdi32.dll
840.1864: supR3HardenedWinVerifyCacheProcessImportTodos: Processing 'rpcrt4.dll'...
840.1864: supR3HardenedWinVerifyCacheProcessImportTodos: 'rpcrt4.dll' -> '\Device\HarddiskVolume3\Windows\System32\rpcrt4.dll' [rcNtRedir=0xc0150008]
840.1864: supR3HardenedWinVerifyCacheProcessImportTodos: Processing 'win32u.dll'...
840.1864: supR3HardenedWinVerifyCacheProcessImportTodos: 'win32u.dll' -> '\Device\HarddiskVolume3\Windows\System32\win32u.dll' [rcNtRedir=0xc0150008]
840.1864: Detected WinVerifyTrust recursion: rc=VINF_SUCCESS '\Device\HarddiskVolume3\Windows\System32\win32u.dll'.
840.1864: '\Device\HarddiskVolume3\Windows\System32\win32u.dll' has no imports
840.1864: supHardenedWinVerifyImageByHandle: -> 0 (\Device\HarddiskVolume3\Windows\System32\win32u.dll)
840.1864: supR3HardenedWinVerifyCacheInsert: \Device\HarddiskVolume3\Windows\System32\win32u.dll
840.1864: supR3HardenedWinVerifyCacheProcessImportTodos: Processing 'gdi32.dll'...
840.1864: supR3HardenedWinVerifyCacheProcessImportTodos: 'gdi32.dll' -> '\Device\HarddiskVolume3\Windows\System32\gdi32.dll' [rcNtRedir=0xc0150008]
840.1864: supR3HardenedScreenImage/Imports: cache hit (VINF_SUCCESS) on \Device\HarddiskVolume3\Windows\System32\gdi32.dll [lacks WinVerifyTrust]
840.1864: supR3HardenedWinVerifyCacheProcessImportTodos: Processing 'win32u.dll'...
840.1864: supR3HardenedWinVerifyCacheProcessImportTodos: 'win32u.dll' -> '\Device\HarddiskVolume3\Windows\System32\win32u.dll' [rcNtRedir=0xc0150008]
840.1864: supR3HardenedScreenImage/Imports: cache hit (VINF_SUCCESS) on \Device\HarddiskVolume3\Windows\System32\win32u.dll [lacks WinVerifyTrust]
840.1864: supR3HardenedMonitor_LdrLoadDll: returns rcNt=0x0 hMod=00007ffe0de90000 'C:\Windows\system32\rsaenh.dll'
840.1864: supR3HardenedMonitor_LdrLoadDll: returns rcNt=0x0 hMod=00007ffe0f6d0000 'C:\Windows\System32\crypt32.dll'
840.1864: supR3HardenedWinVerifyCacheScheduleImports: Import todo: #0 'win32u.dll'.
840.1864: supR3HardenedWinVerifyCacheScheduleImports: Import todo: #36 'gdi32.dll'.
840.1864: supHardenedWinVerifyImageByHandle: -> 0 (\Device\HarddiskVolume3\Windows\System32\user32.dll) WinVerifyTrust
840.1864: supR3HardenedWinVerifyCacheProcessImportTodos: Processing 'qt6widgetsvbox.dll'...
840.1864: supR3HardenedWinVerifyCacheProcessImportTodos: 'qt6widgetsvbox.dll' -> '\Device\HarddiskVolume3\Program Files\Oracle\VirtualBox\qt6widgetsvbox.dll' [rcNtRedir=0xc0150008]
840.1864: supR3HardenedWinVerifyCacheProcessImportTodos: Processing 'gdi32.dll'...
840.1864: supR3HardenedWinVerifyCacheProcessImportTodos: 'gdi32.dll' -> '\Device\HarddiskVolume3\Windows\System32\gdi32.dll' [rcNtRedir=0xc0150008]
840.1864: supR3HardenedScreenImage/Imports: cache hit (VINF_SUCCESS) on \Device\HarddiskVolume3\Windows\System32\gdi32.dll [lacks WinVerifyTrust]
840.1864: supR3HardenedWinVerifyCacheProcessImportTodos: Processing 'win32u.dll'...
840.1864: supR3HardenedWinVerifyCacheProcessImportTodos: 'win32u.dll' -> '\Device\HarddiskVolume3\Windows\System32\win32u.dll' [rcNtRedir=0xc0150008]
840.1864: supR3HardenedScreenImage/Imports: cache hit (VINF_SUCCESS) on \Device\HarddiskVolume3\Windows\System32\win32u.dll [lacks WinVerifyTrust]
840.1864: supR3HardenedMonitor_LdrLoadDll: returns rcNt=0x0 hMod=00007ffe0de90000 'C:\Windows\system32\rsaenh.dll'
840.1864: supR3HardenedMonitor_LdrLoadDll: returns rcNt=0x0 hMod=00007ffe0f6d0000 'C:\Windows\System32\crypt32.dll'
840.1864: supR3HardenedWinVerifyCacheScheduleImports: Import todo: #0 'dwmapi.dll'.
840.1864: supR3HardenedWinVerifyCacheScheduleImports: Import todo: #1 'uxtheme.dll'.
840.1864: supR3HardenedWinVerifyCacheScheduleImports: Import todo: #2 'qt6guivbox.dll'.
840.1864: supR3HardenedWinVerifyCacheScheduleImports: Import todo: #3 'qt6corevbox.dll'.
840.1864: supR3HardenedWinVerifyCacheScheduleImports: Import todo: #5 'user32.dll'.
840.1864: supR3HardenedWinVerifyCacheScheduleImports: Import todo: #6 'gdi32.dll'.
840.1864: supR3HardenedWinVerifyCacheScheduleImports: Import todo: #7 'msvcp140.dll'.
840.1864: supR3HardenedWinVerifyCacheScheduleImports: Import todo: #8 'msvcp140_1.dll'.
840.1864: supR3HardenedWinVerifyCacheScheduleImports: Import todo: #9 'vcruntime140.dll'.
840.1864: supR3HardenedWinVerifyCacheScheduleImports: Import todo: #10 'vcruntime140_1.dll'.
840.1864: supHardenedWinVerifyImageByHandle: -> 0 (\Device\HarddiskVolume3\Program Files\Oracle\VirtualBox\Qt6WidgetsVBox.dll) WinVerifyTrust
840.1864: supR3HardenedWinVerifyCacheInsert: \Device\HarddiskVolume3\Program Files\Oracle\VirtualBox\Qt6WidgetsVBox.dll
840.1864: supR3HardenedWinVerifyCacheProcessImportTodos: Processing 'qt6guivbox.dll'...
840.1864: supR3HardenedWinVerifyCacheProcessImportTodos: 'qt6guivbox.dll' -> '\Device\HarddiskVolume3\Program Files\Oracle\VirtualBox\qt6guivbox.dll' [rcNtRedir=0xc0150008]
840.1864: supR3HardenedWinVerifyCacheProcessImportTodos: Processing 'vcruntime140_1.dll'...
840.1864: supR3HardenedWinVerifyCacheProcessImportTodos: 'vcruntime140_1.dll' -> '\Device\HarddiskVolume3\Windows\System32\vcruntime140_1.dll' [rcNtRedir=0xc0150008]
840.1864: supR3HardenedScreenImage/Imports: cache hit (VINF_SUCCESS) on \Device\HarddiskVolume3\Windows\System32\vcruntime140_1.dll
840.1864: supR3HardenedWinVerifyCacheProcessImportTodos: Processing 'vcruntime140.dll'...
840.1864: supR3HardenedWinVerifyCacheProcessImportTodos: 'vcruntime140.dll' -> '\Device\HarddiskVolume3\Windows\System32\vcruntime140.dll' [rcNtRedir=0xc0150008]
840.1864: supR3HardenedScreenImage/Imports: cache hit (VINF_SUCCESS) on \Device\HarddiskVolume3\Windows\System32\vcruntime140.dll
840.1864: supR3HardenedWinVerifyCacheProcessImportTodos: Processing 'msvcp140_1.dll'...
840.1864: supR3HardenedWinVerifyCacheProcessImportTodos: 'msvcp140_1.dll' -> '\Device\HarddiskVolume3\Windows\System32\msvcp140_1.dll' [rcNtRedir=0xc0150008]
840.1864: Detected WinVerifyTrust recursion: rc=VINF_SUCCESS '\Device\HarddiskVolume3\Windows\System32\msvcp140_1.dll'.
840.1864: supR3HardenedWinVerifyCacheScheduleImports: Import todo: #0 'msvcp140.dll'.
840.1864: supR3HardenedWinVerifyCacheScheduleImports: Import todo: #1 'vcruntime140.dll'.
840.1864: supHardenedWinVerifyImageByHandle: -> 0 (\Device\HarddiskVolume3\Windows\System32\msvcp140_1.dll)
840.1864: supR3HardenedWinVerifyCacheInsert: \Device\HarddiskVolume3\Windows\System32\msvcp140_1.dll
840.1864: supR3HardenedWinVerifyCacheProcessImportTodos: Processing 'msvcp140.dll'...
840.1864: supR3HardenedWinVerifyCacheProcessImportTodos: 'msvcp140.dll' -> '\Device\HarddiskVolume3\Windows\System32\msvcp140.dll' [rcNtRedir=0xc0150008]
840.1864: supR3HardenedScreenImage/Imports: cache hit (VINF_SUCCESS) on \Device\HarddiskVolume3\Windows\System32\msvcp140.dll
840.1864: supR3HardenedWinVerifyCacheProcessImportTodos: Processing 'gdi32.dll'...
840.1864: supR3HardenedWinVerifyCacheProcessImportTodos: 'gdi32.dll' -> '\Device\HarddiskVolume3\Windows\System32\gdi32.dll' [rcNtRedir=0xc0150008]
840.1864: supR3HardenedScreenImage/Imports: cache hit (VINF_SUCCESS) on \Device\HarddiskVolume3\Windows\System32\gdi32.dll [lacks WinVerifyTrust]
840.1864: supR3HardenedWinVerifyCacheProcessImportTodos: Processing 'user32.dll'...
840.1864: supR3HardenedWinVerifyCacheProcessImportTodos: 'user32.dll' -> '\Device\HarddiskVolume3\Windows\System32\user32.dll' [rcNtRedir=0xc0150008]
840.1864: supR3HardenedScreenImage/Imports: cache hit (VINF_SUCCESS) on \Device\HarddiskVolume3\Windows\System32\user32.dll [lacks WinVerifyTrust]
840.1864: supR3HardenedWinVerifyCacheProcessImportTodos: Processing 'qt6corevbox.dll'...
840.1864: supR3HardenedWinVerifyCacheProcessImportTodos: 'qt6corevbox.dll' -> '\Device\HarddiskVolume3\Program Files\Oracle\VirtualBox\qt6corevbox.dll' [rcNtRedir=0xc0150008]
840.1864: Detected WinVerifyTrust recursion: rc=VINF_SUCCESS '\Device\HarddiskVolume3\Program Files\Oracle\VirtualBox\Qt6CoreVBox.dll'.
840.1864: supR3HardenedWinVerifyCacheScheduleImports: Import todo: #1 'mpr.dll'.
840.1864: supR3HardenedWinVerifyCacheScheduleImports: Import todo: #2 'userenv.dll'.
840.1864: supR3HardenedWinVerifyCacheScheduleImports: Import todo: #3 'advapi32.dll'.
840.1864: supR3HardenedWinVerifyCacheScheduleImports: Import todo: #4 'authz.dll'.
840.1864: supR3HardenedWinVerifyCacheScheduleImports: Import todo: #6 'netapi32.dll'.
840.1864: supR3HardenedWinVerifyCacheScheduleImports: Import todo: #7 'ole32.dll'.
840.1864: supR3HardenedWinVerifyCacheScheduleImports: Import todo: #8 'shell32.dll'.
840.1864: supR3HardenedWinVerifyCacheScheduleImports: Import todo: #9 'user32.dll'.
840.1864: supR3HardenedWinVerifyCacheScheduleImports: Import todo: #10 'version.dll'.
840.1864: supR3HardenedWinVerifyCacheScheduleImports: Import todo: #11 'winmm.dll'.
840.1864: supR3HardenedWinVerifyCacheScheduleImports: Import todo: #12 'ws2_32.dll'.
840.1864: supR3HardenedWinVerifyCacheScheduleImports: Import todo: #13 'msvcp140.dll'.
840.1864: supR3HardenedWinVerifyCacheScheduleImports: Import todo: #14 'msvcp140_1.dll'.
840.1864: supR3HardenedWinVerifyCacheScheduleImports: Import todo: #15 'vcruntime140_1.dll'.
840.1864: supR3HardenedWinVerifyCacheScheduleImports: Import todo: #16 'vcruntime140.dll'.
840.1864: supHardenedWinVerifyImageByHandle: -> 0 (\Device\HarddiskVolume3\Program Files\Oracle\VirtualBox\Qt6CoreVBox.dll)
840.1864: supR3HardenedWinVerifyCacheInsert: \Device\HarddiskVolume3\Program Files\Oracle\VirtualBox\Qt6CoreVBox.dll
840.1864: supR3HardenedWinVerifyCacheProcessImportTodos: Processing 'qt6guivbox.dll'...
840.1864: supR3HardenedWinVerifyCacheProcessImportTodos: 'qt6guivbox.dll' -> '\Device\HarddiskVolume3\Program Files\Oracle\VirtualBox\qt6guivbox.dll' [rcNtRedir=0xc0150008]
840.1864: Detected WinVerifyTrust recursion: rc=VINF_SUCCESS '\Device\HarddiskVolume3\Program Files\Oracle\VirtualBox\Qt6GuiVBox.dll'.
840.1864: supR3HardenedWinVerifyCacheScheduleImports: Import todo: #0 'd3d11.dll'.
840.1864: supR3HardenedWinVerifyCacheScheduleImports: Import todo: #1 'dxgi.dll'.
840.1864: supR3HardenedWinVerifyCacheScheduleImports: Import todo: #2 'd3d12.dll'.
840.1864: supR3HardenedWinVerifyCacheScheduleImports: Import todo: #3 'gdi32.dll'.
840.1864: supR3HardenedWinVerifyCacheScheduleImports: Import todo: #4 'ole32.dll'.
840.1864: supR3HardenedWinVerifyCacheScheduleImports: Import todo: #5 'shell32.dll'.
840.1864: supR3HardenedWinVerifyCacheScheduleImports: Import todo: #6 'user32.dll'.
840.1864: supR3HardenedWinVerifyCacheScheduleImports: Import todo: #7 'uxtheme.dll'.
840.1864: supR3HardenedWinVerifyCacheScheduleImports: Import todo: #8 'dwrite.dll'.
840.1864: supR3HardenedWinVerifyCacheScheduleImports: Import todo: #9 'qt6corevbox.dll'.
840.1864: supR3HardenedWinVerifyCacheScheduleImports: Import todo: #11 'msvcp140.dll'.
840.1864: supR3HardenedWinVerifyCacheScheduleImports: Import todo: #12 'msvcp140_1.dll'.
840.1864: supR3HardenedWinVerifyCacheScheduleImports: Import todo: #13 'msvcp140_2.dll'.
840.1864: supR3HardenedWinVerifyCacheScheduleImports: Import todo: #14 'vcruntime140.dll'.
840.1864: supR3HardenedWinVerifyCacheScheduleImports: Import todo: #15 'vcruntime140_1.dll'.
840.1864: supHardenedWinVerifyImageByHandle: -> 0 (\Device\HarddiskVolume3\Program Files\Oracle\VirtualBox\Qt6GuiVBox.dll)
840.1864: supR3HardenedWinVerifyCacheInsert: \Device\HarddiskVolume3\Program Files\Oracle\VirtualBox\Qt6GuiVBox.dll
840.1864: supR3HardenedWinVerifyCacheProcessImportTodos: Processing 'uxtheme.dll'...
840.1864: supR3HardenedWinVerifyCacheProcessImportTodos: 'uxtheme.dll' -> '\Device\HarddiskVolume3\Windows\System32\uxtheme.dll' [rcNtRedir=0xc0150008]
840.1864: Detected WinVerifyTrust recursion: rc=22900 '\Device\HarddiskVolume3\Windows\System32\uxtheme.dll'.
840.1864: supR3HardenedWinVerifyCacheScheduleImports: Import todo: #0 'msvcrt.dll'.
840.1864: supR3HardenedWinVerifyCacheScheduleImports: Import todo: #33 'gdi32.dll'.
840.1864: supR3HardenedWinVerifyCacheScheduleImports: Import todo: #34 'user32.dll'.
840.1864: supHardenedWinVerifyImageByHandle: -> 22900 (\Device\HarddiskVolume3\Windows\System32\uxtheme.dll)
840.1864: supR3HardenedWinVerifyCacheInsert: \Device\HarddiskVolume3\Windows\System32\uxtheme.dll
840.1864: supR3HardenedWinVerifyCacheProcessImportTodos: Processing 'dwmapi.dll'...
840.1864: supR3HardenedWinVerifyCacheProcessImportTodos: 'dwmapi.dll' -> '\Device\HarddiskVolume3\Windows\System32\dwmapi.dll' [rcNtRedir=0xc0150008]
840.1864: Detected WinVerifyTrust recursion: rc=VINF_SUCCESS '\Device\HarddiskVolume3\Windows\System32\dwmapi.dll'.
840.1864: supR3HardenedWinVerifyCacheScheduleImports: Import todo: #0 'msvcrt.dll'.
840.1864: supR3HardenedWinVerifyCacheScheduleImports: Import todo: #20 'win32u.dll'.
840.1864: supR3HardenedWinVerifyCacheScheduleImports: Import todo: #21 'user32.dll'.
840.1864: supR3HardenedWinVerifyCacheScheduleImports: Import todo: #22 'gdi32.dll'.
840.1864: supHardenedWinVerifyImageByHandle: -> 0 (\Device\HarddiskVolume3\Windows\System32\dwmapi.dll)
840.1864: supR3HardenedWinVerifyCacheInsert: \Device\HarddiskVolume3\Windows\System32\dwmapi.dll
840.1864: supR3HardenedWinVerifyCacheProcessImportTodos: Processing 'gdi32.dll'...
840.1864: supR3HardenedWinVerifyCacheProcessImportTodos: 'gdi32.dll' -> '\Device\HarddiskVolume3\Windows\System32\gdi32.dll' [rcNtRedir=0xc0150008]
840.1864: supR3HardenedScreenImage/Imports: cache hit (VINF_SUCCESS) on \Device\HarddiskVolume3\Windows\System32\gdi32.dll [lacks WinVerifyTrust]
840.1864: supR3HardenedWinVerifyCacheProcessImportTodos: Processing 'user32.dll'...
840.1864: supR3HardenedWinVerifyCacheProcessImportTodos: 'user32.dll' -> '\Device\HarddiskVolume3\Windows\System32\user32.dll' [rcNtRedir=0xc0150008]
840.1864: supR3HardenedScreenImage/Imports: cache hit (VINF_SUCCESS) on \Device\HarddiskVolume3\Windows\System32\user32.dll [lacks WinVerifyTrust]
840.1864: supR3HardenedWinVerifyCacheProcessImportTodos: Processing 'win32u.dll'...
840.1864: supR3HardenedWinVerifyCacheProcessImportTodos: 'win32u.dll' -> '\Device\HarddiskVolume3\Windows\System32\win32u.dll' [rcNtRedir=0xc0150008]
840.1864: supR3HardenedScreenImage/Imports: cache hit (VINF_SUCCESS) on \Device\HarddiskVolume3\Windows\System32\win32u.dll [lacks WinVerifyTrust]
840.1864: supR3HardenedWinVerifyCacheProcessImportTodos: Processing 'msvcrt.dll'...
840.1864: supR3HardenedWinVerifyCacheProcessImportTodos: 'msvcrt.dll' -> '\Device\HarddiskVolume3\Windows\System32\msvcrt.dll' [rcNtRedir=0xc0150008]
840.1864: supR3HardenedScreenImage/Imports: cache hit (VINF_SUCCESS) on \Device\HarddiskVolume3\Windows\System32\msvcrt.dll
840.1864: supR3HardenedWinVerifyCacheProcessImportTodos: Processing 'user32.dll'...
840.1864: supR3HardenedWinVerifyCacheProcessImportTodos: 'user32.dll' -> '\Device\HarddiskVolume3\Windows\System32\user32.dll' [rcNtRedir=0xc0150008]
840.1864: supR3HardenedScreenImage/Imports: cache hit (VINF_SUCCESS) on \Device\HarddiskVolume3\Windows\System32\user32.dll [lacks WinVerifyTrust]
840.1864: supR3HardenedWinVerifyCacheProcessImportTodos: Processing 'gdi32.dll'...
840.1864: supR3HardenedWinVerifyCacheProcessImportTodos: 'gdi32.dll' -> '\Device\HarddiskVolume3\Windows\System32\gdi32.dll' [rcNtRedir=0xc0150008]
840.1864: supR3HardenedScreenImage/Imports: cache hit (VINF_SUCCESS) on \Device\HarddiskVolume3\Windows\System32\gdi32.dll [lacks WinVerifyTrust]
840.1864: supR3HardenedWinVerifyCacheProcessImportTodos: Processing 'msvcrt.dll'...
840.1864: supR3HardenedWinVerifyCacheProcessImportTodos: 'msvcrt.dll' -> '\Device\HarddiskVolume3\Windows\System32\msvcrt.dll' [rcNtRedir=0xc0150008]
840.1864: supR3HardenedScreenImage/Imports: cache hit (VINF_SUCCESS) on \Device\HarddiskVolume3\Windows\System32\msvcrt.dll
840.1864: supR3HardenedWinVerifyCacheProcessImportTodos: Processing 'vcruntime140_1.dll'...
840.1864: supR3HardenedWinVerifyCacheProcessImportTodos: 'vcruntime140_1.dll' -> '\Device\HarddiskVolume3\Windows\System32\vcruntime140_1.dll' [rcNtRedir=0xc0150008]
840.1864: supR3HardenedScreenImage/Imports: cache hit (VINF_SUCCESS) on \Device\HarddiskVolume3\Windows\System32\vcruntime140_1.dll
840.1864: supR3HardenedWinVerifyCacheProcessImportTodos: Processing 'vcruntime140.dll'...
840.1864: supR3HardenedWinVerifyCacheProcessImportTodos: 'vcruntime140.dll' -> '\Device\HarddiskVolume3\Windows\System32\vcruntime140.dll' [rcNtRedir=0xc0150008]
840.1864: supR3HardenedScreenImage/Imports: cache hit (VINF_SUCCESS) on \Device\HarddiskVolume3\Windows\System32\vcruntime140.dll
840.1864: supR3HardenedWinVerifyCacheProcessImportTodos: Processing 'msvcp140_2.dll'...
840.1864: supR3HardenedWinVerifyCacheProcessImportTodos: 'msvcp140_2.dll' -> '\Device\HarddiskVolume3\Windows\System32\msvcp140_2.dll' [rcNtRedir=0xc0150008]
840.1864: Detected WinVerifyTrust recursion: rc=VINF_SUCCESS '\Device\HarddiskVolume3\Windows\System32\msvcp140_2.dll'.
840.1864: supR3HardenedWinVerifyCacheScheduleImports: Import todo: #0 'msvcp140.dll'.
840.1864: supR3HardenedWinVerifyCacheScheduleImports: Import todo: #1 'vcruntime140.dll'.
840.1864: supR3HardenedWinVerifyCacheScheduleImports: Import todo: #2 'vcruntime140_1.dll'.
840.1864: supHardenedWinVerifyImageByHandle: -> 0 (\Device\HarddiskVolume3\Windows\System32\msvcp140_2.dll)
840.1864: supR3HardenedWinVerifyCacheInsert: \Device\HarddiskVolume3\Windows\System32\msvcp140_2.dll
840.1864: supR3HardenedWinVerifyCacheProcessImportTodos: Processing 'msvcp140_1.dll'...
840.1864: supR3HardenedWinVerifyCacheProcessImportTodos: 'msvcp140_1.dll' -> '\Device\HarddiskVolume3\Windows\System32\msvcp140_1.dll' [rcNtRedir=0xc0150008]
840.1864: supR3HardenedScreenImage/Imports: cache hit (VINF_SUCCESS) on \Device\HarddiskVolume3\Windows\System32\msvcp140_1.dll [lacks WinVerifyTrust]
840.1864: supR3HardenedWinVerifyCacheProcessImportTodos: Processing 'msvcp140.dll'...
840.1864: supR3HardenedWinVerifyCacheProcessImportTodos: 'msvcp140.dll' -> '\Device\HarddiskVolume3\Windows\System32\msvcp140.dll' [rcNtRedir=0xc0150008]
840.1864: supR3HardenedScreenImage/Imports: cache hit (VINF_SUCCESS) on \Device\HarddiskVolume3\Windows\System32\msvcp140.dll
840.1864: supR3HardenedWinVerifyCacheProcessImportTodos: Processing 'qt6corevbox.dll'...
840.1864: supR3HardenedWinVerifyCacheProcessImportTodos: 'qt6corevbox.dll' -> '\Device\HarddiskVolume3\Program Files\Oracle\VirtualBox\qt6corevbox.dll' [rcNtRedir=0xc0150008]
840.1864: supR3HardenedScreenImage/Imports: cache hit (VINF_SUCCESS) on \Device\HarddiskVolume3\Program Files\Oracle\VirtualBox\Qt6CoreVBox.dll [lacks WinVerifyTrust]
840.1864: supR3HardenedWinVerifyCacheProcessImportTodos: Processing 'dwrite.dll'...
840.1864: supR3HardenedWinVerifyCacheProcessImportTodos: 'dwrite.dll' -> '\Device\HarddiskVolume3\Windows\System32\dwrite.dll' [rcNtRedir=0xc0150008]
840.1864: Detected WinVerifyTrust recursion: rc=22900 '\Device\HarddiskVolume3\Windows\System32\DWrite.dll'.
840.1864: supR3HardenedWinVerifyCacheScheduleImports: Import todo: #0 'msvcrt.dll'.
840.1864: supR3HardenedWinVerifyCacheScheduleImports: Import todo: #12 'rpcrt4.dll'.
840.1864: supHardenedWinVerifyImageByHandle: -> 22900 (\Device\HarddiskVolume3\Windows\System32\DWrite.dll)
840.1864: supR3HardenedWinVerifyCacheInsert: \Device\HarddiskVolume3\Windows\System32\DWrite.dll
840.1864: supR3HardenedWinVerifyCacheProcessImportTodos: Processing 'uxtheme.dll'...
840.1864: supR3HardenedWinVerifyCacheProcessImportTodos: 'uxtheme.dll' -> '\Device\HarddiskVolume3\Windows\System32\uxtheme.dll' [rcNtRedir=0xc0150008]
840.1864: supR3HardenedScreenImage/Imports: cache hit (22900) on \Device\HarddiskVolume3\Windows\System32\uxtheme.dll [lacks WinVerifyTrust]
840.1864: supR3HardenedWinVerifyCacheProcessImportTodos: Processing 'user32.dll'...
840.1864: supR3HardenedWinVerifyCacheProcessImportTodos: 'user32.dll' -> '\Device\HarddiskVolume3\Windows\System32\user32.dll' [rcNtRedir=0xc0150008]
840.1864: supR3HardenedScreenImage/Imports: cache hit (VINF_SUCCESS) on \Device\HarddiskVolume3\Windows\System32\user32.dll [lacks WinVerifyTrust]
840.1864: supR3HardenedWinVerifyCacheProcessImportTodos: Processing 'shell32.dll'...
840.1864: supR3HardenedWinVerifyCacheProcessImportTodos: 'shell32.dll' -> '\Device\HarddiskVolume3\Windows\System32\shell32.dll' [rcNtRedir=0xc0150008]
840.1864: Detected WinVerifyTrust recursion: rc=VINF_SUCCESS '\Device\HarddiskVolume3\Windows\System32\shell32.dll'.
840.1864: supR3HardenedWinVerifyCacheScheduleImports: Import todo: #0 'msvcp_win.dll'.
840.1864: supR3HardenedWinVerifyCacheScheduleImports: Import todo: #72 'user32.dll'.
840.1864: supR3HardenedWinVerifyCacheScheduleImports: Import todo: #74 'gdi32.dll'.
840.1864: supHardenedWinVerifyImageByHandle: -> 0 (\Device\HarddiskVolume3\Windows\System32\shell32.dll)
840.1864: supR3HardenedWinVerifyCacheInsert: \Device\HarddiskVolume3\Windows\System32\shell32.dll
840.1864: supR3HardenedWinVerifyCacheProcessImportTodos: Processing 'ole32.dll'...
840.1864: supR3HardenedWinVerifyCacheProcessImportTodos: 'ole32.dll' -> '\Device\HarddiskVolume3\Windows\System32\ole32.dll' [rcNtRedir=0xc0150008]
840.1864: supR3HardenedScreenImage/Imports: cache hit (VINF_SUCCESS) on \Device\HarddiskVolume3\Windows\System32\ole32.dll
840.1864: supR3HardenedWinVerifyCacheProcessImportTodos: Processing 'gdi32.dll'...
840.1864: supR3HardenedWinVerifyCacheProcessImportTodos: 'gdi32.dll' -> '\Device\HarddiskVolume3\Windows\System32\gdi32.dll' [rcNtRedir=0xc0150008]
840.1864: supR3HardenedScreenImage/Imports: cache hit (VINF_SUCCESS) on \Device\HarddiskVolume3\Windows\System32\gdi32.dll [lacks WinVerifyTrust]
840.1864: supR3HardenedWinVerifyCacheProcessImportTodos: Processing 'd3d12.dll'...
840.1864: supR3HardenedWinVerifyCacheProcessImportTodos: 'd3d12.dll' -> '\Device\HarddiskVolume3\Windows\System32\d3d12.dll' [rcNtRedir=0xc0150008]
840.1864: Detected WinVerifyTrust recursion: rc=VINF_SUCCESS '\Device\HarddiskVolume3\Windows\System32\D3D12.dll'.
840.1864: supR3HardenedWinVerifyCacheScheduleImports: Import todo: #0 'msvcp_win.dll'.
840.1864: supHardenedWinVerifyImageByHandle: -> 0 (\Device\HarddiskVolume3\Windows\System32\D3D12.dll)
840.1864: supR3HardenedWinVerifyCacheInsert: \Device\HarddiskVolume3\Windows\System32\D3D12.dll
840.1864: supR3HardenedWinVerifyCacheProcessImportTodos: Processing 'dxgi.dll'...
840.1864: supR3HardenedWinVerifyCacheProcessImportTodos: 'dxgi.dll' -> '\Device\HarddiskVolume3\Windows\System32\dxgi.dll' [rcNtRedir=0xc0150008]
840.1864: Detected WinVerifyTrust recursion: rc=VINF_SUCCESS '\Device\HarddiskVolume3\Windows\System32\dxgi.dll'.
840.1864: supR3HardenedWinVerifyCacheScheduleImports: Import todo: #0 'msvcrt.dll'.
840.1864: supR3HardenedWinVerifyCacheScheduleImports: Import todo: #2 'win32u.dll'.
840.1864: supHardenedWinVerifyImageByHandle: -> 0 (\Device\HarddiskVolume3\Windows\System32\dxgi.dll)
840.1864: supR3HardenedWinVerifyCacheInsert: \Device\HarddiskVolume3\Windows\System32\dxgi.dll
840.1864: supR3HardenedWinVerifyCacheProcessImportTodos: Processing 'd3d11.dll'...
840.1864: supR3HardenedWinVerifyCacheProcessImportTodos: 'd3d11.dll' -> '\Device\HarddiskVolume3\Windows\System32\d3d11.dll' [rcNtRedir=0xc0150008]
840.1864: Detected WinVerifyTrust recursion: rc=VINF_SUCCESS '\Device\HarddiskVolume3\Windows\System32\d3d11.dll'.
840.1864: supR3HardenedWinVerifyCacheScheduleImports: Import todo: #0 'msvcrt.dll'.
840.1864: supR3HardenedWinVerifyCacheScheduleImports: Import todo: #26 'dxgi.dll'.
840.1864: supR3HardenedWinVerifyCacheScheduleImports: Import todo: #28 'win32u.dll'.
840.1864: supHardenedWinVerifyImageByHandle: -> 0 (\Device\HarddiskVolume3\Windows\System32\d3d11.dll)
840.1864: supR3HardenedWinVerifyCacheInsert: \Device\HarddiskVolume3\Windows\System32\d3d11.dll
840.1864: supR3HardenedWinVerifyCacheProcessImportTodos: Processing 'vcruntime140.dll'...
840.1864: supR3HardenedWinVerifyCacheProcessImportTodos: 'vcruntime140.dll' -> '\Device\HarddiskVolume3\Windows\System32\vcruntime140.dll' [rcNtRedir=0xc0150008]
840.1864: supR3HardenedWinVerifyCacheProcessImportTodos: Processing 'vcruntime140_1.dll'...
840.1864: supR3HardenedWinVerifyCacheProcessImportTodos: 'vcruntime140_1.dll' -> '\Device\HarddiskVolume3\Windows\System32\vcruntime140_1.dll' [rcNtRedir=0xc0150008]
840.1864: supR3HardenedScreenImage/Imports: cache hit (VINF_SUCCESS) on \Device\HarddiskVolume3\Windows\System32\vcruntime140_1.dll
840.1864: supR3HardenedWinVerifyCacheProcessImportTodos: Processing 'msvcp140_1.dll'...
840.1864: supR3HardenedWinVerifyCacheProcessImportTodos: 'msvcp140_1.dll' -> '\Device\HarddiskVolume3\Windows\System32\msvcp140_1.dll' [rcNtRedir=0xc0150008]
840.1864: supR3HardenedScreenImage/Imports: cache hit (VINF_SUCCESS) on \Device\HarddiskVolume3\Windows\System32\msvcp140_1.dll [lacks WinVerifyTrust]
840.1864: supR3HardenedWinVerifyCacheProcessImportTodos: Processing 'msvcp140.dll'...
840.1864: supR3HardenedWinVerifyCacheProcessImportTodos: 'msvcp140.dll' -> '\Device\HarddiskVolume3\Windows\System32\msvcp140.dll' [rcNtRedir=0xc0150008]
840.1864: supR3HardenedScreenImage/Imports: cache hit (VINF_SUCCESS) on \Device\HarddiskVolume3\Windows\System32\msvcp140.dll
840.1864: supR3HardenedWinVerifyCacheProcessImportTodos: Processing 'ws2_32.dll'...
840.1864: supR3HardenedWinVerifyCacheProcessImportTodos: 'ws2_32.dll' -> '\Device\HarddiskVolume3\Windows\System32\ws2_32.dll' [rcNtRedir=0xc0150008]
840.1864: supR3HardenedScreenImage/Imports: cache hit (VINF_SUCCESS) on \Device\HarddiskVolume3\Windows\System32\ws2_32.dll
840.1864: supR3HardenedWinVerifyCacheProcessImportTodos: Processing 'winmm.dll'...
840.1864: supR3HardenedWinVerifyCacheProcessImportTodos: 'winmm.dll' -> '\Device\HarddiskVolume3\Windows\System32\winmm.dll' [rcNtRedir=0xc0150008]
840.1864: supR3HardenedScreenImage/Imports: cache hit (VINF_SUCCESS) on \Device\HarddiskVolume3\Windows\System32\winmm.dll
840.1864: supR3HardenedWinVerifyCacheProcessImportTodos: Processing 'version.dll'...
840.1864: supR3HardenedWinVerifyCacheProcessImportTodos: 'version.dll' -> '\Device\HarddiskVolume3\Windows\System32\version.dll' [rcNtRedir=0xc0150008]
840.1864: Detected WinVerifyTrust recursion: rc=VINF_SUCCESS '\Device\HarddiskVolume3\Windows\System32\version.dll'.
840.1864: supR3HardenedWinVerifyCacheScheduleImports: Import todo: #0 'msvcrt.dll'.
840.1864: supHardenedWinVerifyImageByHandle: -> 0 (\Device\HarddiskVolume3\Windows\System32\version.dll)
840.1864: supR3HardenedWinVerifyCacheInsert: \Device\HarddiskVolume3\Windows\System32\version.dll
840.1864: supR3HardenedWinVerifyCacheProcessImportTodos: Processing 'user32.dll'...
840.1864: supR3HardenedWinVerifyCacheProcessImportTodos: 'user32.dll' -> '\Device\HarddiskVolume3\Windows\System32\user32.dll' [rcNtRedir=0xc0150008]
840.1864: supR3HardenedScreenImage/Imports: cache hit (VINF_SUCCESS) on \Device\HarddiskVolume3\Windows\System32\user32.dll [lacks WinVerifyTrust]
840.1864: supR3HardenedWinVerifyCacheProcessImportTodos: Processing 'shell32.dll'...
840.1864: supR3HardenedWinVerifyCacheProcessImportTodos: 'shell32.dll' -> '\Device\HarddiskVolume3\Windows\System32\shell32.dll' [rcNtRedir=0xc0150008]
840.1864: supR3HardenedScreenImage/Imports: cache hit (VINF_SUCCESS) on \Device\HarddiskVolume3\Windows\System32\shell32.dll [lacks WinVerifyTrust]
840.1864: supR3HardenedWinVerifyCacheProcessImportTodos: Processing 'ole32.dll'...
840.1864: supR3HardenedWinVerifyCacheProcessImportTodos: 'ole32.dll' -> '\Device\HarddiskVolume3\Windows\System32\ole32.dll' [rcNtRedir=0xc0150008]
840.1864: supR3HardenedScreenImage/Imports: cache hit (VINF_SUCCESS) on \Device\HarddiskVolume3\Windows\System32\ole32.dll
840.1864: supR3HardenedWinVerifyCacheProcessImportTodos: Processing 'netapi32.dll'...
840.1864: supR3HardenedWinVerifyCacheProcessImportTodos: 'netapi32.dll' -> '\Device\HarddiskVolume3\Windows\System32\netapi32.dll' [rcNtRedir=0xc0150008]
840.1864: Detected WinVerifyTrust recursion: rc=VINF_SUCCESS '\Device\HarddiskVolume3\Windows\System32\netapi32.dll'.
840.1864: supR3HardenedWinVerifyCacheScheduleImports: Import todo: #0 'msvcrt.dll'.
840.1864: supHardenedWinVerifyImageByHandle: -> 0 (\Device\HarddiskVolume3\Windows\System32\netapi32.dll)
840.1864: supR3HardenedWinVerifyCacheInsert: \Device\HarddiskVolume3\Windows\System32\netapi32.dll
840.1864: supR3HardenedWinVerifyCacheProcessImportTodos: Processing 'authz.dll'...
840.1864: supR3HardenedWinVerifyCacheProcessImportTodos: 'authz.dll' -> '\Device\HarddiskVolume3\Windows\System32\authz.dll' [rcNtRedir=0xc0150008]
840.1864: Detected WinVerifyTrust recursion: rc=22900 '\Device\HarddiskVolume3\Windows\System32\authz.dll'.
840.1864: supHardenedWinVerifyImageByHandle: -> 22900 (\Device\HarddiskVolume3\Windows\System32\authz.dll)
840.1864: supR3HardenedWinVerifyCacheInsert: \Device\HarddiskVolume3\Windows\System32\authz.dll
840.1864: supR3HardenedWinVerifyCacheProcessImportTodos: Processing 'advapi32.dll'...
840.1864: supR3HardenedWinVerifyCacheProcessImportTodos: 'advapi32.dll' -> '\Device\HarddiskVolume3\Windows\System32\advapi32.dll' [rcNtRedir=0xc0150008]
840.1864: supR3HardenedScreenImage/Imports: cache hit (VINF_SUCCESS) on \Device\HarddiskVolume3\Windows\System32\advapi32.dll
840.1864: supR3HardenedWinVerifyCacheProcessImportTodos: Processing 'userenv.dll'...
840.1864: supR3HardenedWinVerifyCacheProcessImportTodos: 'userenv.dll' -> '\Device\HarddiskVolume3\Windows\System32\userenv.dll' [rcNtRedir=0xc0150008]
840.1864: Detected WinVerifyTrust recursion: rc=VINF_SUCCESS '\Device\HarddiskVolume3\Windows\System32\userenv.dll'.
840.1864: supR3HardenedWinVerifyCacheScheduleImports: Import todo: #17 'rpcrt4.dll'.
840.1864: supHardenedWinVerifyImageByHandle: -> 0 (\Device\HarddiskVolume3\Windows\System32\userenv.dll)
840.1864: supR3HardenedWinVerifyCacheInsert: \Device\HarddiskVolume3\Windows\System32\userenv.dll
840.1864: supR3HardenedWinVerifyCacheProcessImportTodos: Processing 'mpr.dll'...
840.1864: supR3HardenedWinVerifyCacheProcessImportTodos: 'mpr.dll' -> '\Device\HarddiskVolume3\Windows\System32\mpr.dll' [rcNtRedir=0xc0150008]
840.1864: supR3HardenedScreenImage/Imports: cache hit (VINF_SUCCESS) on \Device\HarddiskVolume3\Windows\System32\mpr.dll
840.1864: supR3HardenedWinVerifyCacheProcessImportTodos: Processing 'vcruntime140.dll'...
840.1864: supR3HardenedWinVerifyCacheProcessImportTodos: 'vcruntime140.dll' -> '\Device\HarddiskVolume3\Windows\System32\vcruntime140.dll' [rcNtRedir=0xc0150008]
840.1864: supR3HardenedWinVerifyCacheProcessImportTodos: Processing 'msvcp140.dll'...
840.1864: supR3HardenedWinVerifyCacheProcessImportTodos: 'msvcp140.dll' -> '\Device\HarddiskVolume3\Windows\System32\msvcp140.dll' [rcNtRedir=0xc0150008]
840.1864: supR3HardenedScreenImage/Imports: cache hit (VINF_SUCCESS) on \Device\HarddiskVolume3\Windows\System32\msvcp140.dll
840.1864: supR3HardenedWinVerifyCacheProcessImportTodos: Processing 'rpcrt4.dll'...
840.1864: supR3HardenedWinVerifyCacheProcessImportTodos: 'rpcrt4.dll' -> '\Device\HarddiskVolume3\Windows\System32\rpcrt4.dll' [rcNtRedir=0xc0150008]
840.1864: supR3HardenedWinVerifyCacheProcessImportTodos: Processing 'msvcrt.dll'...
840.1864: supR3HardenedWinVerifyCacheProcessImportTodos: 'msvcrt.dll' -> '\Device\HarddiskVolume3\Windows\System32\msvcrt.dll' [rcNtRedir=0xc0150008]
840.1864: supR3HardenedWinVerifyCacheProcessImportTodos: Processing 'msvcrt.dll'...
840.1864: supR3HardenedWinVerifyCacheProcessImportTodos: 'msvcrt.dll' -> '\Device\HarddiskVolume3\Windows\System32\msvcrt.dll' [rcNtRedir=0xc0150008]
840.1864: supR3HardenedWinVerifyCacheProcessImportTodos: Processing 'win32u.dll'...
840.1864: supR3HardenedWinVerifyCacheProcessImportTodos: 'win32u.dll' -> '\Device\HarddiskVolume3\Windows\System32\win32u.dll' [rcNtRedir=0xc0150008]
840.1864: supR3HardenedScreenImage/Imports: cache hit (VINF_SUCCESS) on \Device\HarddiskVolume3\Windows\System32\win32u.dll [lacks WinVerifyTrust]
840.1864: supR3HardenedWinVerifyCacheProcessImportTodos: Processing 'dxgi.dll'...
840.1864: supR3HardenedWinVerifyCacheProcessImportTodos: 'dxgi.dll' -> '\Device\HarddiskVolume3\Windows\System32\dxgi.dll' [rcNtRedir=0xc0150008]
840.1864: supR3HardenedScreenImage/Imports: cache hit (VINF_SUCCESS) on \Device\HarddiskVolume3\Windows\System32\dxgi.dll [lacks WinVerifyTrust]
840.1864: supR3HardenedWinVerifyCacheProcessImportTodos: Processing 'msvcrt.dll'...
840.1864: supR3HardenedWinVerifyCacheProcessImportTodos: 'msvcrt.dll' -> '\Device\HarddiskVolume3\Windows\System32\msvcrt.dll' [rcNtRedir=0xc0150008]
840.1864: supR3HardenedWinVerifyCacheProcessImportTodos: Processing 'win32u.dll'...
840.1864: supR3HardenedWinVerifyCacheProcessImportTodos: 'win32u.dll' -> '\Device\HarddiskVolume3\Windows\System32\win32u.dll' [rcNtRedir=0xc0150008]
840.1864: supR3HardenedScreenImage/Imports: cache hit (VINF_SUCCESS) on \Device\HarddiskVolume3\Windows\System32\win32u.dll [lacks WinVerifyTrust]
840.1864: supR3HardenedWinVerifyCacheProcessImportTodos: Processing 'msvcrt.dll'...
840.1864: supR3HardenedWinVerifyCacheProcessImportTodos: 'msvcrt.dll' -> '\Device\HarddiskVolume3\Windows\System32\msvcrt.dll' [rcNtRedir=0xc0150008]
840.1864: supR3HardenedWinVerifyCacheProcessImportTodos: Processing 'msvcp_win.dll'...
840.1864: supR3HardenedWinVerifyCacheProcessImportTodos: 'msvcp_win.dll' -> '\Device\HarddiskVolume3\Windows\System32\msvcp_win.dll' [rcNtRedir=0xc0150008]
840.1864: supR3HardenedScreenImage/Imports: cache hit (VINF_SUCCESS) on \Device\HarddiskVolume3\Windows\System32\msvcp_win.dll [lacks WinVerifyTrust]
840.1864: supR3HardenedWinVerifyCacheProcessImportTodos: Processing 'gdi32.dll'...
840.1864: supR3HardenedWinVerifyCacheProcessImportTodos: 'gdi32.dll' -> '\Device\HarddiskVolume3\Windows\System32\gdi32.dll' [rcNtRedir=0xc0150008]
840.1864: supR3HardenedScreenImage/Imports: cache hit (VINF_SUCCESS) on \Device\HarddiskVolume3\Windows\System32\gdi32.dll [lacks WinVerifyTrust]
840.1864: supR3HardenedWinVerifyCacheProcessImportTodos: Processing 'user32.dll'...
840.1864: supR3HardenedWinVerifyCacheProcessImportTodos: 'user32.dll' -> '\Device\HarddiskVolume3\Windows\System32\user32.dll' [rcNtRedir=0xc0150008]
840.1864: supR3HardenedScreenImage/Imports: cache hit (VINF_SUCCESS) on \Device\HarddiskVolume3\Windows\System32\user32.dll [lacks WinVerifyTrust]
840.1864: supR3HardenedWinVerifyCacheProcessImportTodos: Processing 'msvcp_win.dll'...
840.1864: supR3HardenedWinVerifyCacheProcessImportTodos: 'msvcp_win.dll' -> '\Device\HarddiskVolume3\Windows\System32\msvcp_win.dll' [rcNtRedir=0xc0150008]
840.1864: supR3HardenedScreenImage/Imports: cache hit (VINF_SUCCESS) on \Device\HarddiskVolume3\Windows\System32\msvcp_win.dll [lacks WinVerifyTrust]
840.1864: supR3HardenedWinVerifyCacheProcessImportTodos: Processing 'rpcrt4.dll'...
840.1864: supR3HardenedWinVerifyCacheProcessImportTodos: 'rpcrt4.dll' -> '\Device\HarddiskVolume3\Windows\System32\rpcrt4.dll' [rcNtRedir=0xc0150008]
840.1864: supR3HardenedWinVerifyCacheProcessImportTodos: Processing 'msvcrt.dll'...
840.1864: supR3HardenedWinVerifyCacheProcessImportTodos: 'msvcrt.dll' -> '\Device\HarddiskVolume3\Windows\System32\msvcrt.dll' [rcNtRedir=0xc0150008]
840.1864: supR3HardenedWinVerifyCacheProcessImportTodos: Processing 'vcruntime140_1.dll'...
840.1864: supR3HardenedWinVerifyCacheProcessImportTodos: 'vcruntime140_1.dll' -> '\Device\HarddiskVolume3\Windows\System32\vcruntime140_1.dll' [rcNtRedir=0xc0150008]
840.1864: supR3HardenedScreenImage/Imports: cache hit (VINF_SUCCESS) on \Device\HarddiskVolume3\Windows\System32\vcruntime140_1.dll
840.1864: supR3HardenedWinVerifyCacheProcessImportTodos: Processing 'vcruntime140.dll'...
840.1864: supR3HardenedWinVerifyCacheProcessImportTodos: 'vcruntime140.dll' -> '\Device\HarddiskVolume3\Windows\System32\vcruntime140.dll' [rcNtRedir=0xc0150008]
840.1864: supR3HardenedWinVerifyCacheProcessImportTodos: Processing 'msvcp140.dll'...
840.1864: supR3HardenedWinVerifyCacheProcessImportTodos: 'msvcp140.dll' -> '\Device\HarddiskVolume3\Windows\System32\msvcp140.dll' [rcNtRedir=0xc0150008]
840.1864: supR3HardenedScreenImage/Imports: cache hit (VINF_SUCCESS) on \Device\HarddiskVolume3\Windows\System32\msvcp140.dll
840.1864: supR3HardenedMonitor_LdrLoadDll: returns rcNt=0x0 hMod=00007ffe0de90000 'C:\Windows\system32\rsaenh.dll'
840.1864: supR3HardenedMonitor_LdrLoadDll: returns rcNt=0x0 hMod=00007ffe0f6d0000 'C:\Windows\System32\crypt32.dll'
840.1864: supR3HardenedWinVerifyCacheScheduleImports: Import todo: #0 'd3d11.dll'.
840.1864: supR3HardenedWinVerifyCacheScheduleImports: Import todo: #1 'dxgi.dll'.
840.1864: supR3HardenedWinVerifyCacheScheduleImports: Import todo: #2 'd3d12.dll'.
840.1864: supR3HardenedWinVerifyCacheScheduleImports: Import todo: #3 'gdi32.dll'.
840.1864: supR3HardenedWinVerifyCacheScheduleImports: Import todo: #4 'ole32.dll'.
840.1864: supR3HardenedWinVerifyCacheScheduleImports: Import todo: #5 'shell32.dll'.
840.1864: supR3HardenedWinVerifyCacheScheduleImports: Import todo: #6 'user32.dll'.
840.1864: supR3HardenedWinVerifyCacheScheduleImports: Import todo: #7 'uxtheme.dll'.
840.1864: supR3HardenedWinVerifyCacheScheduleImports: Import todo: #8 'dwrite.dll'.
840.1864: supR3HardenedWinVerifyCacheScheduleImports: Import todo: #9 'qt6corevbox.dll'.
840.1864: supR3HardenedWinVerifyCacheScheduleImports: Import todo: #11 'msvcp140.dll'.
840.1864: supR3HardenedWinVerifyCacheScheduleImports: Import todo: #12 'msvcp140_1.dll'.
840.1864: supR3HardenedWinVerifyCacheScheduleImports: Import todo: #13 'msvcp140_2.dll'.
840.1864: supR3HardenedWinVerifyCacheScheduleImports: Import todo: #14 'vcruntime140.dll'.
840.1864: supR3HardenedWinVerifyCacheScheduleImports: Import todo: #15 'vcruntime140_1.dll'.
840.1864: supHardenedWinVerifyImageByHandle: -> 0 (\Device\HarddiskVolume3\Program Files\Oracle\VirtualBox\Qt6GuiVBox.dll) WinVerifyTrust
840.1864: supR3HardenedWinVerifyCacheProcessImportTodos: Processing 'qt6corevbox.dll'...
840.1864: supR3HardenedWinVerifyCacheProcessImportTodos: 'qt6corevbox.dll' -> '\Device\HarddiskVolume3\Program Files\Oracle\VirtualBox\qt6corevbox.dll' [rcNtRedir=0xc0150008]
840.1864: supR3HardenedScreenImage/Imports: cache hit (VINF_SUCCESS) on \Device\HarddiskVolume3\Program Files\Oracle\VirtualBox\Qt6CoreVBox.dll [redoing WinVerifyTrust]
840.1864: supR3HardenedWinVerifyCacheProcessImportTodos: Processing 'vcruntime140_1.dll'...
840.1864: supR3HardenedWinVerifyCacheProcessImportTodos: 'vcruntime140_1.dll' -> '\Device\HarddiskVolume3\Windows\System32\vcruntime140_1.dll' [rcNtRedir=0xc0150008]
840.1864: supR3HardenedScreenImage/Imports: cache hit (VINF_SUCCESS) on \Device\HarddiskVolume3\Windows\System32\vcruntime140_1.dll
840.1864: supR3HardenedWinVerifyCacheProcessImportTodos: Processing 'vcruntime140.dll'...
840.1864: supR3HardenedWinVerifyCacheProcessImportTodos: 'vcruntime140.dll' -> '\Device\HarddiskVolume3\Windows\System32\vcruntime140.dll' [rcNtRedir=0xc0150008]
840.1864: supR3HardenedWinVerifyCacheProcessImportTodos: Processing 'msvcp140_2.dll'...
840.1864: supR3HardenedWinVerifyCacheProcessImportTodos: 'msvcp140_2.dll' -> '\Device\HarddiskVolume3\Windows\System32\msvcp140_2.dll' [rcNtRedir=0xc0150008]
840.1864: supR3HardenedScreenImage/Imports: cache hit (VINF_SUCCESS) on \Device\HarddiskVolume3\Windows\System32\msvcp140_2.dll [lacks WinVerifyTrust]
840.1864: supR3HardenedWinVerifyCacheProcessImportTodos: Processing 'msvcp140_1.dll'...
840.1864: supR3HardenedWinVerifyCacheProcessImportTodos: 'msvcp140_1.dll' -> '\Device\HarddiskVolume3\Windows\System32\msvcp140_1.dll' [rcNtRedir=0xc0150008]
840.1864: supR3HardenedScreenImage/Imports: cache hit (VINF_SUCCESS) on \Device\HarddiskVolume3\Windows\System32\msvcp140_1.dll [lacks WinVerifyTrust]
840.1864: supR3HardenedWinVerifyCacheProcessImportTodos: Processing 'msvcp140.dll'...
840.1864: supR3HardenedWinVerifyCacheProcessImportTodos: 'msvcp140.dll' -> '\Device\HarddiskVolume3\Windows\System32\msvcp140.dll' [rcNtRedir=0xc0150008]
840.1864: supR3HardenedWinVerifyCacheProcessImportTodos: Processing 'qt6corevbox.dll'...
840.1864: supR3HardenedWinVerifyCacheProcessImportTodos: 'qt6corevbox.dll' -> '\Device\HarddiskVolume3\Program Files\Oracle\VirtualBox\qt6corevbox.dll' [rcNtRedir=0xc0150008]
840.1864: supR3HardenedScreenImage/Imports: cache hit (VINF_SUCCESS) on \Device\HarddiskVolume3\Program Files\Oracle\VirtualBox\Qt6CoreVBox.dll [lacks WinVerifyTrust]
840.1864: supR3HardenedWinVerifyCacheProcessImportTodos: Processing 'dwrite.dll'...
840.1864: supR3HardenedWinVerifyCacheProcessImportTodos: 'dwrite.dll' -> '\Device\HarddiskVolume3\Windows\System32\dwrite.dll' [rcNtRedir=0xc0150008]
840.1864: supR3HardenedScreenImage/Imports: cache hit (22900) on \Device\HarddiskVolume3\Windows\System32\DWrite.dll [lacks WinVerifyTrust]
840.1864: supR3HardenedWinVerifyCacheProcessImportTodos: Processing 'uxtheme.dll'...
840.1864: supR3HardenedWinVerifyCacheProcessImportTodos: 'uxtheme.dll' -> '\Device\HarddiskVolume3\Windows\System32\uxtheme.dll' [rcNtRedir=0xc0150008]
840.1864: supR3HardenedScreenImage/Imports: cache hit (22900) on \Device\HarddiskVolume3\Windows\System32\uxtheme.dll [lacks WinVerifyTrust]
840.1864: supR3HardenedWinVerifyCacheProcessImportTodos: Processing 'user32.dll'...
840.1864: supR3HardenedWinVerifyCacheProcessImportTodos: 'user32.dll' -> '\Device\HarddiskVolume3\Windows\System32\user32.dll' [rcNtRedir=0xc0150008]
840.1864: supR3HardenedScreenImage/Imports: cache hit (VINF_SUCCESS) on \Device\HarddiskVolume3\Windows\System32\user32.dll [lacks WinVerifyTrust]
840.1864: supR3HardenedWinVerifyCacheProcessImportTodos: Processing 'shell32.dll'...
840.1864: supR3HardenedWinVerifyCacheProcessImportTodos: 'shell32.dll' -> '\Device\HarddiskVolume3\Windows\System32\shell32.dll' [rcNtRedir=0xc0150008]
840.1864: supR3HardenedScreenImage/Imports: cache hit (VINF_SUCCESS) on \Device\HarddiskVolume3\Windows\System32\shell32.dll [lacks WinVerifyTrust]
840.1864: supR3HardenedWinVerifyCacheProcessImportTodos: Processing 'ole32.dll'...
840.1864: supR3HardenedWinVerifyCacheProcessImportTodos: 'ole32.dll' -> '\Device\HarddiskVolume3\Windows\System32\ole32.dll' [rcNtRedir=0xc0150008]
840.1864: supR3HardenedScreenImage/Imports: cache hit (VINF_SUCCESS) on \Device\HarddiskVolume3\Windows\System32\ole32.dll
840.1864: supR3HardenedWinVerifyCacheProcessImportTodos: Processing 'gdi32.dll'...
840.1864: supR3HardenedWinVerifyCacheProcessImportTodos: 'gdi32.dll' -> '\Device\HarddiskVolume3\Windows\System32\gdi32.dll' [rcNtRedir=0xc0150008]
840.1864: supR3HardenedScreenImage/Imports: cache hit (VINF_SUCCESS) on \Device\HarddiskVolume3\Windows\System32\gdi32.dll [lacks WinVerifyTrust]
840.1864: supR3HardenedWinVerifyCacheProcessImportTodos: Processing 'd3d12.dll'...
840.1864: supR3HardenedWinVerifyCacheProcessImportTodos: 'd3d12.dll' -> '\Device\HarddiskVolume3\Windows\System32\d3d12.dll' [rcNtRedir=0xc0150008]
840.1864: supR3HardenedScreenImage/Imports: cache hit (VINF_SUCCESS) on \Device\HarddiskVolume3\Windows\System32\D3D12.dll [lacks WinVerifyTrust]
840.1864: supR3HardenedWinVerifyCacheProcessImportTodos: Processing 'dxgi.dll'...
840.1864: supR3HardenedWinVerifyCacheProcessImportTodos: 'dxgi.dll' -> '\Device\HarddiskVolume3\Windows\System32\dxgi.dll' [rcNtRedir=0xc0150008]
840.1864: supR3HardenedScreenImage/Imports: cache hit (VINF_SUCCESS) on \Device\HarddiskVolume3\Windows\System32\dxgi.dll [lacks WinVerifyTrust]
840.1864: supR3HardenedWinVerifyCacheProcessImportTodos: Processing 'd3d11.dll'...
840.1864: supR3HardenedWinVerifyCacheProcessImportTodos: 'd3d11.dll' -> '\Device\HarddiskVolume3\Windows\System32\d3d11.dll' [rcNtRedir=0xc0150008]
840.1864: supR3HardenedScreenImage/Imports: cache hit (VINF_SUCCESS) on \Device\HarddiskVolume3\Windows\System32\d3d11.dll [lacks WinVerifyTrust]
840.1864: supR3HardenedMonitor_LdrLoadDll: returns rcNt=0x0 hMod=00007ffe0de90000 'C:\Windows\system32\rsaenh.dll'
840.1864: supR3HardenedMonitor_LdrLoadDll: returns rcNt=0x0 hMod=00007ffe0f6d0000 'C:\Windows\System32\crypt32.dll'
840.1864: supR3HardenedScreenImage/Imports: 0 (was 0) fWinVerifyTrust=1 for '\Device\HarddiskVolume3\Program Files\Oracle\VirtualBox\Qt6CoreVBox.dll'
840.1864: supR3HardenedWinVerifyCacheProcessImportTodos: Processing 'uicommon.dll'...
840.1864: supR3HardenedWinVerifyCacheProcessImportTodos: 'uicommon.dll' -> '\Device\HarddiskVolume3\Program Files\Oracle\VirtualBox\uicommon.dll' [rcNtRedir=0xc0150008]
840.1864: supR3HardenedMonitor_LdrLoadDll: returns rcNt=0x0 hMod=00007ffe0de90000 'C:\Windows\system32\rsaenh.dll'
840.1864: supR3HardenedMonitor_LdrLoadDll: returns rcNt=0x0 hMod=00007ffe0f6d0000 'C:\Windows\System32\crypt32.dll'
840.1864: supR3HardenedWinVerifyCacheScheduleImports: Import todo: #0 'qt6corevbox.dll'.
840.1864: supR3HardenedWinVerifyCacheScheduleImports: Import todo: #1 'qt6guivbox.dll'.
840.1864: supR3HardenedWinVerifyCacheScheduleImports: Import todo: #2 'qt6widgetsvbox.dll'.
840.1864: supR3HardenedWinVerifyCacheScheduleImports: Import todo: #3 'qt6helpvbox.dll'.
840.1864: supR3HardenedWinVerifyCacheScheduleImports: Import todo: #4 'qt6statemachinevbox.dll'.
840.1864: supR3HardenedWinVerifyCacheScheduleImports: Import todo: #11 'user32.dll'.
840.1864: supR3HardenedWinVerifyCacheScheduleImports: Import todo: #12 'ole32.dll'.
840.1864: supR3HardenedWinVerifyCacheScheduleImports: Import todo: #13 'oleaut32.dll'.
840.1864: supR3HardenedWinVerifyCacheScheduleImports: Import todo: #14 'vboxrt.dll'.
840.1864: supR3HardenedWinVerifyCacheScheduleImports: Import todo: #15 'vcruntime140.dll'.
840.1864: supR3HardenedWinVerifyCacheScheduleImports: Import todo: #16 'vcruntime140_1.dll'.
840.1864: supR3HardenedWinVerifyCacheScheduleImports: Import todo: #17 'msvcp140.dll'.
840.1864: supR3HardenedWinVerifyCacheScheduleImports: Import todo: #18 'advapi32.dll'.
840.1864: supR3HardenedWinVerifyCacheScheduleImports: Import todo: #19 'rpcrt4.dll'.
840.1864: supHardenedWinVerifyImageByHandle: -> 0 (\Device\HarddiskVolume3\Program Files\Oracle\VirtualBox\UICommon.dll) WinVerifyTrust
840.1864: supR3HardenedWinVerifyCacheInsert: \Device\HarddiskVolume3\Program Files\Oracle\VirtualBox\UICommon.dll
840.1864: supR3HardenedWinVerifyCacheProcessImportTodos: Processing 'rpcrt4.dll'...
840.1864: supR3HardenedWinVerifyCacheProcessImportTodos: 'rpcrt4.dll' -> '\Device\HarddiskVolume3\Windows\System32\rpcrt4.dll' [rcNtRedir=0xc0150008]
840.1864: supR3HardenedWinVerifyCacheProcessImportTodos: Processing 'advapi32.dll'...
840.1864: supR3HardenedWinVerifyCacheProcessImportTodos: 'advapi32.dll' -> '\Device\HarddiskVolume3\Windows\System32\advapi32.dll' [rcNtRedir=0xc0150008]
840.1864: supR3HardenedScreenImage/Imports: cache hit (VINF_SUCCESS) on \Device\HarddiskVolume3\Windows\System32\advapi32.dll
840.1864: supR3HardenedWinVerifyCacheProcessImportTodos: Processing 'msvcp140.dll'...
840.1864: supR3HardenedWinVerifyCacheProcessImportTodos: 'msvcp140.dll' -> '\Device\HarddiskVolume3\Windows\System32\msvcp140.dll' [rcNtRedir=0xc0150008]
840.1864: supR3HardenedWinVerifyCacheProcessImportTodos: Processing 'vcruntime140_1.dll'...
840.1864: supR3HardenedWinVerifyCacheProcessImportTodos: 'vcruntime140_1.dll' -> '\Device\HarddiskVolume3\Windows\System32\vcruntime140_1.dll' [rcNtRedir=0xc0150008]
840.1864: supR3HardenedWinVerifyCacheProcessImportTodos: Processing 'vcruntime140.dll'...
840.1864: supR3HardenedWinVerifyCacheProcessImportTodos: 'vcruntime140.dll' -> '\Device\HarddiskVolume3\Windows\System32\vcruntime140.dll' [rcNtRedir=0xc0150008]
840.1864: supR3HardenedWinVerifyCacheProcessImportTodos: Processing 'vboxrt.dll'...
840.1864: supR3HardenedWinVerifyCacheProcessImportTodos: 'vboxrt.dll' -> '\Device\HarddiskVolume3\Program Files\Oracle\VirtualBox\vboxrt.dll' [rcNtRedir=0xc0150008]
840.1864: supR3HardenedWinVerifyCacheProcessImportTodos: Processing 'oleaut32.dll'...
840.1864: supR3HardenedWinVerifyCacheProcessImportTodos: 'oleaut32.dll' -> '\Device\HarddiskVolume3\Windows\System32\oleaut32.dll' [rcNtRedir=0xc0150008]
840.1864: supR3HardenedScreenImage/Imports: cache hit (VINF_SUCCESS) on \Device\HarddiskVolume3\Windows\System32\oleaut32.dll
840.1864: supR3HardenedWinVerifyCacheProcessImportTodos: Processing 'ole32.dll'...
840.1864: supR3HardenedWinVerifyCacheProcessImportTodos: 'ole32.dll' -> '\Device\HarddiskVolume3\Windows\System32\ole32.dll' [rcNtRedir=0xc0150008]
840.1864: supR3HardenedScreenImage/Imports: cache hit (VINF_SUCCESS) on \Device\HarddiskVolume3\Windows\System32\ole32.dll
840.1864: supR3HardenedWinVerifyCacheProcessImportTodos: Processing 'user32.dll'...
840.1864: supR3HardenedWinVerifyCacheProcessImportTodos: 'user32.dll' -> '\Device\HarddiskVolume3\Windows\System32\user32.dll' [rcNtRedir=0xc0150008]
840.1864: supR3HardenedScreenImage/Imports: cache hit (VINF_SUCCESS) on \Device\HarddiskVolume3\Windows\System32\user32.dll [redoing WinVerifyTrust]
840.1864: supR3HardenedMonitor_LdrLoadDll: returns rcNt=0x0 hMod=00007ffe0de90000 'C:\Windows\system32\rsaenh.dll'
840.1864: supR3HardenedMonitor_LdrLoadDll: returns rcNt=0x0 hMod=00007ffe0f6d0000 'C:\Windows\System32\crypt32.dll'
840.1864: supR3HardenedScreenImage/Imports: 0 (was 0) fWinVerifyTrust=1 for '\Device\HarddiskVolume3\Windows\System32\user32.dll'
840.1864: supR3HardenedWinVerifyCacheProcessImportTodos: Processing 'qt6statemachinevbox.dll'...
840.1864: supR3HardenedWinVerifyCacheProcessImportTodos: 'qt6statemachinevbox.dll' -> '\Device\HarddiskVolume3\Program Files\Oracle\VirtualBox\qt6statemachinevbox.dll' [rcNtRedir=0xc0150008]
840.1864: supR3HardenedMonitor_LdrLoadDll: returns rcNt=0x0 hMod=00007ffe0de90000 'C:\Windows\system32\rsaenh.dll'
840.1864: supR3HardenedMonitor_LdrLoadDll: returns rcNt=0x0 hMod=00007ffe0f6d0000 'C:\Windows\System32\crypt32.dll'
840.1864: supR3HardenedWinVerifyCacheScheduleImports: Import todo: #0 'qt6guivbox.dll'.
840.1864: supR3HardenedWinVerifyCacheScheduleImports: Import todo: #1 'qt6corevbox.dll'.
840.1864: supR3HardenedWinVerifyCacheScheduleImports: Import todo: #2 'vcruntime140.dll'.
840.1864: supHardenedWinVerifyImageByHandle: -> 0 (\Device\HarddiskVolume3\Program Files\Oracle\VirtualBox\Qt6StateMachineVBox.dll) WinVerifyTrust
840.1864: supR3HardenedWinVerifyCacheInsert: \Device\HarddiskVolume3\Program Files\Oracle\VirtualBox\Qt6StateMachineVBox.dll
840.1864: supR3HardenedWinVerifyCacheProcessImportTodos: Processing 'qt6helpvbox.dll'...
840.1864: supR3HardenedWinVerifyCacheProcessImportTodos: 'qt6helpvbox.dll' -> '\Device\HarddiskVolume3\Program Files\Oracle\VirtualBox\qt6helpvbox.dll' [rcNtRedir=0xc0150008]
840.1864: supR3HardenedWinVerifyCacheProcessImportTodos: Processing 'vcruntime140.dll'...
840.1864: supR3HardenedWinVerifyCacheProcessImportTodos: 'vcruntime140.dll' -> '\Device\HarddiskVolume3\Windows\System32\vcruntime140.dll' [rcNtRedir=0xc0150008]
840.1864: supR3HardenedWinVerifyCacheProcessImportTodos: Processing 'qt6corevbox.dll'...
840.1864: supR3HardenedWinVerifyCacheProcessImportTodos: 'qt6corevbox.dll' -> '\Device\HarddiskVolume3\Program Files\Oracle\VirtualBox\qt6corevbox.dll' [rcNtRedir=0xc0150008]
840.1864: supR3HardenedScreenImage/Imports: cache hit (VINF_SUCCESS) on \Device\HarddiskVolume3\Program Files\Oracle\VirtualBox\Qt6CoreVBox.dll
840.1864: supR3HardenedWinVerifyCacheProcessImportTodos: Processing 'qt6guivbox.dll'...
840.1864: supR3HardenedWinVerifyCacheProcessImportTodos: 'qt6guivbox.dll' -> '\Device\HarddiskVolume3\Program Files\Oracle\VirtualBox\qt6guivbox.dll' [rcNtRedir=0xc0150008]
840.1864: supR3HardenedScreenImage/Imports: cache hit (VINF_SUCCESS) on \Device\HarddiskVolume3\Program Files\Oracle\VirtualBox\Qt6GuiVBox.dll [lacks WinVerifyTrust]
840.1864: supR3HardenedMonitor_LdrLoadDll: returns rcNt=0x0 hMod=00007ffe0de90000 'C:\Windows\system32\rsaenh.dll'
840.1864: supR3HardenedMonitor_LdrLoadDll: returns rcNt=0x0 hMod=00007ffe0f6d0000 'C:\Windows\System32\crypt32.dll'
840.1864: supR3HardenedWinVerifyCacheScheduleImports: Import todo: #0 'qt6sqlvbox.dll'.
840.1864: supR3HardenedWinVerifyCacheScheduleImports: Import todo: #1 'qt6widgetsvbox.dll'.
840.1864: supR3HardenedWinVerifyCacheScheduleImports: Import todo: #2 'qt6guivbox.dll'.
840.1864: supR3HardenedWinVerifyCacheScheduleImports: Import todo: #3 'qt6corevbox.dll'.
840.1864: supR3HardenedWinVerifyCacheScheduleImports: Import todo: #4 'msvcp140.dll'.
840.1864: supR3HardenedWinVerifyCacheScheduleImports: Import todo: #5 'vcruntime140.dll'.
840.1864: supR3HardenedWinVerifyCacheScheduleImports: Import todo: #6 'vcruntime140_1.dll'.
840.1864: supHardenedWinVerifyImageByHandle: -> 0 (\Device\HarddiskVolume3\Program Files\Oracle\VirtualBox\Qt6HelpVBox.dll) WinVerifyTrust
840.1864: supR3HardenedWinVerifyCacheInsert: \Device\HarddiskVolume3\Program Files\Oracle\VirtualBox\Qt6HelpVBox.dll
840.1864: supR3HardenedWinVerifyCacheProcessImportTodos: Processing 'qt6widgetsvbox.dll'...
840.1864: supR3HardenedWinVerifyCacheProcessImportTodos: 'qt6widgetsvbox.dll' -> '\Device\HarddiskVolume3\Program Files\Oracle\VirtualBox\qt6widgetsvbox.dll' [rcNtRedir=0xc0150008]
840.1864: supR3HardenedScreenImage/Imports: cache hit (VINF_SUCCESS) on \Device\HarddiskVolume3\Program Files\Oracle\VirtualBox\Qt6WidgetsVBox.dll
840.1864: supR3HardenedWinVerifyCacheProcessImportTodos: Processing 'qt6guivbox.dll'...
840.1864: supR3HardenedWinVerifyCacheProcessImportTodos: 'qt6guivbox.dll' -> '\Device\HarddiskVolume3\Program Files\Oracle\VirtualBox\qt6guivbox.dll' [rcNtRedir=0xc0150008]
840.1864: supR3HardenedScreenImage/Imports: cache hit (VINF_SUCCESS) on \Device\HarddiskVolume3\Program Files\Oracle\VirtualBox\Qt6GuiVBox.dll [redoing WinVerifyTrust]
840.1864: supR3HardenedWinVerifyCacheProcessImportTodos: Processing 'vcruntime140_1.dll'...
840.1864: supR3HardenedWinVerifyCacheProcessImportTodos: 'vcruntime140_1.dll' -> '\Device\HarddiskVolume3\Windows\System32\vcruntime140_1.dll' [rcNtRedir=0xc0150008]
840.1864: supR3HardenedWinVerifyCacheProcessImportTodos: Processing 'vcruntime140.dll'...
840.1864: supR3HardenedWinVerifyCacheProcessImportTodos: 'vcruntime140.dll' -> '\Device\HarddiskVolume3\Windows\System32\vcruntime140.dll' [rcNtRedir=0xc0150008]
840.1864: supR3HardenedWinVerifyCacheProcessImportTodos: Processing 'msvcp140.dll'...
840.1864: supR3HardenedWinVerifyCacheProcessImportTodos: 'msvcp140.dll' -> '\Device\HarddiskVolume3\Windows\System32\msvcp140.dll' [rcNtRedir=0xc0150008]
840.1864: supR3HardenedWinVerifyCacheProcessImportTodos: Processing 'qt6corevbox.dll'...
840.1864: supR3HardenedWinVerifyCacheProcessImportTodos: 'qt6corevbox.dll' -> '\Device\HarddiskVolume3\Program Files\Oracle\VirtualBox\qt6corevbox.dll' [rcNtRedir=0xc0150008]
840.1864: supR3HardenedScreenImage/Imports: cache hit (VINF_SUCCESS) on \Device\HarddiskVolume3\Program Files\Oracle\VirtualBox\Qt6CoreVBox.dll
840.1864: supR3HardenedWinVerifyCacheProcessImportTodos: Processing 'qt6guivbox.dll'...
840.1864: supR3HardenedWinVerifyCacheProcessImportTodos: 'qt6guivbox.dll' -> '\Device\HarddiskVolume3\Program Files\Oracle\VirtualBox\qt6guivbox.dll' [rcNtRedir=0xc0150008]
840.1864: supR3HardenedScreenImage/Imports: cache hit (VINF_SUCCESS) on \Device\HarddiskVolume3\Program Files\Oracle\VirtualBox\Qt6GuiVBox.dll [lacks WinVerifyTrust]
840.1864: supR3HardenedWinVerifyCacheProcessImportTodos: Processing 'qt6widgetsvbox.dll'...
840.1864: supR3HardenedWinVerifyCacheProcessImportTodos: 'qt6widgetsvbox.dll' -> '\Device\HarddiskVolume3\Program Files\Oracle\VirtualBox\qt6widgetsvbox.dll' [rcNtRedir=0xc0150008]
840.1864: supR3HardenedScreenImage/Imports: cache hit (VINF_SUCCESS) on \Device\HarddiskVolume3\Program Files\Oracle\VirtualBox\Qt6WidgetsVBox.dll
840.1864: supR3HardenedWinVerifyCacheProcessImportTodos: Processing 'qt6sqlvbox.dll'...
840.1864: supR3HardenedWinVerifyCacheProcessImportTodos: 'qt6sqlvbox.dll' -> '\Device\HarddiskVolume3\Program Files\Oracle\VirtualBox\qt6sqlvbox.dll' [rcNtRedir=0xc0150008]
840.1864: Detected WinVerifyTrust recursion: rc=VINF_SUCCESS '\Device\HarddiskVolume3\Program Files\Oracle\VirtualBox\Qt6SqlVBox.dll'.
840.1864: supR3HardenedWinVerifyCacheScheduleImports: Import todo: #0 'qt6corevbox.dll'.
840.1864: supR3HardenedWinVerifyCacheScheduleImports: Import todo: #1 'msvcp140.dll'.
840.1864: supR3HardenedWinVerifyCacheScheduleImports: Import todo: #2 'vcruntime140.dll'.
840.1864: supR3HardenedWinVerifyCacheScheduleImports: Import todo: #3 'vcruntime140_1.dll'.
840.1864: supHardenedWinVerifyImageByHandle: -> 0 (\Device\HarddiskVolume3\Program Files\Oracle\VirtualBox\Qt6SqlVBox.dll)
840.1864: supR3HardenedWinVerifyCacheInsert: \Device\HarddiskVolume3\Program Files\Oracle\VirtualBox\Qt6SqlVBox.dll
840.1864: supR3HardenedWinVerifyCacheProcessImportTodos: Processing 'vcruntime140_1.dll'...
840.1864: supR3HardenedWinVerifyCacheProcessImportTodos: 'vcruntime140_1.dll' -> '\Device\HarddiskVolume3\Windows\System32\vcruntime140_1.dll' [rcNtRedir=0xc0150008]
840.1864: supR3HardenedWinVerifyCacheProcessImportTodos: Processing 'vcruntime140.dll'...
840.1864: supR3HardenedWinVerifyCacheProcessImportTodos: 'vcruntime140.dll' -> '\Device\HarddiskVolume3\Windows\System32\vcruntime140.dll' [rcNtRedir=0xc0150008]
840.1864: supR3HardenedScreenImage/Imports: cache hit (VINF_SUCCESS) on \Device\HarddiskVolume3\Windows\System32\vcruntime140.dll
840.1864: supR3HardenedWinVerifyCacheProcessImportTodos: Processing 'msvcp140.dll'...
840.1864: supR3HardenedWinVerifyCacheProcessImportTodos: 'msvcp140.dll' -> '\Device\HarddiskVolume3\Windows\System32\msvcp140.dll' [rcNtRedir=0xc0150008]
840.1864: supR3HardenedWinVerifyCacheProcessImportTodos: Processing 'qt6corevbox.dll'...
840.1864: supR3HardenedWinVerifyCacheProcessImportTodos: 'qt6corevbox.dll' -> '\Device\HarddiskVolume3\Program Files\Oracle\VirtualBox\qt6corevbox.dll' [rcNtRedir=0xc0150008]
840.1864: supR3HardenedScreenImage/Imports: cache hit (VINF_SUCCESS) on \Device\HarddiskVolume3\Program Files\Oracle\VirtualBox\Qt6CoreVBox.dll
840.1864: supR3HardenedMonitor_LdrLoadDll: returns rcNt=0x0 hMod=00007ffe0de90000 'C:\Windows\system32\rsaenh.dll'
840.1864: supR3HardenedMonitor_LdrLoadDll: returns rcNt=0x0 hMod=00007ffe0f6d0000 'C:\Windows\System32\crypt32.dll'
840.1864: supR3HardenedScreenImage/Imports: 0 (was 0) fWinVerifyTrust=1 for '\Device\HarddiskVolume3\Program Files\Oracle\VirtualBox\Qt6GuiVBox.dll'
840.1864: supR3HardenedWinVerifyCacheProcessImportTodos: Processing 'qt6corevbox.dll'...
840.1864: supR3HardenedWinVerifyCacheProcessImportTodos: 'qt6corevbox.dll' -> '\Device\HarddiskVolume3\Program Files\Oracle\VirtualBox\qt6corevbox.dll' [rcNtRedir=0xc0150008]
840.1864: supR3HardenedScreenImage/Imports: cache hit (VINF_SUCCESS) on \Device\HarddiskVolume3\Program Files\Oracle\VirtualBox\Qt6CoreVBox.dll
840.1864: supR3HardenedMonitor_LdrLoadDll: pName=C:\Program Files\Oracle\VirtualBox\VirtualBoxVM.dll (rcNtResolve=0xc0150008) *pfFlags=0x0 pwszSearchPath=0000000000000a01:<flags> [calling]
840.1864: supR3HardenedScreenImage/NtCreateSection: cache hit (VINF_SUCCESS) on \Device\HarddiskVolume3\Program Files\Oracle\VirtualBox\VirtualBoxVM.dll
840.1864: supR3HardenedScreenImage/NtCreateSection: cache hit (VINF_SUCCESS) on \Device\HarddiskVolume3\Program Files\Oracle\VirtualBox\UICommon.dll
840.1864: supR3HardenedScreenImage/NtCreateSection: cache hit (VINF_SUCCESS) on \Device\HarddiskVolume3\Program Files\Oracle\VirtualBox\Qt6CoreVBox.dll
840.1864: supR3HardenedScreenImage/NtCreateSection: cache hit (VINF_SUCCESS) on \Device\HarddiskVolume3\Program Files\Oracle\VirtualBox\Qt6GuiVBox.dll
840.1864: supR3HardenedScreenImage/NtCreateSection: cache hit (VINF_SUCCESS) on \Device\HarddiskVolume3\Program Files\Oracle\VirtualBox\Qt6WidgetsVBox.dll
840.1864: supR3HardenedScreenImage/NtCreateSection: cache hit (VINF_SUCCESS) on \Device\HarddiskVolume3\Windows\System32\winmm.dll
840.1864: supR3HardenedScreenImage/NtCreateSection: cache hit (VINF_SUCCESS) on \Device\HarddiskVolume3\Program Files\Oracle\VirtualBox\Qt6HelpVBox.dll
840.1864: supR3HardenedScreenImage/NtCreateSection: cache hit (VINF_SUCCESS) on \Device\HarddiskVolume3\Program Files\Oracle\VirtualBox\Qt6StateMachineVBox.dll
840.1864: supR3HardenedScreenImage/NtCreateSection: cache hit (VINF_SUCCESS) on \Device\HarddiskVolume3\Windows\System32\userenv.dll [avoiding WinVerifyTrust]
840.1864: supR3HardenedScreenImage/NtCreateSection: cache hit (22900) on \Device\HarddiskVolume3\Windows\System32\authz.dll [avoiding WinVerifyTrust]
840.1864: supR3HardenedScreenImage/NtCreateSection: cache hit (VINF_SUCCESS) on \Device\HarddiskVolume3\Windows\System32\netapi32.dll [avoiding WinVerifyTrust]
840.1864: supR3HardenedScreenImage/NtCreateSection: cache hit (VINF_SUCCESS) on \Device\HarddiskVolume3\Windows\System32\version.dll [avoiding WinVerifyTrust]
840.1864: supR3HardenedScreenImage/NtCreateSection: cache hit (VINF_SUCCESS) on \Device\HarddiskVolume3\Windows\System32\msvcp140_1.dll [avoiding WinVerifyTrust]
840.1864: supR3HardenedScreenImage/NtCreateSection: cache hit (VINF_SUCCESS) on \Device\HarddiskVolume3\Windows\System32\d3d11.dll [avoiding WinVerifyTrust]
840.1864: supR3HardenedScreenImage/NtCreateSection: cache hit (VINF_SUCCESS) on \Device\HarddiskVolume3\Windows\System32\dxgi.dll [avoiding WinVerifyTrust]
840.1864: supR3HardenedScreenImage/NtCreateSection: cache hit (VINF_SUCCESS) on \Device\HarddiskVolume3\Windows\System32\D3D12.dll [avoiding WinVerifyTrust]
840.1864: supR3HardenedScreenImage/NtCreateSection: cache hit (22900) on \Device\HarddiskVolume3\Windows\System32\uxtheme.dll [avoiding WinVerifyTrust]
840.1864: supR3HardenedScreenImage/NtCreateSection: cache hit (22900) on \Device\HarddiskVolume3\Windows\System32\DWrite.dll [avoiding WinVerifyTrust]
840.1864: supR3HardenedScreenImage/NtCreateSection: cache hit (VINF_SUCCESS) on \Device\HarddiskVolume3\Windows\System32\msvcp140_2.dll [avoiding WinVerifyTrust]
840.1864: supR3HardenedScreenImage/NtCreateSection: cache hit (VINF_SUCCESS) on \Device\HarddiskVolume3\Windows\System32\dwmapi.dll [avoiding WinVerifyTrust]
840.1864: supR3HardenedScreenImage/NtCreateSection: cache hit (VINF_SUCCESS) on \Device\HarddiskVolume3\Program Files\Oracle\VirtualBox\Qt6SqlVBox.dll [avoiding WinVerifyTrust]
840.1864: supR3HardenedWinVerifyCacheScheduleImports: Import todo: #3 'rpcrt4.dll'.
840.1864: supHardenedWinVerifyImageByHandle: -> 0 (\Device\HarddiskVolume3\Windows\System32\srvcli.dll)
840.1864: supR3HardenedWinVerifyCacheInsert: \Device\HarddiskVolume3\Windows\System32\srvcli.dll
840.1864: supHardenedWinVerifyImageByHandle: -> 0 (\Device\HarddiskVolume3\Windows\System32\netutils.dll)
840.1864: supR3HardenedWinVerifyCacheInsert: \Device\HarddiskVolume3\Windows\System32\netutils.dll
840.1864: supR3HardenedDllNotificationCallback: load   00007ffe0ed60000 LB 0x0002e000 C:\Windows\SYSTEM32\USERENV.dll [fFlags=0x0]
840.1864: supR3HardenedScreenImage/LdrLoadDll: cache hit (VINF_SUCCESS) on \Device\HarddiskVolume3\Windows\System32\userenv.dll [avoiding WinVerifyTrust]
840.1864: supR3HardenedDllNotificationCallback: load   00007ffe0dbb0000 LB 0x0004f000 C:\Windows\SYSTEM32\AUTHZ.dll [fFlags=0x0]
840.1864: supR3HardenedScreenImage/LdrLoadDll: cache hit (22900) on \Device\HarddiskVolume3\Windows\System32\authz.dll [avoiding WinVerifyTrust]
840.1864: supR3HardenedDllNotificationCallback: load   00007ffdf3390000 LB 0x00019000 C:\Windows\SYSTEM32\NETAPI32.dll [fFlags=0x0]
840.1864: supR3HardenedScreenImage/LdrLoadDll: cache hit (VINF_SUCCESS) on \Device\HarddiskVolume3\Windows\System32\netapi32.dll [avoiding WinVerifyTrust]
840.1864: supR3HardenedDllNotificationCallback: load   00007ffe10190000 LB 0x00353000 C:\Windows\System32\combase.dll [fFlags=0x0]
840.1864: supR3HardenedScreenImage/LdrLoadDll: cache hit (VINF_SUCCESS) on \Device\HarddiskVolume3\Windows\System32\combase.dll [avoiding WinVerifyTrust]
840.1864: supR3HardenedDllNotificationCallback: load   00007ffe0f610000 LB 0x00022000 C:\Windows\System32\win32u.dll [fFlags=0x0]
840.1864: supR3HardenedScreenImage/LdrLoadDll: cache hit (VINF_SUCCESS) on \Device\HarddiskVolume3\Windows\System32\win32u.dll [avoiding WinVerifyTrust]
840.1864: supR3HardenedDllNotificationCallback: load   00007ffe0f2b0000 LB 0x0009d000 C:\Windows\System32\msvcp_win.dll [fFlags=0x0]
840.1864: supR3HardenedScreenImage/LdrLoadDll: cache hit (VINF_SUCCESS) on \Device\HarddiskVolume3\Windows\System32\msvcp_win.dll [avoiding WinVerifyTrust]
840.1864: supR3HardenedDllNotificationCallback: load   00007ffe112c0000 LB 0x0019d000 C:\Windows\System32\USER32.dll [fFlags=0x0]
840.1864: supR3HardenedDllNotificationCallback: load   00007ffe0f4f0000 LB 0x00117000 C:\Windows\System32\gdi32full.dll [fFlags=0x0]
840.1864: supR3HardenedWinVerifyCacheScheduleImports: Import todo: #0 'msvcp_win.dll'.
840.1864: supR3HardenedWinVerifyCacheScheduleImports: Import todo: #39 'gdi32.dll'.
840.1864: supR3HardenedWinVerifyCacheScheduleImports: Import todo: #42 'user32.dll'.
840.1864: supR3HardenedWinVerifyCacheScheduleImports: Import todo: #43 'win32u.dll'.
840.1864: supHardenedWinVerifyImageByHandle: -> 0 (\Device\HarddiskVolume3\Windows\System32\gdi32full.dll)
840.1864: supR3HardenedWinVerifyCacheInsert: \Device\HarddiskVolume3\Windows\System32\gdi32full.dll
840.1864: supR3HardenedDllNotificationCallback: load   00007ffe106a0000 LB 0x0002b000 C:\Windows\System32\GDI32.dll [fFlags=0x0]
840.1864: supR3HardenedScreenImage/LdrLoadDll: cache hit (VINF_SUCCESS) on \Device\HarddiskVolume3\Windows\System32\gdi32.dll [avoiding WinVerifyTrust]
840.1864: supR3HardenedDllNotificationCallback: load   00007ffe10570000 LB 0x0012b000 C:\Windows\System32\ole32.dll [fFlags=0x0]
840.1864: supR3HardenedScreenImage/LdrLoadDll: cache hit (VINF_SUCCESS) on \Device\HarddiskVolume3\Windows\System32\ole32.dll
840.1864: supR3HardenedDllNotificationCallback: load   00007ffe10730000 LB 0x0076d000 C:\Windows\System32\SHELL32.dll [fFlags=0x0]
840.1864: supR3HardenedScreenImage/LdrLoadDll: cache hit (VINF_SUCCESS) on \Device\HarddiskVolume3\Windows\System32\shell32.dll [avoiding WinVerifyTrust]
840.1864: supR3HardenedDllNotificationCallback: load   00007ffdfd2a0000 LB 0x0000a000 C:\Windows\SYSTEM32\VERSION.dll [fFlags=0x0]
840.1864: supR3HardenedScreenImage/LdrLoadDll: cache hit (VINF_SUCCESS) on \Device\HarddiskVolume3\Windows\System32\version.dll [avoiding WinVerifyTrust]
840.1864: supR3HardenedDllNotificationCallback: load   00007ffdfd1b0000 LB 0x00027000 C:\Windows\SYSTEM32\WINMM.dll [fFlags=0x0]
840.1864: supR3HardenedScreenImage/LdrLoadDll: cache hit (VINF_SUCCESS) on \Device\HarddiskVolume3\Windows\System32\winmm.dll
840.1864: supR3HardenedDllNotificationCallback: load   00007ffe06960000 LB 0x00009000 C:\Windows\SYSTEM32\MSVCP140_1.dll [fFlags=0x0]
840.1864: supR3HardenedScreenImage/LdrLoadDll: cache hit (VINF_SUCCESS) on \Device\HarddiskVolume3\Windows\System32\msvcp140_1.dll [avoiding WinVerifyTrust]
840.1864: supR3HardenedDllNotificationCallback: load   00007ffe011b0000 LB 0x00028000 C:\Windows\SYSTEM32\SRVCLI.DLL [fFlags=0x0]
840.1864: supR3HardenedScreenImage/LdrLoadDll: cache hit (VINF_SUCCESS) on \Device\HarddiskVolume3\Windows\System32\srvcli.dll [avoiding WinVerifyTrust]
840.1864: supR3HardenedDllNotificationCallback: load   00007ffe0e290000 LB 0x0000c000 C:\Windows\SYSTEM32\NETUTILS.DLL [fFlags=0x0]
840.1864: supR3HardenedScreenImage/LdrLoadDll: cache hit (VINF_SUCCESS) on \Device\HarddiskVolume3\Windows\System32\netutils.dll [avoiding WinVerifyTrust]
840.1864: supR3HardenedDllNotificationCallback: load   00007ffd92fe0000 LB 0x005c3000 C:\Program Files\Oracle\VirtualBox\Qt6CoreVBox.dll [fFlags=0x0]
840.1864: supR3HardenedDllNotificationCallback: load   00007ffe0d740000 LB 0x000f6000 C:\Windows\SYSTEM32\dxgi.dll [fFlags=0x0]
840.1864: supR3HardenedScreenImage/LdrLoadDll: cache hit (VINF_SUCCESS) on \Device\HarddiskVolume3\Windows\System32\dxgi.dll [avoiding WinVerifyTrust]
840.1864: supR3HardenedDllNotificationCallback: load   00007ffe09d80000 LB 0x00263000 C:\Windows\SYSTEM32\d3d11.dll [fFlags=0x0]
840.1864: supR3HardenedScreenImage/LdrLoadDll: cache hit (VINF_SUCCESS) on \Device\HarddiskVolume3\Windows\System32\d3d11.dll [avoiding WinVerifyTrust]
840.1864: supR3HardenedDllNotificationCallback: load   00007ffdf1010000 LB 0x00025000 C:\Windows\SYSTEM32\d3d12.dll [fFlags=0x0]
840.1864: supR3HardenedScreenImage/LdrLoadDll: cache hit (VINF_SUCCESS) on \Device\HarddiskVolume3\Windows\System32\D3D12.dll [avoiding WinVerifyTrust]
840.1864: supR3HardenedDllNotificationCallback: load   00007ffe0c590000 LB 0x0009e000 C:\Windows\SYSTEM32\UxTheme.dll [fFlags=0x0]
840.1864: supR3HardenedScreenImage/LdrLoadDll: cache hit (22900) on \Device\HarddiskVolume3\Windows\System32\uxtheme.dll [avoiding WinVerifyTrust]
840.1864: supR3HardenedDllNotificationCallback: load   00007ffe018e0000 LB 0x0027f000 C:\Windows\SYSTEM32\DWrite.dll [fFlags=0x0]
840.1864: supR3HardenedScreenImage/LdrLoadDll: cache hit (22900) on \Device\HarddiskVolume3\Windows\System32\DWrite.dll [avoiding WinVerifyTrust]
840.1864: supR3HardenedDllNotificationCallback: load   00007ffddd0a0000 LB 0x00044000 C:\Windows\SYSTEM32\MSVCP140_2.dll [fFlags=0x0]
840.1864: supR3HardenedScreenImage/LdrLoadDll: cache hit (VINF_SUCCESS) on \Device\HarddiskVolume3\Windows\System32\msvcp140_2.dll [avoiding WinVerifyTrust]
840.1864: supR3HardenedDllNotificationCallback: load   00007ffd80f50000 LB 0x0088e000 C:\Program Files\Oracle\VirtualBox\Qt6GuiVBox.dll [fFlags=0x0]
840.1864: supR3HardenedScreenImage/LdrLoadDll: cache hit (VINF_SUCCESS) on \Device\HarddiskVolume3\Program Files\Oracle\VirtualBox\Qt6GuiVBox.dll
840.1864: supR3HardenedDllNotificationCallback: load   00007ffe0c760000 LB 0x0002f000 C:\Windows\SYSTEM32\dwmapi.dll [fFlags=0x0]
840.1864: supR3HardenedScreenImage/LdrLoadDll: cache hit (VINF_SUCCESS) on \Device\HarddiskVolume3\Windows\System32\dwmapi.dll [avoiding WinVerifyTrust]
840.1864: supR3HardenedDllNotificationCallback: load   00007ffd929b0000 LB 0x0062a000 C:\Program Files\Oracle\VirtualBox\Qt6WidgetsVBox.dll [fFlags=0x0]
840.1864: supR3HardenedScreenImage/LdrLoadDll: cache hit (VINF_SUCCESS) on \Device\HarddiskVolume3\Program Files\Oracle\VirtualBox\Qt6WidgetsVBox.dll
840.1864: supR3HardenedDllNotificationCallback: load   00007ffdd9eb0000 LB 0x0004d000 C:\Program Files\Oracle\VirtualBox\Qt6SqlVBox.dll [fFlags=0x0]
840.1864: supR3HardenedScreenImage/LdrLoadDll: cache hit (VINF_SUCCESS) on \Device\HarddiskVolume3\Program Files\Oracle\VirtualBox\Qt6SqlVBox.dll [avoiding WinVerifyTrust]
840.1864: supR3HardenedDllNotificationCallback: load   00007ffdda930000 LB 0x00092000 C:\Program Files\Oracle\VirtualBox\Qt6HelpVBox.dll [fFlags=0x0]
840.1864: supR3HardenedScreenImage/LdrLoadDll: cache hit (VINF_SUCCESS) on \Device\HarddiskVolume3\Program Files\Oracle\VirtualBox\Qt6HelpVBox.dll
840.1864: supR3HardenedDllNotificationCallback: load   00007ffdedc00000 LB 0x00055000 C:\Program Files\Oracle\VirtualBox\Qt6StateMachineVBox.dll [fFlags=0x0]
840.1864: supR3HardenedScreenImage/LdrLoadDll: cache hit (VINF_SUCCESS) on \Device\HarddiskVolume3\Program Files\Oracle\VirtualBox\Qt6StateMachineVBox.dll
840.1864: supR3HardenedDllNotificationCallback: load   00007ffe0f8e0000 LB 0x000cd000 C:\Windows\System32\OLEAUT32.dll [fFlags=0x0]
840.1864: supR3HardenedScreenImage/LdrLoadDll: cache hit (VINF_SUCCESS) on \Device\HarddiskVolume3\Windows\System32\oleaut32.dll
840.1864: supR3HardenedDllNotificationCallback: load   00007ffd55fa0000 LB 0x01b58000 C:\Program Files\Oracle\VirtualBox\UICommon.dll [fFlags=0x0]
840.1864: supR3HardenedScreenImage/LdrLoadDll: cache hit (VINF_SUCCESS) on \Device\HarddiskVolume3\Program Files\Oracle\VirtualBox\UICommon.dll
840.1864: supR3HardenedDllNotificationCallback: load   00007ffdd2060000 LB 0x0014e000 C:\Program Files\Oracle\VirtualBox\VirtualBoxVM.dll [fFlags=0x0]
840.1864: supR3HardenedScreenImage/LdrLoadDll: cache hit (VINF_SUCCESS) on \Device\HarddiskVolume3\Program Files\Oracle\VirtualBox\VirtualBoxVM.dll
840.1864: Detected loader lock ownership: rc=VINF_SUCCESS '\Device\HarddiskVolume3\Windows\System32\gdi32full.dll'.
840.1864: supR3HardenedWinVerifyCacheProcessWvtTodos: 0 (was 0) fWinVerifyTrust=0 for '\Device\HarddiskVolume3\Windows\System32\gdi32full.dll' [rescheduled]
840.1864: Detected loader lock ownership: rc=VINF_SUCCESS '\Device\HarddiskVolume3\Windows\System32\netutils.dll'.
840.1864: supR3HardenedWinVerifyCacheProcessWvtTodos: 0 (was 0) fWinVerifyTrust=0 for '\Device\HarddiskVolume3\Windows\System32\netutils.dll' [rescheduled]
840.1864: Detected loader lock ownership: rc=VINF_SUCCESS '\Device\HarddiskVolume3\Windows\System32\srvcli.dll'.
840.1864: supR3HardenedWinVerifyCacheProcessWvtTodos: 0 (was 0) fWinVerifyTrust=0 for '\Device\HarddiskVolume3\Windows\System32\srvcli.dll' [rescheduled]
840.1864: Detected loader lock ownership: rc=VINF_SUCCESS '\Device\HarddiskVolume3\Program Files\Oracle\VirtualBox\Qt6SqlVBox.dll'.
840.1864: supR3HardenedWinVerifyCacheProcessWvtTodos: 0 (was 0) fWinVerifyTrust=0 for '\Device\HarddiskVolume3\Program Files\Oracle\VirtualBox\Qt6SqlVBox.dll' [rescheduled]
840.1864: Detected loader lock ownership: rc=VINF_SUCCESS '\Device\HarddiskVolume3\Windows\System32\userenv.dll'.
840.1864: supR3HardenedWinVerifyCacheProcessWvtTodos: 0 (was 0) fWinVerifyTrust=0 for '\Device\HarddiskVolume3\Windows\System32\userenv.dll' [rescheduled]
840.1864: Detected loader lock ownership: rc=22900 '\Device\HarddiskVolume3\Windows\System32\authz.dll'.
840.1864: supR3HardenedWinVerifyCacheProcessWvtTodos: 22900 (was 22900) fWinVerifyTrust=0 for '\Device\HarddiskVolume3\Windows\System32\authz.dll' [rescheduled]
840.1864: Detected loader lock ownership: rc=VINF_SUCCESS '\Device\HarddiskVolume3\Windows\System32\netapi32.dll'.
840.1864: supR3HardenedWinVerifyCacheProcessWvtTodos: 0 (was 0) fWinVerifyTrust=0 for '\Device\HarddiskVolume3\Windows\System32\netapi32.dll' [rescheduled]
840.1864: Detected loader lock ownership: rc=VINF_SUCCESS '\Device\HarddiskVolume3\Windows\System32\version.dll'.
840.1864: supR3HardenedWinVerifyCacheProcessWvtTodos: 0 (was 0) fWinVerifyTrust=0 for '\Device\HarddiskVolume3\Windows\System32\version.dll' [rescheduled]
840.1864: Detected loader lock ownership: rc=VINF_SUCCESS '\Device\HarddiskVolume3\Windows\System32\d3d11.dll'.
840.1864: supR3HardenedWinVerifyCacheProcessWvtTodos: 0 (was 0) fWinVerifyTrust=0 for '\Device\HarddiskVolume3\Windows\System32\d3d11.dll' [rescheduled]
840.1864: Detected loader lock ownership: rc=VINF_SUCCESS '\Device\HarddiskVolume3\Windows\System32\dxgi.dll'.
840.1864: supR3HardenedWinVerifyCacheProcessWvtTodos: 0 (was 0) fWinVerifyTrust=0 for '\Device\HarddiskVolume3\Windows\System32\dxgi.dll' [rescheduled]
840.1864: Detected loader lock ownership: rc=VINF_SUCCESS '\Device\HarddiskVolume3\Windows\System32\D3D12.dll'.
840.1864: supR3HardenedWinVerifyCacheProcessWvtTodos: 0 (was 0) fWinVerifyTrust=0 for '\Device\HarddiskVolume3\Windows\System32\D3D12.dll' [rescheduled]
840.1864: Detected loader lock ownership: rc=VINF_SUCCESS '\Device\HarddiskVolume3\Windows\System32\shell32.dll'.
840.1864: supR3HardenedWinVerifyCacheProcessWvtTodos: 0 (was 0) fWinVerifyTrust=0 for '\Device\HarddiskVolume3\Windows\System32\shell32.dll' [rescheduled]
840.1864: Detected loader lock ownership: rc=22900 '\Device\HarddiskVolume3\Windows\System32\DWrite.dll'.
840.1864: supR3HardenedWinVerifyCacheProcessWvtTodos: 22900 (was 22900) fWinVerifyTrust=0 for '\Device\HarddiskVolume3\Windows\System32\DWrite.dll' [rescheduled]
840.1864: Detected loader lock ownership: rc=VINF_SUCCESS '\Device\HarddiskVolume3\Windows\System32\msvcp140_2.dll'.
840.1864: supR3HardenedWinVerifyCacheProcessWvtTodos: 0 (was 0) fWinVerifyTrust=0 for '\Device\HarddiskVolume3\Windows\System32\msvcp140_2.dll' [rescheduled]
840.1864: Detected loader lock ownership: rc=VINF_SUCCESS '\Device\HarddiskVolume3\Windows\System32\dwmapi.dll'.
840.1864: supR3HardenedWinVerifyCacheProcessWvtTodos: 0 (was 0) fWinVerifyTrust=0 for '\Device\HarddiskVolume3\Windows\System32\dwmapi.dll' [rescheduled]
840.1864: Detected loader lock ownership: rc=22900 '\Device\HarddiskVolume3\Windows\System32\uxtheme.dll'.
840.1864: supR3HardenedWinVerifyCacheProcessWvtTodos: 22900 (was 22900) fWinVerifyTrust=0 for '\Device\HarddiskVolume3\Windows\System32\uxtheme.dll' [rescheduled]
840.1864: Detected loader lock ownership: rc=VINF_SUCCESS '\Device\HarddiskVolume3\Windows\System32\msvcp140_1.dll'.
840.1864: supR3HardenedWinVerifyCacheProcessWvtTodos: 0 (was 0) fWinVerifyTrust=0 for '\Device\HarddiskVolume3\Windows\System32\msvcp140_1.dll' [rescheduled]
840.1864: Detected loader lock ownership: rc=VINF_SUCCESS '\Device\HarddiskVolume3\Windows\System32\win32u.dll'.
840.1864: supR3HardenedWinVerifyCacheProcessWvtTodos: 0 (was 0) fWinVerifyTrust=0 for '\Device\HarddiskVolume3\Windows\System32\win32u.dll' [rescheduled]
840.1864: Detected loader lock ownership: rc=VINF_SUCCESS '\Device\HarddiskVolume3\Windows\System32\gdi32.dll'.
840.1864: supR3HardenedWinVerifyCacheProcessWvtTodos: 0 (was 0) fWinVerifyTrust=0 for '\Device\HarddiskVolume3\Windows\System32\gdi32.dll' [rescheduled]
840.1864: Detected loader lock ownership: rc=VINF_SUCCESS '\Device\HarddiskVolume3\Windows\System32\msvcp_win.dll'.
840.1864: supR3HardenedWinVerifyCacheProcessWvtTodos: 0 (was 0) fWinVerifyTrust=0 for '\Device\HarddiskVolume3\Windows\System32\msvcp_win.dll' [rescheduled]
840.1864: Detected loader lock ownership: rc=VINF_SUCCESS '\Device\HarddiskVolume3\Windows\System32\combase.dll'.
840.1864: supR3HardenedWinVerifyCacheProcessWvtTodos: 0 (was 0) fWinVerifyTrust=0 for '\Device\HarddiskVolume3\Windows\System32\combase.dll' [rescheduled]
840.1864: Detected loader lock ownership: rc=VINF_SUCCESS '\Device\HarddiskVolume3\Windows\System32\imm32.dll'.
840.1864: supR3HardenedWinVerifyCacheScheduleImports: Import todo: #0 'user32.dll'.
840.1864: supR3HardenedWinVerifyCacheScheduleImports: Import todo: #25 'win32u.dll'.
840.1864: supHardenedWinVerifyImageByHandle: -> 0 (\Device\HarddiskVolume3\Windows\System32\imm32.dll)
840.1864: supR3HardenedWinVerifyCacheInsert: \Device\HarddiskVolume3\Windows\System32\imm32.dll
840.1864: supR3HardenedWinVerifyCacheProcessImportTodos: Processing 'win32u.dll'...
840.1864: supR3HardenedWinVerifyCacheProcessImportTodos: 'win32u.dll' -> '\Device\HarddiskVolume3\Windows\System32\win32u.dll' [rcNtRedir=0xc0150008]
840.1864: supR3HardenedScreenImage/Imports: cache hit (VINF_SUCCESS) on \Device\HarddiskVolume3\Windows\System32\win32u.dll [redoing WinVerifyTrust]
840.1864: Detected loader lock ownership: rc=VINF_SUCCESS '\Device\HarddiskVolume3\Windows\System32\win32u.dll'.
840.1864: supR3HardenedScreenImage/Imports: WinVerifyTrust not available, rescheduling \Device\HarddiskVolume3\Windows\System32\win32u.dll
840.1864: supR3HardenedWinVerifyCacheProcessImportTodos: Processing 'user32.dll'...
840.1864: supR3HardenedWinVerifyCacheProcessImportTodos: 'user32.dll' -> '\Device\HarddiskVolume3\Windows\System32\user32.dll' [rcNtRedir=0xc0150008]
840.1864: supR3HardenedWinVerifyCacheProcessImportTodos: Processing 'win32u.dll'...
840.1864: supR3HardenedWinVerifyCacheProcessImportTodos: 'win32u.dll' -> '\Device\HarddiskVolume3\Windows\System32\win32u.dll' [rcNtRedir=0xc0150008]
840.1864: supR3HardenedScreenImage/Imports: cache hit (VINF_SUCCESS) on \Device\HarddiskVolume3\Windows\System32\win32u.dll [redoing WinVerifyTrust]
840.1864: Detected loader lock ownership: rc=VINF_SUCCESS '\Device\HarddiskVolume3\Windows\System32\win32u.dll'.
840.1864: supR3HardenedScreenImage/Imports: WinVerifyTrust not available, rescheduling \Device\HarddiskVolume3\Windows\System32\win32u.dll
840.1864: supR3HardenedWinVerifyCacheProcessImportTodos: Processing 'user32.dll'...
840.1864: supR3HardenedWinVerifyCacheProcessImportTodos: 'user32.dll' -> '\Device\HarddiskVolume3\Windows\System32\user32.dll' [rcNtRedir=0xc0150008]
840.1864: supR3HardenedWinVerifyCacheProcessImportTodos: Processing 'gdi32.dll'...
840.1864: supR3HardenedWinVerifyCacheProcessImportTodos: 'gdi32.dll' -> '\Device\HarddiskVolume3\Windows\System32\gdi32.dll' [rcNtRedir=0xc0150008]
840.1864: supR3HardenedScreenImage/Imports: cache hit (VINF_SUCCESS) on \Device\HarddiskVolume3\Windows\System32\gdi32.dll [redoing WinVerifyTrust]
840.1864: Detected loader lock ownership: rc=VINF_SUCCESS '\Device\HarddiskVolume3\Windows\System32\gdi32.dll'.
840.1864: supR3HardenedScreenImage/Imports: WinVerifyTrust not available, rescheduling \Device\HarddiskVolume3\Windows\System32\gdi32.dll
840.1864: supR3HardenedWinVerifyCacheProcessImportTodos: Processing 'msvcp_win.dll'...
840.1864: supR3HardenedWinVerifyCacheProcessImportTodos: 'msvcp_win.dll' -> '\Device\HarddiskVolume3\Windows\System32\msvcp_win.dll' [rcNtRedir=0xc0150008]
840.1864: supR3HardenedScreenImage/Imports: cache hit (VINF_SUCCESS) on \Device\HarddiskVolume3\Windows\System32\msvcp_win.dll [redoing WinVerifyTrust]
840.1864: Detected loader lock ownership: rc=VINF_SUCCESS '\Device\HarddiskVolume3\Windows\System32\msvcp_win.dll'.
840.1864: supR3HardenedScreenImage/Imports: WinVerifyTrust not available, rescheduling \Device\HarddiskVolume3\Windows\System32\msvcp_win.dll
840.1864: supR3HardenedWinVerifyCacheProcessImportTodos: Processing 'rpcrt4.dll'...
840.1864: supR3HardenedWinVerifyCacheProcessImportTodos: 'rpcrt4.dll' -> '\Device\HarddiskVolume3\Windows\System32\rpcrt4.dll' [rcNtRedir=0xc0150008]
840.1864: supR3HardenedMonitor_LdrLoadDll: pName=C:\Windows\system32\IMM32.DLL (rcNtResolve=0xc0150008) *pfFlags=0x0 pwszSearchPath=0000000000000009:<flags> [calling]
840.1864: supR3HardenedDllNotificationCallback: load   00007ffe11500000 LB 0x0002f000 C:\Windows\System32\IMM32.DLL [fFlags=0x0]
840.1864: supR3HardenedScreenImage/LdrLoadDll: cache hit (VINF_SUCCESS) on \Device\HarddiskVolume3\Windows\System32\imm32.dll [avoiding WinVerifyTrust]
840.1864: supR3HardenedMonitor_LdrLoadDll: returns rcNt=0x0 hMod=00007ffe11500000 'C:\Windows\system32\IMM32.DLL'
840.1864: Detected loader lock ownership: rc=VINF_SUCCESS '\Device\HarddiskVolume3\Windows\System32\imm32.dll'.
840.1864: supR3HardenedWinVerifyCacheProcessWvtTodos: 0 (was 0) fWinVerifyTrust=0 for '\Device\HarddiskVolume3\Windows\System32\imm32.dll' [rescheduled]
840.1864: Detected loader lock ownership: rc=VINF_SUCCESS '\Device\HarddiskVolume3\Windows\System32\gdi32full.dll'.
840.1864: supR3HardenedWinVerifyCacheProcessWvtTodos: 0 (was 0) fWinVerifyTrust=0 for '\Device\HarddiskVolume3\Windows\System32\gdi32full.dll' [rescheduled]
840.1864: Detected loader lock ownership: rc=VINF_SUCCESS '\Device\HarddiskVolume3\Windows\System32\netutils.dll'.
840.1864: supR3HardenedWinVerifyCacheProcessWvtTodos: 0 (was 0) fWinVerifyTrust=0 for '\Device\HarddiskVolume3\Windows\System32\netutils.dll' [rescheduled]
840.1864: Detected loader lock ownership: rc=VINF_SUCCESS '\Device\HarddiskVolume3\Windows\System32\srvcli.dll'.
840.1864: supR3HardenedWinVerifyCacheProcessWvtTodos: 0 (was 0) fWinVerifyTrust=0 for '\Device\HarddiskVolume3\Windows\System32\srvcli.dll' [rescheduled]
840.1864: Detected loader lock ownership: rc=VINF_SUCCESS '\Device\HarddiskVolume3\Program Files\Oracle\VirtualBox\Qt6SqlVBox.dll'.
840.1864: supR3HardenedWinVerifyCacheProcessWvtTodos: 0 (was 0) fWinVerifyTrust=0 for '\Device\HarddiskVolume3\Program Files\Oracle\VirtualBox\Qt6SqlVBox.dll' [rescheduled]
840.1864: Detected loader lock ownership: rc=VINF_SUCCESS '\Device\HarddiskVolume3\Windows\System32\userenv.dll'.
840.1864: supR3HardenedWinVerifyCacheProcessWvtTodos: 0 (was 0) fWinVerifyTrust=0 for '\Device\HarddiskVolume3\Windows\System32\userenv.dll' [rescheduled]
840.1864: Detected loader lock ownership: rc=22900 '\Device\HarddiskVolume3\Windows\System32\authz.dll'.
840.1864: supR3HardenedWinVerifyCacheProcessWvtTodos: 22900 (was 22900) fWinVerifyTrust=0 for '\Device\HarddiskVolume3\Windows\System32\authz.dll' [rescheduled]
840.1864: Detected loader lock ownership: rc=VINF_SUCCESS '\Device\HarddiskVolume3\Windows\System32\netapi32.dll'.
840.1864: supR3HardenedWinVerifyCacheProcessWvtTodos: 0 (was 0) fWinVerifyTrust=0 for '\Device\HarddiskVolume3\Windows\System32\netapi32.dll' [rescheduled]
840.1864: Detected loader lock ownership: rc=VINF_SUCCESS '\Device\HarddiskVolume3\Windows\System32\version.dll'.
840.1864: supR3HardenedWinVerifyCacheProcessWvtTodos: 0 (was 0) fWinVerifyTrust=0 for '\Device\HarddiskVolume3\Windows\System32\version.dll' [rescheduled]
840.1864: Detected loader lock ownership: rc=VINF_SUCCESS '\Device\HarddiskVolume3\Windows\System32\d3d11.dll'.
840.1864: supR3HardenedWinVerifyCacheProcessWvtTodos: 0 (was 0) fWinVerifyTrust=0 for '\Device\HarddiskVolume3\Windows\System32\d3d11.dll' [rescheduled]
840.1864: Detected loader lock ownership: rc=VINF_SUCCESS '\Device\HarddiskVolume3\Windows\System32\dxgi.dll'.
840.1864: supR3HardenedWinVerifyCacheProcessWvtTodos: 0 (was 0) fWinVerifyTrust=0 for '\Device\HarddiskVolume3\Windows\System32\dxgi.dll' [rescheduled]
840.1864: Detected loader lock ownership: rc=VINF_SUCCESS '\Device\HarddiskVolume3\Windows\System32\D3D12.dll'.
840.1864: supR3HardenedWinVerifyCacheProcessWvtTodos: 0 (was 0) fWinVerifyTrust=0 for '\Device\HarddiskVolume3\Windows\System32\D3D12.dll' [rescheduled]
840.1864: Detected loader lock ownership: rc=VINF_SUCCESS '\Device\HarddiskVolume3\Windows\System32\shell32.dll'.
840.1864: supR3HardenedWinVerifyCacheProcessWvtTodos: 0 (was 0) fWinVerifyTrust=0 for '\Device\HarddiskVolume3\Windows\System32\shell32.dll' [rescheduled]
840.1864: Detected loader lock ownership: rc=22900 '\Device\HarddiskVolume3\Windows\System32\DWrite.dll'.
840.1864: supR3HardenedWinVerifyCacheProcessWvtTodos: 22900 (was 22900) fWinVerifyTrust=0 for '\Device\HarddiskVolume3\Windows\System32\DWrite.dll' [rescheduled]
840.1864: Detected loader lock ownership: rc=VINF_SUCCESS '\Device\HarddiskVolume3\Windows\System32\msvcp140_2.dll'.
840.1864: supR3HardenedWinVerifyCacheProcessWvtTodos: 0 (was 0) fWinVerifyTrust=0 for '\Device\HarddiskVolume3\Windows\System32\msvcp140_2.dll' [rescheduled]
840.1864: Detected loader lock ownership: rc=VINF_SUCCESS '\Device\HarddiskVolume3\Windows\System32\dwmapi.dll'.
840.1864: supR3HardenedWinVerifyCacheProcessWvtTodos: 0 (was 0) fWinVerifyTrust=0 for '\Device\HarddiskVolume3\Windows\System32\dwmapi.dll' [rescheduled]
840.1864: Detected loader lock ownership: rc=22900 '\Device\HarddiskVolume3\Windows\System32\uxtheme.dll'.
840.1864: supR3HardenedWinVerifyCacheProcessWvtTodos: 22900 (was 22900) fWinVerifyTrust=0 for '\Device\HarddiskVolume3\Windows\System32\uxtheme.dll' [rescheduled]
840.1864: Detected loader lock ownership: rc=VINF_SUCCESS '\Device\HarddiskVolume3\Windows\System32\msvcp140_1.dll'.
840.1864: supR3HardenedWinVerifyCacheProcessWvtTodos: 0 (was 0) fWinVerifyTrust=0 for '\Device\HarddiskVolume3\Windows\System32\msvcp140_1.dll' [rescheduled]
840.1864: Detected loader lock ownership: rc=VINF_SUCCESS '\Device\HarddiskVolume3\Windows\System32\win32u.dll'.
840.1864: supR3HardenedWinVerifyCacheProcessWvtTodos: 0 (was 0) fWinVerifyTrust=0 for '\Device\HarddiskVolume3\Windows\System32\win32u.dll' [rescheduled]
840.1864: Detected loader lock ownership: rc=VINF_SUCCESS '\Device\HarddiskVolume3\Windows\System32\gdi32.dll'.
840.1864: supR3HardenedWinVerifyCacheProcessWvtTodos: 0 (was 0) fWinVerifyTrust=0 for '\Device\HarddiskVolume3\Windows\System32\gdi32.dll' [rescheduled]
840.1864: Detected loader lock ownership: rc=VINF_SUCCESS '\Device\HarddiskVolume3\Windows\System32\msvcp_win.dll'.
840.1864: supR3HardenedWinVerifyCacheProcessWvtTodos: 0 (was 0) fWinVerifyTrust=0 for '\Device\HarddiskVolume3\Windows\System32\msvcp_win.dll' [rescheduled]
840.1864: Detected loader lock ownership: rc=VINF_SUCCESS '\Device\HarddiskVolume3\Windows\System32\combase.dll'.
840.1864: supR3HardenedWinVerifyCacheProcessWvtTodos: 0 (was 0) fWinVerifyTrust=0 for '\Device\HarddiskVolume3\Windows\System32\combase.dll' [rescheduled]
840.1864: Detected loader lock ownership: rc=VINF_SUCCESS '\Device\HarddiskVolume3\Windows\System32\imm32.dll'.
840.1864: supR3HardenedWinVerifyCacheProcessWvtTodos: 0 (was 0) fWinVerifyTrust=0 for '\Device\HarddiskVolume3\Windows\System32\imm32.dll' [rescheduled]
840.1864: Detected loader lock ownership: rc=VINF_SUCCESS '\Device\HarddiskVolume3\Windows\System32\gdi32full.dll'.
840.1864: supR3HardenedWinVerifyCacheProcessWvtTodos: 0 (was 0) fWinVerifyTrust=0 for '\Device\HarddiskVolume3\Windows\System32\gdi32full.dll' [rescheduled]
840.1864: Detected loader lock ownership: rc=VINF_SUCCESS '\Device\HarddiskVolume3\Windows\System32\netutils.dll'.
840.1864: supR3HardenedWinVerifyCacheProcessWvtTodos: 0 (was 0) fWinVerifyTrust=0 for '\Device\HarddiskVolume3\Windows\System32\netutils.dll' [rescheduled]
840.1864: Detected loader lock ownership: rc=VINF_SUCCESS '\Device\HarddiskVolume3\Windows\System32\srvcli.dll'.
840.1864: supR3HardenedWinVerifyCacheProcessWvtTodos: 0 (was 0) fWinVerifyTrust=0 for '\Device\HarddiskVolume3\Windows\System32\srvcli.dll' [rescheduled]
840.1864: Detected loader lock ownership: rc=VINF_SUCCESS '\Device\HarddiskVolume3\Program Files\Oracle\VirtualBox\Qt6SqlVBox.dll'.
840.1864: supR3HardenedWinVerifyCacheProcessWvtTodos: 0 (was 0) fWinVerifyTrust=0 for '\Device\HarddiskVolume3\Program Files\Oracle\VirtualBox\Qt6SqlVBox.dll' [rescheduled]
840.1864: Detected loader lock ownership: rc=VINF_SUCCESS '\Device\HarddiskVolume3\Windows\System32\userenv.dll'.
840.1864: supR3HardenedWinVerifyCacheProcessWvtTodos: 0 (was 0) fWinVerifyTrust=0 for '\Device\HarddiskVolume3\Windows\System32\userenv.dll' [rescheduled]
840.1864: Detected loader lock ownership: rc=22900 '\Device\HarddiskVolume3\Windows\System32\authz.dll'.
840.1864: supR3HardenedWinVerifyCacheProcessWvtTodos: 22900 (was 22900) fWinVerifyTrust=0 for '\Device\HarddiskVolume3\Windows\System32\authz.dll' [rescheduled]
840.1864: Detected loader lock ownership: rc=VINF_SUCCESS '\Device\HarddiskVolume3\Windows\System32\netapi32.dll'.
840.1864: supR3HardenedWinVerifyCacheProcessWvtTodos: 0 (was 0) fWinVerifyTrust=0 for '\Device\HarddiskVolume3\Windows\System32\netapi32.dll' [rescheduled]
840.1864: Detected loader lock ownership: rc=VINF_SUCCESS '\Device\HarddiskVolume3\Windows\System32\version.dll'.
840.1864: supR3HardenedWinVerifyCacheProcessWvtTodos: 0 (was 0) fWinVerifyTrust=0 for '\Device\HarddiskVolume3\Windows\System32\version.dll' [rescheduled]
840.1864: Detected loader lock ownership: rc=VINF_SUCCESS '\Device\HarddiskVolume3\Windows\System32\d3d11.dll'.
840.1864: supR3HardenedWinVerifyCacheProcessWvtTodos: 0 (was 0) fWinVerifyTrust=0 for '\Device\HarddiskVolume3\Windows\System32\d3d11.dll' [rescheduled]
840.1864: Detected loader lock ownership: rc=VINF_SUCCESS '\Device\HarddiskVolume3\Windows\System32\dxgi.dll'.
840.1864: supR3HardenedWinVerifyCacheProcessWvtTodos: 0 (was 0) fWinVerifyTrust=0 for '\Device\HarddiskVolume3\Windows\System32\dxgi.dll' [rescheduled]
840.1864: Detected loader lock ownership: rc=VINF_SUCCESS '\Device\HarddiskVolume3\Windows\System32\D3D12.dll'.
840.1864: supR3HardenedWinVerifyCacheProcessWvtTodos: 0 (was 0) fWinVerifyTrust=0 for '\Device\HarddiskVolume3\Windows\System32\D3D12.dll' [rescheduled]
840.1864: Detected loader lock ownership: rc=VINF_SUCCESS '\Device\HarddiskVolume3\Windows\System32\shell32.dll'.
840.1864: supR3HardenedWinVerifyCacheProcessWvtTodos: 0 (was 0) fWinVerifyTrust=0 for '\Device\HarddiskVolume3\Windows\System32\shell32.dll' [rescheduled]
840.1864: Detected loader lock ownership: rc=22900 '\Device\HarddiskVolume3\Windows\System32\DWrite.dll'.
840.1864: supR3HardenedWinVerifyCacheProcessWvtTodos: 22900 (was 22900) fWinVerifyTrust=0 for '\Device\HarddiskVolume3\Windows\System32\DWrite.dll' [rescheduled]
840.1864: Detected loader lock ownership: rc=VINF_SUCCESS '\Device\HarddiskVolume3\Windows\System32\msvcp140_2.dll'.
840.1864: supR3HardenedWinVerifyCacheProcessWvtTodos: 0 (was 0) fWinVerifyTrust=0 for '\Device\HarddiskVolume3\Windows\System32\msvcp140_2.dll' [rescheduled]
840.1864: Detected loader lock ownership: rc=VINF_SUCCESS '\Device\HarddiskVolume3\Windows\System32\dwmapi.dll'.
840.1864: supR3HardenedWinVerifyCacheProcessWvtTodos: 0 (was 0) fWinVerifyTrust=0 for '\Device\HarddiskVolume3\Windows\System32\dwmapi.dll' [rescheduled]
840.1864: Detected loader lock ownership: rc=22900 '\Device\HarddiskVolume3\Windows\System32\uxtheme.dll'.
840.1864: supR3HardenedWinVerifyCacheProcessWvtTodos: 22900 (was 22900) fWinVerifyTrust=0 for '\Device\HarddiskVolume3\Windows\System32\uxtheme.dll' [rescheduled]
840.1864: Detected loader lock ownership: rc=VINF_SUCCESS '\Device\HarddiskVolume3\Windows\System32\msvcp140_1.dll'.
840.1864: supR3HardenedWinVerifyCacheProcessWvtTodos: 0 (was 0) fWinVerifyTrust=0 for '\Device\HarddiskVolume3\Windows\System32\msvcp140_1.dll' [rescheduled]
840.1864: Detected loader lock ownership: rc=VINF_SUCCESS '\Device\HarddiskVolume3\Windows\System32\win32u.dll'.
840.1864: supR3HardenedWinVerifyCacheProcessWvtTodos: 0 (was 0) fWinVerifyTrust=0 for '\Device\HarddiskVolume3\Windows\System32\win32u.dll' [rescheduled]
840.1864: Detected loader lock ownership: rc=VINF_SUCCESS '\Device\HarddiskVolume3\Windows\System32\gdi32.dll'.
840.1864: supR3HardenedWinVerifyCacheProcessWvtTodos: 0 (was 0) fWinVerifyTrust=0 for '\Device\HarddiskVolume3\Windows\System32\gdi32.dll' [rescheduled]
840.1864: Detected loader lock ownership: rc=VINF_SUCCESS '\Device\HarddiskVolume3\Windows\System32\msvcp_win.dll'.
840.1864: supR3HardenedWinVerifyCacheProcessWvtTodos: 0 (was 0) fWinVerifyTrust=0 for '\Device\HarddiskVolume3\Windows\System32\msvcp_win.dll' [rescheduled]
840.1864: Detected loader lock ownership: rc=VINF_SUCCESS '\Device\HarddiskVolume3\Windows\System32\combase.dll'.
840.1864: supR3HardenedWinVerifyCacheProcessWvtTodos: 0 (was 0) fWinVerifyTrust=0 for '\Device\HarddiskVolume3\Windows\System32\combase.dll' [rescheduled]
840.1864: supR3HardenedScreenImage/LdrLoadDll: cache hit (VINF_SUCCESS) on \Device\HarddiskVolume3\Windows\System32\gdi32.dll [redoing WinVerifyTrust]
840.1864: Detected loader lock ownership: rc=VINF_SUCCESS '\Device\HarddiskVolume3\Windows\System32\gdi32.dll'.
840.1864: supR3HardenedScreenImage/LdrLoadDll: WinVerifyTrust not available, rescheduling \Device\HarddiskVolume3\Windows\System32\gdi32.dll
840.1864: supR3HardenedMonitor_LdrLoadDll: returns rcNt=0x0 hMod=00007ffe106a0000 'C:\Windows\System32\gdi32.dll'
840.1864: Detected loader lock ownership: rc=VINF_SUCCESS '\Device\HarddiskVolume3\Windows\System32\imm32.dll'.
840.1864: supR3HardenedWinVerifyCacheProcessWvtTodos: 0 (was 0) fWinVerifyTrust=0 for '\Device\HarddiskVolume3\Windows\System32\imm32.dll' [rescheduled]
840.1864: Detected loader lock ownership: rc=VINF_SUCCESS '\Device\HarddiskVolume3\Windows\System32\gdi32full.dll'.
840.1864: supR3HardenedWinVerifyCacheProcessWvtTodos: 0 (was 0) fWinVerifyTrust=0 for '\Device\HarddiskVolume3\Windows\System32\gdi32full.dll' [rescheduled]
840.1864: Detected loader lock ownership: rc=VINF_SUCCESS '\Device\HarddiskVolume3\Windows\System32\netutils.dll'.
840.1864: supR3HardenedWinVerifyCacheProcessWvtTodos: 0 (was 0) fWinVerifyTrust=0 for '\Device\HarddiskVolume3\Windows\System32\netutils.dll' [rescheduled]
840.1864: Detected loader lock ownership: rc=VINF_SUCCESS '\Device\HarddiskVolume3\Windows\System32\srvcli.dll'.
840.1864: supR3HardenedWinVerifyCacheProcessWvtTodos: 0 (was 0) fWinVerifyTrust=0 for '\Device\HarddiskVolume3\Windows\System32\srvcli.dll' [rescheduled]
840.1864: Detected loader lock ownership: rc=VINF_SUCCESS '\Device\HarddiskVolume3\Program Files\Oracle\VirtualBox\Qt6SqlVBox.dll'.
840.1864: supR3HardenedWinVerifyCacheProcessWvtTodos: 0 (was 0) fWinVerifyTrust=0 for '\Device\HarddiskVolume3\Program Files\Oracle\VirtualBox\Qt6SqlVBox.dll' [rescheduled]
840.1864: Detected loader lock ownership: rc=VINF_SUCCESS '\Device\HarddiskVolume3\Windows\System32\userenv.dll'.
840.1864: supR3HardenedWinVerifyCacheProcessWvtTodos: 0 (was 0) fWinVerifyTrust=0 for '\Device\HarddiskVolume3\Windows\System32\userenv.dll' [rescheduled]
840.1864: Detected loader lock ownership: rc=22900 '\Device\HarddiskVolume3\Windows\System32\authz.dll'.
840.1864: supR3HardenedWinVerifyCacheProcessWvtTodos: 22900 (was 22900) fWinVerifyTrust=0 for '\Device\HarddiskVolume3\Windows\System32\authz.dll' [rescheduled]
840.1864: Detected loader lock ownership: rc=VINF_SUCCESS '\Device\HarddiskVolume3\Windows\System32\netapi32.dll'.
840.1864: supR3HardenedWinVerifyCacheProcessWvtTodos: 0 (was 0) fWinVerifyTrust=0 for '\Device\HarddiskVolume3\Windows\System32\netapi32.dll' [rescheduled]
840.1864: Detected loader lock ownership: rc=VINF_SUCCESS '\Device\HarddiskVolume3\Windows\System32\version.dll'.
840.1864: supR3HardenedWinVerifyCacheProcessWvtTodos: 0 (was 0) fWinVerifyTrust=0 for '\Device\HarddiskVolume3\Windows\System32\version.dll' [rescheduled]
840.1864: Detected loader lock ownership: rc=VINF_SUCCESS '\Device\HarddiskVolume3\Windows\System32\d3d11.dll'.
840.1864: supR3HardenedWinVerifyCacheProcessWvtTodos: 0 (was 0) fWinVerifyTrust=0 for '\Device\HarddiskVolume3\Windows\System32\d3d11.dll' [rescheduled]
840.1864: Detected loader lock ownership: rc=VINF_SUCCESS '\Device\HarddiskVolume3\Windows\System32\dxgi.dll'.
840.1864: supR3HardenedWinVerifyCacheProcessWvtTodos: 0 (was 0) fWinVerifyTrust=0 for '\Device\HarddiskVolume3\Windows\System32\dxgi.dll' [rescheduled]
840.1864: Detected loader lock ownership: rc=VINF_SUCCESS '\Device\HarddiskVolume3\Windows\System32\D3D12.dll'.
840.1864: supR3HardenedWinVerifyCacheProcessWvtTodos: 0 (was 0) fWinVerifyTrust=0 for '\Device\HarddiskVolume3\Windows\System32\D3D12.dll' [rescheduled]
840.1864: Detected loader lock ownership: rc=VINF_SUCCESS '\Device\HarddiskVolume3\Windows\System32\shell32.dll'.
840.1864: supR3HardenedWinVerifyCacheProcessWvtTodos: 0 (was 0) fWinVerifyTrust=0 for '\Device\HarddiskVolume3\Windows\System32\shell32.dll' [rescheduled]
840.1864: Detected loader lock ownership: rc=22900 '\Device\HarddiskVolume3\Windows\System32\DWrite.dll'.
840.1864: supR3HardenedWinVerifyCacheProcessWvtTodos: 22900 (was 22900) fWinVerifyTrust=0 for '\Device\HarddiskVolume3\Windows\System32\DWrite.dll' [rescheduled]
840.1864: Detected loader lock ownership: rc=VINF_SUCCESS '\Device\HarddiskVolume3\Windows\System32\msvcp140_2.dll'.
840.1864: supR3HardenedWinVerifyCacheProcessWvtTodos: 0 (was 0) fWinVerifyTrust=0 for '\Device\HarddiskVolume3\Windows\System32\msvcp140_2.dll' [rescheduled]
840.1864: Detected loader lock ownership: rc=VINF_SUCCESS '\Device\HarddiskVolume3\Windows\System32\dwmapi.dll'.
840.1864: supR3HardenedWinVerifyCacheProcessWvtTodos: 0 (was 0) fWinVerifyTrust=0 for '\Device\HarddiskVolume3\Windows\System32\dwmapi.dll' [rescheduled]
840.1864: Detected loader lock ownership: rc=22900 '\Device\HarddiskVolume3\Windows\System32\uxtheme.dll'.
840.1864: supR3HardenedWinVerifyCacheProcessWvtTodos: 22900 (was 22900) fWinVerifyTrust=0 for '\Device\HarddiskVolume3\Windows\System32\uxtheme.dll' [rescheduled]
840.1864: Detected loader lock ownership: rc=VINF_SUCCESS '\Device\HarddiskVolume3\Windows\System32\msvcp140_1.dll'.
840.1864: supR3HardenedWinVerifyCacheProcessWvtTodos: 0 (was 0) fWinVerifyTrust=0 for '\Device\HarddiskVolume3\Windows\System32\msvcp140_1.dll' [rescheduled]
840.1864: Detected loader lock ownership: rc=VINF_SUCCESS '\Device\HarddiskVolume3\Windows\System32\win32u.dll'.
840.1864: supR3HardenedWinVerifyCacheProcessWvtTodos: 0 (was 0) fWinVerifyTrust=0 for '\Device\HarddiskVolume3\Windows\System32\win32u.dll' [rescheduled]
840.1864: Detected loader lock ownership: rc=VINF_SUCCESS '\Device\HarddiskVolume3\Windows\System32\gdi32.dll'.
840.1864: supR3HardenedWinVerifyCacheProcessWvtTodos: 0 (was 0) fWinVerifyTrust=0 for '\Device\HarddiskVolume3\Windows\System32\gdi32.dll' [rescheduled]
840.1864: Detected loader lock ownership: rc=VINF_SUCCESS '\Device\HarddiskVolume3\Windows\System32\msvcp_win.dll'.
840.1864: supR3HardenedWinVerifyCacheProcessWvtTodos: 0 (was 0) fWinVerifyTrust=0 for '\Device\HarddiskVolume3\Windows\System32\msvcp_win.dll' [rescheduled]
840.1864: Detected loader lock ownership: rc=VINF_SUCCESS '\Device\HarddiskVolume3\Windows\System32\combase.dll'.
840.1864: supR3HardenedWinVerifyCacheProcessWvtTodos: 0 (was 0) fWinVerifyTrust=0 for '\Device\HarddiskVolume3\Windows\System32\combase.dll' [rescheduled]
840.1864: supR3HardenedMonitor_LdrLoadDll: returns rcNt=0x0 hMod=00007ffdd2060000 'C:\Program Files\Oracle\VirtualBox\VirtualBoxVM.dll'
840.1864: supR3HardenedMonitor_LdrLoadDll: returns rcNt=0x0 hMod=00007ffe0de90000 'C:\Windows\system32\rsaenh.dll'
840.1864: supR3HardenedMonitor_LdrLoadDll: returns rcNt=0x0 hMod=00007ffe0f6d0000 'C:\Windows\System32\crypt32.dll'
840.1864: supR3HardenedWinVerifyCacheProcessWvtTodos: 0 (was 0) fWinVerifyTrust=1 for '\Device\HarddiskVolume3\Windows\System32\imm32.dll'
840.1864: supR3HardenedMonitor_LdrLoadDll: returns rcNt=0x0 hMod=00007ffe0de90000 'C:\Windows\system32\rsaenh.dll'
840.1864: supR3HardenedMonitor_LdrLoadDll: returns rcNt=0x0 hMod=00007ffe0f6d0000 'C:\Windows\System32\crypt32.dll'
840.1864: supR3HardenedWinVerifyCacheProcessWvtTodos: 0 (was 0) fWinVerifyTrust=1 for '\Device\HarddiskVolume3\Windows\System32\gdi32full.dll'
840.1864: supR3HardenedMonitor_LdrLoadDll: returns rcNt=0x0 hMod=00007ffe0de90000 'C:\Windows\system32\rsaenh.dll'
840.1864: supR3HardenedMonitor_LdrLoadDll: returns rcNt=0x0 hMod=00007ffe0f6d0000 'C:\Windows\System32\crypt32.dll'
840.1864: supR3HardenedWinVerifyCacheProcessWvtTodos: 0 (was 0) fWinVerifyTrust=1 for '\Device\HarddiskVolume3\Windows\System32\netutils.dll'
840.1864: supR3HardenedMonitor_LdrLoadDll: returns rcNt=0x0 hMod=00007ffe0de90000 'C:\Windows\system32\rsaenh.dll'
840.1864: supR3HardenedMonitor_LdrLoadDll: returns rcNt=0x0 hMod=00007ffe0f6d0000 'C:\Windows\System32\crypt32.dll'
840.1864: supR3HardenedWinVerifyCacheProcessWvtTodos: 0 (was 0) fWinVerifyTrust=1 for '\Device\HarddiskVolume3\Windows\System32\srvcli.dll'
840.1864: supR3HardenedMonitor_LdrLoadDll: returns rcNt=0x0 hMod=00007ffe0de90000 'C:\Windows\system32\rsaenh.dll'
840.1864: supR3HardenedMonitor_LdrLoadDll: returns rcNt=0x0 hMod=00007ffe0f6d0000 'C:\Windows\System32\crypt32.dll'
840.1864: supR3HardenedWinVerifyCacheProcessWvtTodos: 0 (was 0) fWinVerifyTrust=1 for '\Device\HarddiskVolume3\Program Files\Oracle\VirtualBox\Qt6SqlVBox.dll'
840.1864: supR3HardenedMonitor_LdrLoadDll: returns rcNt=0x0 hMod=00007ffe0de90000 'C:\Windows\system32\rsaenh.dll'
840.1864: supR3HardenedMonitor_LdrLoadDll: returns rcNt=0x0 hMod=00007ffe0f6d0000 'C:\Windows\System32\crypt32.dll'
840.1864: supR3HardenedWinVerifyCacheProcessWvtTodos: 0 (was 0) fWinVerifyTrust=1 for '\Device\HarddiskVolume3\Windows\System32\userenv.dll'
840.1864: supR3HardNtViCallWinVerifyTrustCatFile: hFile=000000000000045c pwszName=\Device\HarddiskVolume3\Windows\System32\authz.dll
840.1864: supR3HardNtViCallWinVerifyTrustCatFile: Cached context 000002816d69e790
840.1864: supR3HardNtViCallWinVerifyTrustCatFile: hCatAdmin=000002816d69e790
840.1864: supR3HardNtViCallWinVerifyTrustCatFile: cbHash=20 wszDigest=EE0C1599356C78E1996BBA0FF6F53619B298CA2E
840.1864: supR3HardenedMonitor_LdrLoadDll: returns rcNt=0x0 hMod=00007ffe0de90000 'C:\Windows\system32\rsaenh.dll'
840.1864: supR3HardenedMonitor_LdrLoadDll: returns rcNt=0x0 hMod=00007ffe0f6d0000 'C:\Windows\System32\crypt32.dll'
840.1864: supR3HardNtViCallWinVerifyTrustCatFile: WinVerifyTrust => 0x0; cat='C:\Windows\system32\CatRoot\{F750E6C3-38EE-11D1-85E5-00C04FC295EE}\Microsoft-Windows-Client-Desktop-Required-Package0516~31bf3856ad364e35~amd64~~10.0.19041.5131.cat'; file='\Device\HarddiskVolume3\Windows\System32\authz.dll'
840.1864: supR3HardNtViCallWinVerifyTrustCatFile -> 0 (org 22900)
840.1864: supR3HardenedWinVerifyCacheProcessWvtTodos: 0 (was 22900) fWinVerifyTrust=1 for '\Device\HarddiskVolume3\Windows\System32\authz.dll'
840.1864: supR3HardenedMonitor_LdrLoadDll: returns rcNt=0x0 hMod=00007ffe0de90000 'C:\Windows\system32\rsaenh.dll'
840.1864: supR3HardenedMonitor_LdrLoadDll: returns rcNt=0x0 hMod=00007ffe0f6d0000 'C:\Windows\System32\crypt32.dll'
840.1864: supR3HardenedWinVerifyCacheProcessWvtTodos: 0 (was 0) fWinVerifyTrust=1 for '\Device\HarddiskVolume3\Windows\System32\netapi32.dll'
840.1864: supR3HardenedMonitor_LdrLoadDll: returns rcNt=0x0 hMod=00007ffe0de90000 'C:\Windows\system32\rsaenh.dll'
840.1864: supR3HardenedMonitor_LdrLoadDll: returns rcNt=0x0 hMod=00007ffe0f6d0000 'C:\Windows\System32\crypt32.dll'
840.1864: supR3HardenedWinVerifyCacheProcessWvtTodos: 0 (was 0) fWinVerifyTrust=1 for '\Device\HarddiskVolume3\Windows\System32\version.dll'
840.1864: supR3HardenedMonitor_LdrLoadDll: returns rcNt=0x0 hMod=00007ffe0de90000 'C:\Windows\system32\rsaenh.dll'
840.1864: supR3HardenedMonitor_LdrLoadDll: returns rcNt=0x0 hMod=00007ffe0f6d0000 'C:\Windows\System32\crypt32.dll'
840.1864: supR3HardenedWinVerifyCacheProcessWvtTodos: 0 (was 0) fWinVerifyTrust=1 for '\Device\HarddiskVolume3\Windows\System32\d3d11.dll'
840.1864: supR3HardenedMonitor_LdrLoadDll: returns rcNt=0x0 hMod=00007ffe0de90000 'C:\Windows\system32\rsaenh.dll'
840.1864: supR3HardenedMonitor_LdrLoadDll: returns rcNt=0x0 hMod=00007ffe0f6d0000 'C:\Windows\System32\crypt32.dll'
840.1864: supR3HardenedWinVerifyCacheProcessWvtTodos: 0 (was 0) fWinVerifyTrust=1 for '\Device\HarddiskVolume3\Windows\System32\dxgi.dll'
840.1864: supR3HardenedMonitor_LdrLoadDll: returns rcNt=0x0 hMod=00007ffe0de90000 'C:\Windows\system32\rsaenh.dll'
840.1864: supR3HardenedScreenImage/LdrLoadDll: cache hit (VINF_SUCCESS) on \Device\HarddiskVolume3\Windows\System32\crypt32.dll
840.1864: supR3HardenedMonitor_LdrLoadDll: pName=C:\Windows\System32\crypt32.dll (Input=crypt32.dll, rcNtResolve=0xc0150008) *pfFlags=0x0 pwszSearchPath=0000000000000001:<flags> [calling]
840.1864: supR3HardenedMonitor_LdrLoadDll: returns rcNt=0x0 hMod=00007ffe0f6d0000 'C:\Windows\System32\crypt32.dll'
840.1864: supR3HardenedWinVerifyCacheProcessWvtTodos: 0 (was 0) fWinVerifyTrust=1 for '\Device\HarddiskVolume3\Windows\System32\D3D12.dll'
840.1864: supR3HardenedMonitor_LdrLoadDll: returns rcNt=0x0 hMod=00007ffe0de90000 'C:\Windows\system32\rsaenh.dll'
840.1864: supR3HardenedMonitor_LdrLoadDll: returns rcNt=0x0 hMod=00007ffe0f6d0000 'C:\Windows\System32\crypt32.dll'
840.1864: supR3HardenedWinVerifyCacheProcessWvtTodos: 0 (was 0) fWinVerifyTrust=1 for '\Device\HarddiskVolume3\Windows\System32\shell32.dll'
840.1864: supR3HardNtViCallWinVerifyTrustCatFile: hFile=000000000000046c pwszName=\Device\HarddiskVolume3\Windows\System32\DWrite.dll
840.1864: supR3HardNtViCallWinVerifyTrustCatFile: Cached context 000002816d69e790
840.1864: supR3HardNtViCallWinVerifyTrustCatFile: hCatAdmin=000002816d69e790
840.1864: supR3HardNtViCallWinVerifyTrustCatFile: cbHash=20 wszDigest=7D15D1D7640D8F1BCCB5F5EA6305DDEC6EFEE936
840.1864: supR3HardenedMonitor_LdrLoadDll: returns rcNt=0x0 hMod=00007ffe0de90000 'C:\Windows\system32\rsaenh.dll'
840.1864: supR3HardenedMonitor_LdrLoadDll: returns rcNt=0x0 hMod=00007ffe0f6d0000 'C:\Windows\System32\crypt32.dll'
840.1864: supR3HardNtViCallWinVerifyTrustCatFile: WinVerifyTrust => 0x0; cat='C:\Windows\system32\CatRoot\{F750E6C3-38EE-11D1-85E5-00C04FC295EE}\Microsoft-Windows-Client-Desktop-Required-Package0516~31bf3856ad364e35~amd64~~10.0.19041.5131.cat'; file='\Device\HarddiskVolume3\Windows\System32\DWrite.dll'
840.1864: supR3HardNtViCallWinVerifyTrustCatFile -> 0 (org 22900)
840.1864: supR3HardenedWinVerifyCacheProcessWvtTodos: 0 (was 22900) fWinVerifyTrust=1 for '\Device\HarddiskVolume3\Windows\System32\DWrite.dll'
840.1864: supR3HardenedScreenImage/LdrLoadDll: cache hit (VINF_SUCCESS) on \Device\HarddiskVolume3\Windows\System32\rsaenh.dll
840.1864: supR3HardenedMonitor_LdrLoadDll: pName=C:\Windows\system32\rsaenh.dll (rcNtResolve=0xc0150008) *pfFlags=0x0 pwszSearchPath=0000000000000001:<flags> [calling]
840.1864: supR3HardenedMonitor_LdrLoadDll: returns rcNt=0x0 hMod=00007ffe0de90000 'C:\Windows\system32\rsaenh.dll'
840.1864: supR3HardenedMonitor_LdrLoadDll: returns rcNt=0x0 hMod=00007ffe0f6d0000 'C:\Windows\System32\crypt32.dll'
840.1864: supR3HardenedWinVerifyCacheProcessWvtTodos: 0 (was 0) fWinVerifyTrust=1 for '\Device\HarddiskVolume3\Windows\System32\msvcp140_2.dll'
840.1864: supR3HardenedMonitor_LdrLoadDll: returns rcNt=0x0 hMod=00007ffe0de90000 'C:\Windows\system32\rsaenh.dll'
840.1864: supR3HardenedMonitor_LdrLoadDll: returns rcNt=0x0 hMod=00007ffe0f6d0000 'C:\Windows\System32\crypt32.dll'
840.1864: supR3HardenedWinVerifyCacheProcessWvtTodos: 0 (was 0) fWinVerifyTrust=1 for '\Device\HarddiskVolume3\Windows\System32\dwmapi.dll'
840.1864: supR3HardNtViCallWinVerifyTrustCatFile: hFile=000000000000053c pwszName=\Device\HarddiskVolume3\Windows\System32\uxtheme.dll
840.1864: supR3HardNtViCallWinVerifyTrustCatFile: Cached context 000002816d69e790
840.1864: supR3HardNtViCallWinVerifyTrustCatFile: hCatAdmin=000002816d69e790
840.1864: supR3HardNtViCallWinVerifyTrustCatFile: cbHash=20 wszDigest=46F560EC7E69F2E5DFFEE7B57FD651A828BC50C7
840.1864: supR3HardenedMonitor_LdrLoadDll: returns rcNt=0x0 hMod=00007ffe0de90000 'C:\Windows\system32\rsaenh.dll'
840.1864: supR3HardenedMonitor_LdrLoadDll: returns rcNt=0x0 hMod=00007ffe0f6d0000 'C:\Windows\System32\crypt32.dll'
840.1864: supR3HardNtViCallWinVerifyTrustCatFile: WinVerifyTrust => 0x0; cat='C:\Windows\system32\CatRoot\{F750E6C3-38EE-11D1-85E5-00C04FC295EE}\Microsoft-Windows-Client-Desktop-Required-Package05113~31bf3856ad364e35~amd64~~10.0.19041.5131.cat'; file='\Device\HarddiskVolume3\Windows\System32\uxtheme.dll'
840.1864: supR3HardNtViCallWinVerifyTrustCatFile -> 0 (org 22900)
840.1864: supR3HardenedWinVerifyCacheProcessWvtTodos: 0 (was 22900) fWinVerifyTrust=1 for '\Device\HarddiskVolume3\Windows\System32\uxtheme.dll'
840.1864: supR3HardenedMonitor_LdrLoadDll: returns rcNt=0x0 hMod=00007ffe0de90000 'C:\Windows\system32\rsaenh.dll'
840.1864: supR3HardenedMonitor_LdrLoadDll: returns rcNt=0x0 hMod=00007ffe0f6d0000 'C:\Windows\System32\crypt32.dll'
840.1864: supR3HardenedWinVerifyCacheProcessWvtTodos: 0 (was 0) fWinVerifyTrust=1 for '\Device\HarddiskVolume3\Windows\System32\msvcp140_1.dll'
840.1864: supR3HardenedMonitor_LdrLoadDll: returns rcNt=0x0 hMod=00007ffe0de90000 'C:\Windows\system32\rsaenh.dll'
840.1864: supR3HardenedMonitor_LdrLoadDll: returns rcNt=0x0 hMod=00007ffe0f6d0000 'C:\Windows\System32\crypt32.dll'
840.1864: supR3HardenedWinVerifyCacheProcessWvtTodos: 0 (was 0) fWinVerifyTrust=1 for '\Device\HarddiskVolume3\Windows\System32\win32u.dll'
840.1864: supR3HardenedMonitor_LdrLoadDll: returns rcNt=0x0 hMod=00007ffe0de90000 'C:\Windows\system32\rsaenh.dll'
840.1864: supR3HardenedMonitor_LdrLoadDll: returns rcNt=0x0 hMod=00007ffe0f6d0000 'C:\Windows\System32\crypt32.dll'
840.1864: supR3HardenedWinVerifyCacheProcessWvtTodos: 0 (was 0) fWinVerifyTrust=1 for '\Device\HarddiskVolume3\Windows\System32\gdi32.dll'
840.1864: supR3HardenedMonitor_LdrLoadDll: returns rcNt=0x0 hMod=00007ffe0de90000 'C:\Windows\system32\rsaenh.dll'
840.1864: supR3HardenedMonitor_LdrLoadDll: returns rcNt=0x0 hMod=00007ffe0f6d0000 'C:\Windows\System32\crypt32.dll'
840.1864: supR3HardenedWinVerifyCacheProcessWvtTodos: 0 (was 0) fWinVerifyTrust=1 for '\Device\HarddiskVolume3\Windows\System32\msvcp_win.dll'
840.1864: supR3HardenedMonitor_LdrLoadDll: returns rcNt=0x0 hMod=00007ffe0de90000 'C:\Windows\system32\rsaenh.dll'
840.1864: supR3HardenedMonitor_LdrLoadDll: returns rcNt=0x0 hMod=00007ffe0f6d0000 'C:\Windows\System32\crypt32.dll'
840.1864: supR3HardenedWinVerifyCacheProcessWvtTodos: 0 (was 0) fWinVerifyTrust=1 for '\Device\HarddiskVolume3\Windows\System32\combase.dll'
840.1864: SUPR3HardenedMain: Calling TrustedMain (00007ffdd20619c0)...
840.1864: supR3HardenedWinVerifyCacheScheduleImports: Import todo: #31 'combase.dll'.
840.1864: supR3HardenedWinVerifyCacheScheduleImports: Import todo: #32 'msvcp_win.dll'.
840.1864: supR3HardenedWinVerifyCacheScheduleImports: Import todo: #34 'wldp.dll'.
840.1864: supHardenedWinVerifyImageByHandle: -> 0 (\Device\HarddiskVolume3\Windows\System32\windows.storage.dll)
840.1864: supR3HardenedWinVerifyCacheInsert: \Device\HarddiskVolume3\Windows\System32\windows.storage.dll
840.1864: supR3HardenedWinVerifyCacheScheduleImports: Import todo: #0 'msvcrt.dll'.
840.1864: supR3HardenedWinVerifyCacheScheduleImports: Import todo: #26 'oleaut32.dll'.
840.1864: supHardenedWinVerifyImageByHandle: -> 0 (\Device\HarddiskVolume3\Windows\System32\wldp.dll)
840.1864: supR3HardenedWinVerifyCacheInsert: \Device\HarddiskVolume3\Windows\System32\wldp.dll
840.1864: supR3HardenedDllNotificationCallback: load   00007ffe0e890000 LB 0x0002e000 C:\Windows\SYSTEM32\Wldp.dll [fFlags=0x0]
840.1864: supR3HardenedScreenImage/LdrLoadDll: cache hit (VINF_SUCCESS) on \Device\HarddiskVolume3\Windows\System32\wldp.dll [avoiding WinVerifyTrust]
840.1864: supR3HardenedDllNotificationCallback: load   00007ffe0cf30000 LB 0x007a4000 C:\Windows\SYSTEM32\windows.storage.dll [fFlags=0x0]
840.1864: supR3HardenedScreenImage/LdrLoadDll: cache hit (VINF_SUCCESS) on \Device\HarddiskVolume3\Windows\System32\windows.storage.dll [avoiding WinVerifyTrust]
840.1864: supR3HardenedDllNotificationCallback: load   00007ffe100d0000 LB 0x000ad000 C:\Windows\System32\SHCORE.dll [fFlags=0x0]
840.1864: supR3HardenedWinVerifyCacheScheduleImports: Import todo: #0 'msvcrt.dll'.
840.1864: supR3HardenedWinVerifyCacheScheduleImports: Import todo: #42 'combase.dll'.
840.1864: supHardenedWinVerifyImageByHandle: -> 0 (\Device\HarddiskVolume3\Windows\System32\SHCore.dll)
840.1864: supR3HardenedWinVerifyCacheInsert: \Device\HarddiskVolume3\Windows\System32\SHCore.dll
840.1864: supR3HardenedDllNotificationCallback: load   00007ffe10070000 LB 0x00055000 C:\Windows\System32\shlwapi.dll [fFlags=0x0]
840.1864: supR3HardenedWinVerifyCacheScheduleImports: Import todo: #1 'msvcrt.dll'.
840.1864: supHardenedWinVerifyImageByHandle: -> 0 (\Device\HarddiskVolume3\Windows\System32\shlwapi.dll)
840.1864: supR3HardenedWinVerifyCacheInsert: \Device\HarddiskVolume3\Windows\System32\shlwapi.dll
840.1864: supR3HardenedWinVerifyCacheProcessImportTodos: Processing 'msvcrt.dll'...
840.1864: supR3HardenedWinVerifyCacheProcessImportTodos: 'msvcrt.dll' -> '\Device\HarddiskVolume3\Windows\System32\msvcrt.dll' [rcNtRedir=0xc0150008]
840.1864: supR3HardenedWinVerifyCacheProcessImportTodos: Processing 'combase.dll'...
840.1864: supR3HardenedWinVerifyCacheProcessImportTodos: 'combase.dll' -> '\Device\HarddiskVolume3\Windows\System32\combase.dll' [rcNtRedir=0xc0150008]
840.1864: supR3HardenedScreenImage/Imports: cache hit (VINF_SUCCESS) on \Device\HarddiskVolume3\Windows\System32\combase.dll
840.1864: supR3HardenedWinVerifyCacheProcessImportTodos: Processing 'msvcrt.dll'...
840.1864: supR3HardenedWinVerifyCacheProcessImportTodos: 'msvcrt.dll' -> '\Device\HarddiskVolume3\Windows\System32\msvcrt.dll' [rcNtRedir=0xc0150008]
840.1864: supR3HardenedWinVerifyCacheProcessImportTodos: Processing 'oleaut32.dll'...
840.1864: supR3HardenedWinVerifyCacheProcessImportTodos: 'oleaut32.dll' -> '\Device\HarddiskVolume3\Windows\System32\oleaut32.dll' [rcNtRedir=0xc0150008]
840.1864: supR3HardenedScreenImage/Imports: cache hit (VINF_SUCCESS) on \Device\HarddiskVolume3\Windows\System32\oleaut32.dll
840.1864: supR3HardenedWinVerifyCacheProcessImportTodos: Processing 'msvcrt.dll'...
840.1864: supR3HardenedWinVerifyCacheProcessImportTodos: 'msvcrt.dll' -> '\Device\HarddiskVolume3\Windows\System32\msvcrt.dll' [rcNtRedir=0xc0150008]
840.1864: supR3HardenedScreenImage/Imports: cache hit (VINF_SUCCESS) on \Device\HarddiskVolume3\Windows\System32\msvcrt.dll
840.1864: supR3HardenedWinVerifyCacheProcessImportTodos: Processing 'wldp.dll'...
840.1864: supR3HardenedWinVerifyCacheProcessImportTodos: 'wldp.dll' -> '\Device\HarddiskVolume3\Windows\System32\wldp.dll' [rcNtRedir=0xc0150008]
840.1864: supR3HardenedScreenImage/Imports: cache hit (VINF_SUCCESS) on \Device\HarddiskVolume3\Windows\System32\wldp.dll [lacks WinVerifyTrust]
840.1864: supR3HardenedWinVerifyCacheProcessImportTodos: Processing 'msvcp_win.dll'...
840.1864: supR3HardenedWinVerifyCacheProcessImportTodos: 'msvcp_win.dll' -> '\Device\HarddiskVolume3\Windows\System32\msvcp_win.dll' [rcNtRedir=0xc0150008]
840.1864: supR3HardenedScreenImage/Imports: cache hit (VINF_SUCCESS) on \Device\HarddiskVolume3\Windows\System32\msvcp_win.dll
840.1864: supR3HardenedWinVerifyCacheProcessImportTodos: Processing 'combase.dll'...
840.1864: supR3HardenedWinVerifyCacheProcessImportTodos: 'combase.dll' -> '\Device\HarddiskVolume3\Windows\System32\combase.dll' [rcNtRedir=0xc0150008]
840.1864: supR3HardenedScreenImage/Imports: cache hit (VINF_SUCCESS) on \Device\HarddiskVolume3\Windows\System32\combase.dll
840.1864: supR3HardenedMonitor_LdrLoadDll: returns rcNt=0x0 hMod=00007ffe0de90000 'C:\Windows\system32\rsaenh.dll'
840.1864: supR3HardenedMonitor_LdrLoadDll: returns rcNt=0x0 hMod=00007ffe0f6d0000 'C:\Windows\System32\crypt32.dll'
840.1864: supR3HardenedWinVerifyCacheProcessWvtTodos: 0 (was 0) fWinVerifyTrust=1 for '\Device\HarddiskVolume3\Windows\System32\shlwapi.dll'
840.1864: supR3HardenedMonitor_LdrLoadDll: returns rcNt=0x0 hMod=00007ffe0de90000 'C:\Windows\system32\rsaenh.dll'
840.1864: supR3HardenedMonitor_LdrLoadDll: returns rcNt=0x0 hMod=00007ffe0f6d0000 'C:\Windows\System32\crypt32.dll'
840.1864: supR3HardenedWinVerifyCacheProcessWvtTodos: 0 (was 0) fWinVerifyTrust=1 for '\Device\HarddiskVolume3\Windows\System32\SHCore.dll'
840.1864: supR3HardenedMonitor_LdrLoadDll: returns rcNt=0x0 hMod=00007ffe0de90000 'C:\Windows\system32\rsaenh.dll'
840.1864: supR3HardenedMonitor_LdrLoadDll: returns rcNt=0x0 hMod=00007ffe0f6d0000 'C:\Windows\System32\crypt32.dll'
840.1864: supR3HardenedWinVerifyCacheProcessWvtTodos: 0 (was 0) fWinVerifyTrust=1 for '\Device\HarddiskVolume3\Windows\System32\wldp.dll'
840.1864: supR3HardenedMonitor_LdrLoadDll: returns rcNt=0x0 hMod=00007ffe0de90000 'C:\Windows\system32\rsaenh.dll'
840.1864: supR3HardenedMonitor_LdrLoadDll: returns rcNt=0x0 hMod=00007ffe0f6d0000 'C:\Windows\System32\crypt32.dll'
840.1864: supR3HardenedWinVerifyCacheProcessWvtTodos: 0 (was 0) fWinVerifyTrust=1 for '\Device\HarddiskVolume3\Windows\System32\windows.storage.dll'
840.1864: supR3HardenedMonitor_LdrLoadDll: returns rcNt=0x0 hMod=00007ffe0de90000 'C:\Windows\system32\rsaenh.dll'
840.1864: supR3HardenedMonitor_LdrLoadDll: returns rcNt=0x0 hMod=00007ffe0f6d0000 'C:\Windows\System32\crypt32.dll'
840.1864: supR3HardenedWinVerifyCacheScheduleImports: Import todo: #0 'advapi32.dll'.
840.1864: supR3HardenedWinVerifyCacheScheduleImports: Import todo: #1 'dwmapi.dll'.
840.1864: supR3HardenedWinVerifyCacheScheduleImports: Import todo: #2 'gdi32.dll'.
840.1864: supR3HardenedWinVerifyCacheScheduleImports: Import todo: #3 'imm32.dll'.
840.1864: supR3HardenedWinVerifyCacheScheduleImports: Import todo: #4 'ole32.dll'.
840.1864: supR3HardenedWinVerifyCacheScheduleImports: Import todo: #5 'oleaut32.dll'.
840.1864: supR3HardenedWinVerifyCacheScheduleImports: Import todo: #6 'setupapi.dll'.
840.1864: supR3HardenedWinVerifyCacheScheduleImports: Import todo: #7 'shell32.dll'.
840.1864: supR3HardenedWinVerifyCacheScheduleImports: Import todo: #8 'shlwapi.dll'.
840.1864: supR3HardenedWinVerifyCacheScheduleImports: Import todo: #9 'user32.dll'.
840.1864: supR3HardenedWinVerifyCacheScheduleImports: Import todo: #10 'winmm.dll'.
840.1864: supR3HardenedWinVerifyCacheScheduleImports: Import todo: #11 'wtsapi32.dll'.
840.1864: supR3HardenedWinVerifyCacheScheduleImports: Import todo: #13 'comdlg32.dll'.
840.1864: supR3HardenedWinVerifyCacheScheduleImports: Import todo: #14 'd3d9.dll'.
840.1864: supR3HardenedWinVerifyCacheScheduleImports: Import todo: #17 'uiautomationcore.dll'.
840.1864: supR3HardenedWinVerifyCacheScheduleImports: Import todo: #18 'qt6guivbox.dll'.
840.1864: supR3HardenedWinVerifyCacheScheduleImports: Import todo: #19 'qt6corevbox.dll'.
840.1864: supR3HardenedWinVerifyCacheScheduleImports: Import todo: #21 'msvcp140.dll'.
840.1864: supR3HardenedWinVerifyCacheScheduleImports: Import todo: #22 'vcruntime140.dll'.
840.1864: supR3HardenedWinVerifyCacheScheduleImports: Import todo: #23 'vcruntime140_1.dll'.
840.1864: supHardenedWinVerifyImageByHandle: -> 0 (\Device\HarddiskVolume3\Program Files\Oracle\VirtualBox\platforms\qwindowsVBox.dll) WinVerifyTrust
840.1864: supR3HardenedWinVerifyCacheInsert: \Device\HarddiskVolume3\Program Files\Oracle\VirtualBox\platforms\qwindowsVBox.dll
840.1864: supR3HardenedWinVerifyCacheProcessImportTodos: Processing 'vcruntime140_1.dll'...
840.1864: supR3HardenedWinVerifyCacheProcessImportTodos: 'vcruntime140_1.dll' -> '\Device\HarddiskVolume3\Windows\System32\vcruntime140_1.dll' [rcNtRedir=0xc0150008]
840.1864: supR3HardenedWinVerifyCacheProcessImportTodos: Processing 'vcruntime140.dll'...
840.1864: supR3HardenedWinVerifyCacheProcessImportTodos: 'vcruntime140.dll' -> '\Device\HarddiskVolume3\Windows\System32\vcruntime140.dll' [rcNtRedir=0xc0150008]
840.1864: supR3HardenedWinVerifyCacheProcessImportTodos: Processing 'msvcp140.dll'...
840.1864: supR3HardenedWinVerifyCacheProcessImportTodos: 'msvcp140.dll' -> '\Device\HarddiskVolume3\Windows\System32\msvcp140.dll' [rcNtRedir=0xc0150008]
840.1864: supR3HardenedWinVerifyCacheProcessImportTodos: Processing 'qt6corevbox.dll'...
840.1864: supR3HardenedWinVerifyCacheProcessImportTodos: 'qt6corevbox.dll' -> '\Device\HarddiskVolume3\Program Files\Oracle\VirtualBox\qt6corevbox.dll' [rcNtRedir=0xc0150008]
840.1864: supR3HardenedWinVerifyCacheProcessImportTodos: Processing 'qt6guivbox.dll'...
840.1864: supR3HardenedWinVerifyCacheProcessImportTodos: 'qt6guivbox.dll' -> '\Device\HarddiskVolume3\Program Files\Oracle\VirtualBox\qt6guivbox.dll' [rcNtRedir=0xc0150008]
840.1864: supR3HardenedScreenImage/Imports: cache hit (VINF_SUCCESS) on \Device\HarddiskVolume3\Program Files\Oracle\VirtualBox\Qt6GuiVBox.dll
840.1864: supR3HardenedWinVerifyCacheProcessImportTodos: Processing 'uiautomationcore.dll'...
840.1864: supR3HardenedWinVerifyCacheProcessImportTodos: 'uiautomationcore.dll' -> '\Device\HarddiskVolume3\Windows\System32\uiautomationcore.dll' [rcNtRedir=0xc0150008]
840.1864: supR3HardNtViCallWinVerifyTrustCatFile: hFile=00000000000006e0 pwszName=\Device\HarddiskVolume3\Windows\System32\UIAutomationCore.dll
840.1864: supR3HardNtViCallWinVerifyTrustCatFile: Cached context 000002816d69e790
840.1864: supR3HardNtViCallWinVerifyTrustCatFile: hCatAdmin=000002816d69e790
840.1864: supR3HardNtViCallWinVerifyTrustCatFile: cbHash=20 wszDigest=4CFA38BC62A9D92E760A1DD0A000F2D9137DA5F1
840.1864: supR3HardenedMonitor_LdrLoadDll: returns rcNt=0x0 hMod=00007ffe0de90000 'C:\Windows\system32\rsaenh.dll'
840.1864: supR3HardenedMonitor_LdrLoadDll: returns rcNt=0x0 hMod=00007ffe0f6d0000 'C:\Windows\System32\crypt32.dll'
840.1864: supR3HardNtViCallWinVerifyTrustCatFile: WinVerifyTrust => 0x0; cat='C:\Windows\system32\CatRoot\{F750E6C3-38EE-11D1-85E5-00C04FC295EE}\Microsoft-Windows-Client-Desktop-Required-Package0517~31bf3856ad364e35~amd64~~10.0.19041.5247.cat'; file='\Device\HarddiskVolume3\Windows\System32\UIAutomationCore.dll'
840.1864: supR3HardNtViCallWinVerifyTrustCatFile -> 0 (org 22900)
840.1864: supR3HardenedWinVerifyCacheScheduleImports: Import todo: #0 'msvcp_win.dll'.
840.1864: supR3HardenedWinVerifyCacheScheduleImports: Import todo: #5 'oleaut32.dll'.
840.1864: supR3HardenedWinVerifyCacheScheduleImports: Import todo: #31 'propsys.dll'.
840.1864: supR3HardenedWinVerifyCacheScheduleImports: Import todo: #36 'rpcrt4.dll'.
840.1864: supHardenedWinVerifyImageByHandle: -> 0 (\Device\HarddiskVolume3\Windows\System32\UIAutomationCore.dll) WinVerifyTrust
840.1864: supR3HardenedWinVerifyCacheInsert: \Device\HarddiskVolume3\Windows\System32\UIAutomationCore.dll
840.1864: supR3HardenedWinVerifyCacheProcessImportTodos: Processing 'd3d9.dll'...
840.1864: supR3HardenedWinVerifyCacheProcessImportTodos: 'd3d9.dll' -> '\Device\HarddiskVolume3\Windows\System32\d3d9.dll' [rcNtRedir=0xc0150008]
840.1864: supR3HardenedWinVerifyCacheProcessImportTodos: Processing 'rpcrt4.dll'...
840.1864: supR3HardenedWinVerifyCacheProcessImportTodos: 'rpcrt4.dll' -> '\Device\HarddiskVolume3\Windows\System32\rpcrt4.dll' [rcNtRedir=0xc0150008]
840.1864: supR3HardenedScreenImage/Imports: cache hit (VINF_SUCCESS) on \Device\HarddiskVolume3\Windows\System32\rpcrt4.dll
840.1864: supR3HardenedWinVerifyCacheProcessImportTodos: Processing 'propsys.dll'...
840.1864: supR3HardenedWinVerifyCacheProcessImportTodos: 'propsys.dll' -> '\Device\HarddiskVolume3\Windows\System32\propsys.dll' [rcNtRedir=0xc0150008]
840.1864: Detected WinVerifyTrust recursion: rc=VINF_SUCCESS '\Device\HarddiskVolume3\Windows\System32\propsys.dll'.
840.1864: supR3HardenedWinVerifyCacheScheduleImports: Import todo: #32 'rpcrt4.dll'.
840.1864: supHardenedWinVerifyImageByHandle: -> 0 (\Device\HarddiskVolume3\Windows\System32\propsys.dll)
840.1864: supR3HardenedWinVerifyCacheInsert: \Device\HarddiskVolume3\Windows\System32\propsys.dll
840.1864: supR3HardenedWinVerifyCacheProcessImportTodos: Processing 'oleaut32.dll'...
840.1864: supR3HardenedWinVerifyCacheProcessImportTodos: 'oleaut32.dll' -> '\Device\HarddiskVolume3\Windows\System32\oleaut32.dll' [rcNtRedir=0xc0150008]
840.1864: supR3HardenedScreenImage/Imports: cache hit (VINF_SUCCESS) on \Device\HarddiskVolume3\Windows\System32\oleaut32.dll
840.1864: supR3HardenedWinVerifyCacheProcessImportTodos: Processing 'msvcp_win.dll'...
840.1864: supR3HardenedWinVerifyCacheProcessImportTodos: 'msvcp_win.dll' -> '\Device\HarddiskVolume3\Windows\System32\msvcp_win.dll' [rcNtRedir=0xc0150008]
840.1864: supR3HardenedScreenImage/Imports: cache hit (VINF_SUCCESS) on \Device\HarddiskVolume3\Windows\System32\msvcp_win.dll
840.1864: supR3HardenedWinVerifyCacheProcessImportTodos: Processing 'rpcrt4.dll'...
840.1864: supR3HardenedWinVerifyCacheProcessImportTodos: 'rpcrt4.dll' -> '\Device\HarddiskVolume3\Windows\System32\rpcrt4.dll' [rcNtRedir=0xc0150008]
840.1864: supR3HardenedMonitor_LdrLoadDll: returns rcNt=0x0 hMod=00007ffe0de90000 'C:\Windows\system32\rsaenh.dll'
840.1864: supR3HardenedMonitor_LdrLoadDll: returns rcNt=0x0 hMod=00007ffe0f6d0000 'C:\Windows\System32\crypt32.dll'
840.1864: supR3HardenedWinVerifyCacheScheduleImports: Import todo: #0 'msvcrt.dll'.
840.1864: supR3HardenedWinVerifyCacheScheduleImports: Import todo: #6 'user32.dll'.
840.1864: supR3HardenedWinVerifyCacheScheduleImports: Import todo: #9 'win32u.dll'.
840.1864: supR3HardenedWinVerifyCacheScheduleImports: Import todo: #10 'gdi32.dll'.
840.1864: supR3HardenedWinVerifyCacheScheduleImports: Import todo: #12 'dwmapi.dll'.
840.1864: supHardenedWinVerifyImageByHandle: -> 0 (\Device\HarddiskVolume3\Windows\System32\d3d9.dll) WinVerifyTrust
840.1864: supR3HardenedWinVerifyCacheInsert: \Device\HarddiskVolume3\Windows\System32\d3d9.dll
840.1864: supR3HardenedWinVerifyCacheProcessImportTodos: Processing 'comdlg32.dll'...
840.1864: supR3HardenedWinVerifyCacheProcessImportTodos: 'comdlg32.dll' -> '\Device\HarddiskVolume3\Windows\System32\comdlg32.dll' [rcNtRedir=0xc0150008]
840.1864: supR3HardNtViCallWinVerifyTrustCatFile: hFile=00000000000006f0 pwszName=\Device\HarddiskVolume3\Windows\System32\comdlg32.dll
840.1864: supR3HardNtViCallWinVerifyTrustCatFile: Cached context 000002816d69e790
840.1864: supR3HardNtViCallWinVerifyTrustCatFile: hCatAdmin=000002816d69e790
840.1864: supR3HardNtViCallWinVerifyTrustCatFile: cbHash=20 wszDigest=F46DEE040A30078E2D55DFA41AC5167B169A91B2
840.1864: supR3HardenedWinVerifyCacheProcessImportTodos: Processing 'dwmapi.dll'...
840.1864: supR3HardenedWinVerifyCacheProcessImportTodos: 'dwmapi.dll' -> '\Device\HarddiskVolume3\Windows\System32\dwmapi.dll' [rcNtRedir=0xc0150008]
840.1864: supR3HardenedScreenImage/Imports: cache hit (VINF_SUCCESS) on \Device\HarddiskVolume3\Windows\System32\dwmapi.dll
840.1864: supR3HardenedWinVerifyCacheProcessImportTodos: Processing 'gdi32.dll'...
840.1864: supR3HardenedWinVerifyCacheProcessImportTodos: 'gdi32.dll' -> '\Device\HarddiskVolume3\Windows\System32\gdi32.dll' [rcNtRedir=0xc0150008]
840.1864: supR3HardenedWinVerifyCacheProcessImportTodos: Processing 'win32u.dll'...
840.1864: supR3HardenedWinVerifyCacheProcessImportTodos: 'win32u.dll' -> '\Device\HarddiskVolume3\Windows\System32\win32u.dll' [rcNtRedir=0xc0150008]
840.1864: supR3HardenedWinVerifyCacheProcessImportTodos: Processing 'user32.dll'...
840.1864: supR3HardenedWinVerifyCacheProcessImportTodos: 'user32.dll' -> '\Device\HarddiskVolume3\Windows\System32\user32.dll' [rcNtRedir=0xc0150008]
840.1864: supR3HardenedWinVerifyCacheProcessImportTodos: Processing 'msvcrt.dll'...
840.1864: supR3HardenedWinVerifyCacheProcessImportTodos: 'msvcrt.dll' -> '\Device\HarddiskVolume3\Windows\System32\msvcrt.dll' [rcNtRedir=0xc0150008]
840.1864: supR3HardenedMonitor_LdrLoadDll: returns rcNt=0x0 hMod=00007ffe0de90000 'C:\Windows\system32\rsaenh.dll'
840.1864: supR3HardenedMonitor_LdrLoadDll: returns rcNt=0x0 hMod=00007ffe0f6d0000 'C:\Windows\System32\crypt32.dll'
840.1864: supR3HardNtViCallWinVerifyTrustCatFile: WinVerifyTrust => 0x0; cat='C:\Windows\system32\CatRoot\{F750E6C3-38EE-11D1-85E5-00C04FC295EE}\Microsoft-Windows-Client-Desktop-Required-Package0517~31bf3856ad364e35~amd64~~10.0.19041.5247.cat'; file='\Device\HarddiskVolume3\Windows\System32\comdlg32.dll'
840.1864: supR3HardNtViCallWinVerifyTrustCatFile -> 0 (org 22900)
840.1864: supR3HardenedWinVerifyCacheScheduleImports: Import todo: #0 'msvcrt.dll'.
840.1864: supR3HardenedWinVerifyCacheScheduleImports: Import todo: #23 'rpcrt4.dll'.
840.1864: supR3HardenedWinVerifyCacheScheduleImports: Import todo: #37 'user32.dll'.
840.1864: supR3HardenedWinVerifyCacheScheduleImports: Import todo: #55 'shlwapi.dll'.
840.1864: supR3HardenedWinVerifyCacheScheduleImports: Import todo: #56 'gdi32.dll'.
840.1864: supR3HardenedWinVerifyCacheScheduleImports: Import todo: #57 'comctl32.dll'.
840.1864: supR3HardenedWinVerifyCacheScheduleImports: Import todo: #58 'shell32.dll'.
840.1864: supHardenedWinVerifyImageByHandle: -> 0 (\Device\HarddiskVolume3\Windows\System32\comdlg32.dll) WinVerifyTrust
840.1864: supR3HardenedWinVerifyCacheInsert: \Device\HarddiskVolume3\Windows\System32\comdlg32.dll
840.1864: supR3HardenedWinVerifyCacheProcessImportTodos: Processing 'wtsapi32.dll'...
840.1864: supR3HardenedWinVerifyCacheProcessImportTodos: 'wtsapi32.dll' -> '\Device\HarddiskVolume3\Windows\System32\wtsapi32.dll' [rcNtRedir=0xc0150008]
840.1864: supR3HardenedWinVerifyCacheProcessImportTodos: Processing 'shell32.dll'...
840.1864: supR3HardenedWinVerifyCacheProcessImportTodos: 'shell32.dll' -> '\Device\HarddiskVolume3\Windows\System32\shell32.dll' [rcNtRedir=0xc0150008]
840.1864: supR3HardenedScreenImage/Imports: cache hit (VINF_SUCCESS) on \Device\HarddiskVolume3\Windows\System32\shell32.dll
840.1864: supR3HardenedWinVerifyCacheProcessImportTodos: Processing 'comctl32.dll'...
840.1864: supR3HardenedWinVerifyCacheProcessImportTodos: 'comctl32.dll' -> '\Device\HarddiskVolume3\Windows\System32\comctl32.dll' [rcNtRedir=0x0]
840.1864: Detected WinVerifyTrust recursion: rc=VINF_SUCCESS '\Device\HarddiskVolume3\Windows\System32\comctl32.dll'.
840.1864: supR3HardenedWinVerifyCacheScheduleImports: Import todo: #1 'advapi32.dll'.
840.1864: supR3HardenedWinVerifyCacheScheduleImports: Import todo: #2 'gdi32.dll'.
840.1864: supR3HardenedWinVerifyCacheScheduleImports: Import todo: #4 'user32.dll'.
840.1864: supHardenedWinVerifyImageByHandle: -> 0 (\Device\HarddiskVolume3\Windows\System32\comctl32.dll)
840.1864: supR3HardenedWinVerifyCacheInsert: \Device\HarddiskVolume3\Windows\System32\comctl32.dll
840.1864: supR3HardenedWinVerifyCacheProcessImportTodos: Processing 'gdi32.dll'...
840.1864: supR3HardenedWinVerifyCacheProcessImportTodos: 'gdi32.dll' -> '\Device\HarddiskVolume3\Windows\System32\gdi32.dll' [rcNtRedir=0xc0150008]
840.1864: supR3HardenedWinVerifyCacheProcessImportTodos: Processing 'shlwapi.dll'...
840.1864: supR3HardenedWinVerifyCacheProcessImportTodos: 'shlwapi.dll' -> '\Device\HarddiskVolume3\Windows\System32\shlwapi.dll' [rcNtRedir=0xc0150008]
840.1864: supR3HardenedScreenImage/Imports: cache hit (VINF_SUCCESS) on \Device\HarddiskVolume3\Windows\System32\shlwapi.dll
840.1864: supR3HardenedWinVerifyCacheProcessImportTodos: Processing 'user32.dll'...
840.1864: supR3HardenedWinVerifyCacheProcessImportTodos: 'user32.dll' -> '\Device\HarddiskVolume3\Windows\System32\user32.dll' [rcNtRedir=0xc0150008]
840.1864: supR3HardenedWinVerifyCacheProcessImportTodos: Processing 'rpcrt4.dll'...
840.1864: supR3HardenedWinVerifyCacheProcessImportTodos: 'rpcrt4.dll' -> '\Device\HarddiskVolume3\Windows\System32\rpcrt4.dll' [rcNtRedir=0xc0150008]
840.1864: supR3HardenedWinVerifyCacheProcessImportTodos: Processing 'msvcrt.dll'...
840.1864: supR3HardenedWinVerifyCacheProcessImportTodos: 'msvcrt.dll' -> '\Device\HarddiskVolume3\Windows\System32\msvcrt.dll' [rcNtRedir=0xc0150008]
840.1864: supR3HardenedWinVerifyCacheProcessImportTodos: Processing 'user32.dll'...
840.1864: supR3HardenedWinVerifyCacheProcessImportTodos: 'user32.dll' -> '\Device\HarddiskVolume3\Windows\System32\user32.dll' [rcNtRedir=0xc0150008]
840.1864: supR3HardenedWinVerifyCacheProcessImportTodos: Processing 'gdi32.dll'...
840.1864: supR3HardenedWinVerifyCacheProcessImportTodos: 'gdi32.dll' -> '\Device\HarddiskVolume3\Windows\System32\gdi32.dll' [rcNtRedir=0xc0150008]
840.1864: supR3HardenedWinVerifyCacheProcessImportTodos: Processing 'advapi32.dll'...
840.1864: supR3HardenedWinVerifyCacheProcessImportTodos: 'advapi32.dll' -> '\Device\HarddiskVolume3\Windows\System32\advapi32.dll' [rcNtRedir=0xc0150008]
840.1864: supR3HardenedScreenImage/Imports: cache hit (VINF_SUCCESS) on \Device\HarddiskVolume3\Windows\System32\advapi32.dll
840.1864: supR3HardenedMonitor_LdrLoadDll: returns rcNt=0x0 hMod=00007ffe0de90000 'C:\Windows\system32\rsaenh.dll'
840.1864: supR3HardenedMonitor_LdrLoadDll: returns rcNt=0x0 hMod=00007ffe0f6d0000 'C:\Windows\System32\crypt32.dll'
840.1864: supR3HardenedWinVerifyCacheScheduleImports: Import todo: #0 'msvcrt.dll'.
840.1864: supHardenedWinVerifyImageByHandle: -> 0 (\Device\HarddiskVolume3\Windows\System32\wtsapi32.dll) WinVerifyTrust
840.1864: supR3HardenedWinVerifyCacheInsert: \Device\HarddiskVolume3\Windows\System32\wtsapi32.dll
840.1864: supR3HardenedWinVerifyCacheProcessImportTodos: Processing 'winmm.dll'...
840.1864: supR3HardenedWinVerifyCacheProcessImportTodos: 'winmm.dll' -> '\Device\HarddiskVolume3\Windows\System32\winmm.dll' [rcNtRedir=0xc0150008]
840.1864: supR3HardenedScreenImage/Imports: cache hit (VINF_SUCCESS) on \Device\HarddiskVolume3\Windows\System32\winmm.dll
840.1864: supR3HardenedWinVerifyCacheProcessImportTodos: Processing 'user32.dll'...
840.1864: supR3HardenedWinVerifyCacheProcessImportTodos: 'user32.dll' -> '\Device\HarddiskVolume3\Windows\System32\user32.dll' [rcNtRedir=0xc0150008]
840.1864: supR3HardenedWinVerifyCacheProcessImportTodos: Processing 'shlwapi.dll'...
840.1864: supR3HardenedWinVerifyCacheProcessImportTodos: 'shlwapi.dll' -> '\Device\HarddiskVolume3\Windows\System32\shlwapi.dll' [rcNtRedir=0xc0150008]
840.1864: supR3HardenedScreenImage/Imports: cache hit (VINF_SUCCESS) on \Device\HarddiskVolume3\Windows\System32\shlwapi.dll
840.1864: supR3HardenedWinVerifyCacheProcessImportTodos: Processing 'shell32.dll'...
840.1864: supR3HardenedWinVerifyCacheProcessImportTodos: 'shell32.dll' -> '\Device\HarddiskVolume3\Windows\System32\shell32.dll' [rcNtRedir=0xc0150008]
840.1864: supR3HardenedScreenImage/Imports: cache hit (VINF_SUCCESS) on \Device\HarddiskVolume3\Windows\System32\shell32.dll
840.1864: supR3HardenedWinVerifyCacheProcessImportTodos: Processing 'setupapi.dll'...
840.1864: supR3HardenedWinVerifyCacheProcessImportTodos: 'setupapi.dll' -> '\Device\HarddiskVolume3\Windows\System32\setupapi.dll' [rcNtRedir=0xc0150008]
840.1864: supR3HardenedWinVerifyCacheProcessImportTodos: Processing 'msvcrt.dll'...
840.1864: supR3HardenedWinVerifyCacheProcessImportTodos: 'msvcrt.dll' -> '\Device\HarddiskVolume3\Windows\System32\msvcrt.dll' [rcNtRedir=0xc0150008]
840.1864: supR3HardenedMonitor_LdrLoadDll: returns rcNt=0x0 hMod=00007ffe0de90000 'C:\Windows\system32\rsaenh.dll'
840.1864: supR3HardenedMonitor_LdrLoadDll: returns rcNt=0x0 hMod=00007ffe0f6d0000 'C:\Windows\System32\crypt32.dll'
840.1864: supR3HardenedWinVerifyCacheScheduleImports: Import todo: #0 'msvcrt.dll'.
840.1864: supR3HardenedWinVerifyCacheScheduleImports: Import todo: #28 'rpcrt4.dll'.
840.1864: supR3HardenedWinVerifyCacheScheduleImports: Import todo: #35 'cfgmgr32.dll'.
840.1864: supR3HardenedWinVerifyCacheScheduleImports: Import todo: #41 'bcrypt.dll'.
840.1864: supHardenedWinVerifyImageByHandle: -> 0 (\Device\HarddiskVolume3\Windows\System32\setupapi.dll) WinVerifyTrust
840.1864: supR3HardenedWinVerifyCacheInsert: \Device\HarddiskVolume3\Windows\System32\setupapi.dll
840.1864: supR3HardenedWinVerifyCacheProcessImportTodos: Processing 'oleaut32.dll'...
840.1864: supR3HardenedWinVerifyCacheProcessImportTodos: 'oleaut32.dll' -> '\Device\HarddiskVolume3\Windows\System32\oleaut32.dll' [rcNtRedir=0xc0150008]
840.1864: supR3HardenedScreenImage/Imports: cache hit (VINF_SUCCESS) on \Device\HarddiskVolume3\Windows\System32\oleaut32.dll
840.1864: supR3HardenedWinVerifyCacheProcessImportTodos: Processing 'ole32.dll'...
840.1864: supR3HardenedWinVerifyCacheProcessImportTodos: 'ole32.dll' -> '\Device\HarddiskVolume3\Windows\System32\ole32.dll' [rcNtRedir=0xc0150008]
840.1864: supR3HardenedScreenImage/Imports: cache hit (VINF_SUCCESS) on \Device\HarddiskVolume3\Windows\System32\ole32.dll
840.1864: supR3HardenedWinVerifyCacheProcessImportTodos: Processing 'imm32.dll'...
840.1864: supR3HardenedWinVerifyCacheProcessImportTodos: 'imm32.dll' -> '\Device\HarddiskVolume3\Windows\System32\imm32.dll' [rcNtRedir=0xc0150008]
840.1864: supR3HardenedScreenImage/Imports: cache hit (VINF_SUCCESS) on \Device\HarddiskVolume3\Windows\System32\imm32.dll
840.1864: supR3HardenedWinVerifyCacheProcessImportTodos: Processing 'gdi32.dll'...
840.1864: supR3HardenedWinVerifyCacheProcessImportTodos: 'gdi32.dll' -> '\Device\HarddiskVolume3\Windows\System32\gdi32.dll' [rcNtRedir=0xc0150008]
840.1864: supR3HardenedWinVerifyCacheProcessImportTodos: Processing 'dwmapi.dll'...
840.1864: supR3HardenedWinVerifyCacheProcessImportTodos: 'dwmapi.dll' -> '\Device\HarddiskVolume3\Windows\System32\dwmapi.dll' [rcNtRedir=0xc0150008]
840.1864: supR3HardenedScreenImage/Imports: cache hit (VINF_SUCCESS) on \Device\HarddiskVolume3\Windows\System32\dwmapi.dll
840.1864: supR3HardenedWinVerifyCacheProcessImportTodos: Processing 'advapi32.dll'...
840.1864: supR3HardenedWinVerifyCacheProcessImportTodos: 'advapi32.dll' -> '\Device\HarddiskVolume3\Windows\System32\advapi32.dll' [rcNtRedir=0xc0150008]
840.1864: supR3HardenedScreenImage/Imports: cache hit (VINF_SUCCESS) on \Device\HarddiskVolume3\Windows\System32\advapi32.dll
840.1864: supR3HardenedWinVerifyCacheProcessImportTodos: Processing 'bcrypt.dll'...
840.1864: supR3HardenedWinVerifyCacheProcessImportTodos: 'bcrypt.dll' -> '\Device\HarddiskVolume3\Windows\System32\bcrypt.dll' [rcNtRedir=0xc0150008]
840.1864: supR3HardenedScreenImage/Imports: cache hit (VINF_SUCCESS) on \Device\HarddiskVolume3\Windows\System32\bcrypt.dll
840.1864: supR3HardenedWinVerifyCacheProcessImportTodos: Processing 'cfgmgr32.dll'...
840.1864: supR3HardenedWinVerifyCacheProcessImportTodos: 'cfgmgr32.dll' -> '\Device\HarddiskVolume3\Windows\System32\cfgmgr32.dll' [rcNtRedir=0xc0150008]
840.1864: supR3HardenedMonitor_LdrLoadDll: returns rcNt=0x0 hMod=00007ffe0de90000 'C:\Windows\system32\rsaenh.dll'
840.1864: supR3HardenedMonitor_LdrLoadDll: returns rcNt=0x0 hMod=00007ffe0f6d0000 'C:\Windows\System32\crypt32.dll'
840.1864: supHardenedWinVerifyImageByHandle: -> 0 (\Device\HarddiskVolume3\Windows\System32\cfgmgr32.dll) WinVerifyTrust
840.1864: supR3HardenedWinVerifyCacheInsert: \Device\HarddiskVolume3\Windows\System32\cfgmgr32.dll
840.1864: supR3HardenedWinVerifyCacheProcessImportTodos: Processing 'rpcrt4.dll'...
840.1864: supR3HardenedWinVerifyCacheProcessImportTodos: 'rpcrt4.dll' -> '\Device\HarddiskVolume3\Windows\System32\rpcrt4.dll' [rcNtRedir=0xc0150008]
840.1864: supR3HardenedWinVerifyCacheProcessImportTodos: Processing 'msvcrt.dll'...
840.1864: supR3HardenedWinVerifyCacheProcessImportTodos: 'msvcrt.dll' -> '\Device\HarddiskVolume3\Windows\System32\msvcrt.dll' [rcNtRedir=0xc0150008]
840.1864: supR3HardenedMonitor_LdrLoadDll: pName=C:\Program Files\Oracle\VirtualBox\platforms\qwindowsVBox.dll (rcNtResolve=0xc0150008) *pfFlags=0x0 pwszSearchPath=0000000000000001:<flags> [calling]
840.1864: supR3HardenedScreenImage/NtCreateSection: cache hit (VINF_SUCCESS) on \Device\HarddiskVolume3\Program Files\Oracle\VirtualBox\platforms\qwindowsVBox.dll
840.1864: supR3HardenedScreenImage/NtCreateSection: cache hit (VINF_SUCCESS) on \Device\HarddiskVolume3\Windows\System32\wtsapi32.dll
840.1864: supR3HardenedWinVerifyCacheScheduleImports: Import todo: #1 'advapi32.dll'.
840.1864: supR3HardenedWinVerifyCacheScheduleImports: Import todo: #2 'gdi32.dll'.
840.1864: supR3HardenedWinVerifyCacheScheduleImports: Import todo: #4 'user32.dll'.
840.1864: supHardenedWinVerifyImageByHandle: -> 0 (\Device\HarddiskVolume3\Windows\WinSxS\amd64_microsoft.windows.common-controls_6595b64144ccf1df_5.82.19041.4355_none_792ecafd2442822f\comctl32.dll)
840.1864: supR3HardenedWinVerifyCacheInsert: \Device\HarddiskVolume3\Windows\WinSxS\amd64_microsoft.windows.common-controls_6595b64144ccf1df_5.82.19041.4355_none_792ecafd2442822f\comctl32.dll
840.1864: supR3HardenedScreenImage/NtCreateSection: cache hit (VINF_SUCCESS) on \Device\HarddiskVolume3\Windows\System32\d3d9.dll
840.1864: supR3HardenedScreenImage/NtCreateSection: cache hit (VINF_SUCCESS) on \Device\HarddiskVolume3\Windows\System32\UIAutomationCore.dll
840.1864: supR3HardenedScreenImage/NtCreateSection: cache hit (VINF_SUCCESS) on \Device\HarddiskVolume3\Windows\System32\propsys.dll [avoiding WinVerifyTrust]
840.1864: supR3HardenedDllNotificationCallback: load   00007ffe0f430000 LB 0x0004e000 C:\Windows\System32\cfgmgr32.dll [fFlags=0x0]
840.1864: supR3HardenedScreenImage/LdrLoadDll: cache hit (VINF_SUCCESS) on \Device\HarddiskVolume3\Windows\System32\cfgmgr32.dll
840.1864: supR3HardenedDllNotificationCallback: load   00007ffe0fc00000 LB 0x0046e000 C:\Windows\System32\SETUPAPI.dll [fFlags=0x0]
840.1864: supR3HardenedScreenImage/LdrLoadDll: cache hit (VINF_SUCCESS) on \Device\HarddiskVolume3\Windows\System32\setupapi.dll
840.1864: supR3HardenedDllNotificationCallback: load   00007ffe096c0000 LB 0x00014000 C:\Windows\SYSTEM32\WTSAPI32.dll [fFlags=0x0]
840.1864: supR3HardenedScreenImage/LdrLoadDll: cache hit (VINF_SUCCESS) on \Device\HarddiskVolume3\Windows\System32\wtsapi32.dll
840.1864: supR3HardenedDllNotificationCallback: load   00007ffdee860000 LB 0x000b0000 C:\Windows\WinSxS\amd64_microsoft.windows.common-controls_6595b64144ccf1df_5.82.19041.4355_none_792ecafd2442822f\COMCTL32.dll [fFlags=0x0]
840.1864: supR3HardenedScreenImage/LdrLoadDll: cache hit (VINF_SUCCESS) on \Device\HarddiskVolume3\Windows\WinSxS\amd64_microsoft.windows.common-controls_6595b64144ccf1df_5.82.19041.4355_none_792ecafd2442822f\comctl32.dll [avoiding WinVerifyTrust]
840.1864: supR3HardenedDllNotificationCallback: load   00007ffe0fb20000 LB 0x000da000 C:\Windows\System32\COMDLG32.dll [fFlags=0x0]
840.1864: supR3HardenedScreenImage/LdrLoadDll: cache hit (VINF_SUCCESS) on \Device\HarddiskVolume3\Windows\System32\comdlg32.dll
840.1864: supR3HardenedDllNotificationCallback: load   00007ffddf720000 LB 0x001d1000 C:\Windows\SYSTEM32\d3d9.dll [fFlags=0x0]
840.1864: supR3HardenedScreenImage/LdrLoadDll: cache hit (VINF_SUCCESS) on \Device\HarddiskVolume3\Windows\System32\d3d9.dll
840.1864: supR3HardenedDllNotificationCallback: load   00007ffe0bb20000 LB 0x000f6000 C:\Windows\SYSTEM32\PROPSYS.dll [fFlags=0x0]
840.1864: supR3HardenedScreenImage/LdrLoadDll: cache hit (VINF_SUCCESS) on \Device\HarddiskVolume3\Windows\System32\propsys.dll [avoiding WinVerifyTrust]
840.1864: supR3HardenedDllNotificationCallback: load   00007ffde5460000 LB 0x002f5000 C:\Windows\SYSTEM32\UIAutomationCore.DLL [fFlags=0x0]
840.1864: supR3HardenedScreenImage/LdrLoadDll: cache hit (VINF_SUCCESS) on \Device\HarddiskVolume3\Windows\System32\UIAutomationCore.dll
840.1864: supR3HardenedDllNotificationCallback: load   00007ffdd7980000 LB 0x000db000 C:\Program Files\Oracle\VirtualBox\platforms\qwindowsVBox.dll [fFlags=0x0]
840.1864: supR3HardenedScreenImage/LdrLoadDll: cache hit (VINF_SUCCESS) on \Device\HarddiskVolume3\Program Files\Oracle\VirtualBox\platforms\qwindowsVBox.dll
840.1864: Detected loader lock ownership: rc=VINF_SUCCESS '\Device\HarddiskVolume3\Windows\WinSxS\amd64_microsoft.windows.common-controls_6595b64144ccf1df_5.82.19041.4355_none_792ecafd2442822f\comctl32.dll'.
840.1864: supR3HardenedWinVerifyCacheProcessWvtTodos: 0 (was 0) fWinVerifyTrust=0 for '\Device\HarddiskVolume3\Windows\WinSxS\amd64_microsoft.windows.common-controls_6595b64144ccf1df_5.82.19041.4355_none_792ecafd2442822f\comctl32.dll' [rescheduled]
840.1864: Detected loader lock ownership: rc=VINF_SUCCESS '\Device\HarddiskVolume3\Windows\System32\comctl32.dll'.
840.1864: supR3HardenedWinVerifyCacheProcessWvtTodos: 0 (was 0) fWinVerifyTrust=0 for '\Device\HarddiskVolume3\Windows\System32\comctl32.dll' [rescheduled]
840.1864: Detected loader lock ownership: rc=VINF_SUCCESS '\Device\HarddiskVolume3\Windows\System32\propsys.dll'.
840.1864: supR3HardenedWinVerifyCacheProcessWvtTodos: 0 (was 0) fWinVerifyTrust=0 for '\Device\HarddiskVolume3\Windows\System32\propsys.dll' [rescheduled]
840.1864: supR3HardenedScreenImage/LdrLoadDll: cache hit (VINF_SUCCESS) on \Device\HarddiskVolume3\Windows\System32\imm32.dll
840.1864: supR3HardenedWinVerifyCacheProcessImportTodos: Processing 'user32.dll'...
840.1864: supR3HardenedWinVerifyCacheProcessImportTodos: 'user32.dll' -> '\Device\HarddiskVolume3\Windows\System32\user32.dll' [rcNtRedir=0xc0150008]
840.1864: supR3HardenedScreenImage/Imports: cache hit (VINF_SUCCESS) on \Device\HarddiskVolume3\Windows\System32\user32.dll
840.1864: supR3HardenedWinVerifyCacheProcessImportTodos: Processing 'gdi32.dll'...
840.1864: supR3HardenedWinVerifyCacheProcessImportTodos: 'gdi32.dll' -> '\Device\HarddiskVolume3\Windows\System32\gdi32.dll' [rcNtRedir=0xc0150008]
840.1864: supR3HardenedScreenImage/Imports: cache hit (VINF_SUCCESS) on \Device\HarddiskVolume3\Windows\System32\gdi32.dll
840.1864: supR3HardenedWinVerifyCacheProcessImportTodos: Processing 'advapi32.dll'...
840.1864: supR3HardenedWinVerifyCacheProcessImportTodos: 'advapi32.dll' -> '\Device\HarddiskVolume3\Windows\System32\advapi32.dll' [rcNtRedir=0xc0150008]
840.1864: supR3HardenedScreenImage/Imports: cache hit (VINF_SUCCESS) on \Device\HarddiskVolume3\Windows\System32\advapi32.dll
840.1864: supR3HardenedMonitor_LdrLoadDll: pName=C:\Windows\System32\imm32.dll (Input=imm32.dll, rcNtResolve=0xc0150008) *pfFlags=0x0 pwszSearchPath=0000000000000001:<flags> [calling]
840.1864: supR3HardenedMonitor_LdrLoadDll: returns rcNt=0x0 hMod=00007ffe11500000 'C:\Windows\System32\imm32.dll'
840.1864: Detected loader lock ownership: rc=VINF_SUCCESS '\Device\HarddiskVolume3\Windows\WinSxS\amd64_microsoft.windows.common-controls_6595b64144ccf1df_5.82.19041.4355_none_792ecafd2442822f\comctl32.dll'.
840.1864: supR3HardenedWinVerifyCacheProcessWvtTodos: 0 (was 0) fWinVerifyTrust=0 for '\Device\HarddiskVolume3\Windows\WinSxS\amd64_microsoft.windows.common-controls_6595b64144ccf1df_5.82.19041.4355_none_792ecafd2442822f\comctl32.dll' [rescheduled]
840.1864: Detected loader lock ownership: rc=VINF_SUCCESS '\Device\HarddiskVolume3\Windows\System32\comctl32.dll'.
840.1864: supR3HardenedWinVerifyCacheProcessWvtTodos: 0 (was 0) fWinVerifyTrust=0 for '\Device\HarddiskVolume3\Windows\System32\comctl32.dll' [rescheduled]
840.1864: Detected loader lock ownership: rc=VINF_SUCCESS '\Device\HarddiskVolume3\Windows\System32\propsys.dll'.
840.1864: supR3HardenedWinVerifyCacheProcessWvtTodos: 0 (was 0) fWinVerifyTrust=0 for '\Device\HarddiskVolume3\Windows\System32\propsys.dll' [rescheduled]
840.1864: supR3HardenedMonitor_LdrLoadDll: returns rcNt=0x0 hMod=00007ffdd7980000 'C:\Program Files\Oracle\VirtualBox\platforms\qwindowsVBox.dll'
840.1864: supR3HardenedMonitor_LdrLoadDll: returns rcNt=0x0 hMod=00007ffe0de90000 'C:\Windows\system32\rsaenh.dll'
840.1864: supR3HardenedMonitor_LdrLoadDll: returns rcNt=0x0 hMod=00007ffe0f6d0000 'C:\Windows\System32\crypt32.dll'
840.1864: supR3HardenedWinVerifyCacheProcessWvtTodos: 0 (was 0) fWinVerifyTrust=1 for '\Device\HarddiskVolume3\Windows\WinSxS\amd64_microsoft.windows.common-controls_6595b64144ccf1df_5.82.19041.4355_none_792ecafd2442822f\comctl32.dll'
840.1864: supR3HardenedMonitor_LdrLoadDll: returns rcNt=0x0 hMod=00007ffe0de90000 'C:\Windows\system32\rsaenh.dll'
840.1864: supR3HardenedMonitor_LdrLoadDll: returns rcNt=0x0 hMod=00007ffe0f6d0000 'C:\Windows\System32\crypt32.dll'
840.1864: supR3HardenedWinVerifyCacheProcessWvtTodos: 0 (was 0) fWinVerifyTrust=1 for '\Device\HarddiskVolume3\Windows\System32\comctl32.dll'
840.1864: supR3HardenedMonitor_LdrLoadDll: returns rcNt=0x0 hMod=00007ffe0de90000 'C:\Windows\system32\rsaenh.dll'
840.1864: supR3HardenedMonitor_LdrLoadDll: returns rcNt=0x0 hMod=00007ffe0f6d0000 'C:\Windows\System32\crypt32.dll'
840.1864: supR3HardenedWinVerifyCacheProcessWvtTodos: 0 (was 0) fWinVerifyTrust=1 for '\Device\HarddiskVolume3\Windows\System32\propsys.dll'
840.1864: supR3HardenedScreenImage/LdrLoadDll: cache hit (VINF_SUCCESS) on \Device\HarddiskVolume3\Windows\System32\uxtheme.dll
840.1864: supR3HardenedMonitor_LdrLoadDll: pName=C:\Windows\system32\uxtheme.dll (rcNtResolve=0xc0150008) *pfFlags=0x0 pwszSearchPath=0000000000000009:<flags> [calling]
840.1864: supR3HardenedMonitor_LdrLoadDll: returns rcNt=0x0 hMod=00007ffe0c590000 'C:\Windows\system32\uxtheme.dll'
840.1864: supR3HardenedWinVerifyCacheScheduleImports: Import todo: #12 'rpcrt4.dll'.
840.1864: supHardenedWinVerifyImageByHandle: -> 0 (\Device\HarddiskVolume3\Windows\System32\powrprof.dll)
840.1864: supR3HardenedWinVerifyCacheInsert: \Device\HarddiskVolume3\Windows\System32\powrprof.dll
840.1864: supR3HardenedDllNotificationCallback: load   00007ffe0e8c0000 LB 0x0004b000 C:\Windows\SYSTEM32\powrprof.dll [fFlags=0x0]
840.1864: supR3HardenedScreenImage/LdrLoadDll: cache hit (VINF_SUCCESS) on \Device\HarddiskVolume3\Windows\System32\powrprof.dll [avoiding WinVerifyTrust]
840.1864: supHardenedWinVerifyImageByHandle: -> 0 (\Device\HarddiskVolume3\Windows\System32\umpdc.dll)
840.1864: supR3HardenedWinVerifyCacheInsert: \Device\HarddiskVolume3\Windows\System32\umpdc.dll
840.1864: supR3HardenedDllNotificationCallback: load   00007ffe0e870000 LB 0x00012000 C:\Windows\SYSTEM32\UMPDC.dll [fFlags=0x0]
840.1864: supR3HardenedScreenImage/LdrLoadDll: cache hit (VINF_SUCCESS) on \Device\HarddiskVolume3\Windows\System32\umpdc.dll [avoiding WinVerifyTrust]
840.1864: supR3HardenedDllNotificationCallback: load   00007ffe10ea0000 LB 0x00115000 C:\Windows\System32\MSCTF.dll [fFlags=0x0]
840.1864: supR3HardenedWinVerifyCacheScheduleImports: Import todo: #0 'msvcrt.dll'.
840.1864: supR3HardenedWinVerifyCacheScheduleImports: Import todo: #10 'oleaut32.dll'.
840.1864: supR3HardenedWinVerifyCacheScheduleImports: Import todo: #37 'user32.dll'.
840.1864: supR3HardenedWinVerifyCacheScheduleImports: Import todo: #38 'gdi32.dll'.
840.1864: supR3HardenedWinVerifyCacheScheduleImports: Import todo: #39 'imm32.dll'.
840.1864: supHardenedWinVerifyImageByHandle: -> 0 (\Device\HarddiskVolume3\Windows\System32\msctf.dll)
840.1864: supR3HardenedWinVerifyCacheInsert: \Device\HarddiskVolume3\Windows\System32\msctf.dll
840.1864: supR3HardenedWinVerifyCacheScheduleImports: Import todo: #18 'cfgmgr32.dll'.
840.1864: supHardenedWinVerifyImageByHandle: -> 0 (\Device\HarddiskVolume3\Windows\System32\devobj.dll)
840.1864: supR3HardenedWinVerifyCacheInsert: \Device\HarddiskVolume3\Windows\System32\devobj.dll
840.1864: supR3HardenedDllNotificationCallback: load   00007ffe0ec60000 LB 0x00033000 C:\Windows\SYSTEM32\DEVOBJ.dll [fFlags=0x0]
840.1864: supR3HardenedScreenImage/LdrLoadDll: cache hit (VINF_SUCCESS) on \Device\HarddiskVolume3\Windows\System32\devobj.dll [avoiding WinVerifyTrust]
840.1864: supR3HardenedWinVerifyCacheProcessImportTodos: Processing 'cfgmgr32.dll'...
840.1864: supR3HardenedWinVerifyCacheProcessImportTodos: 'cfgmgr32.dll' -> '\Device\HarddiskVolume3\Windows\System32\cfgmgr32.dll' [rcNtRedir=0xc0150008]
840.1864: supR3HardenedScreenImage/Imports: cache hit (VINF_SUCCESS) on \Device\HarddiskVolume3\Windows\System32\cfgmgr32.dll
840.1864: supR3HardenedWinVerifyCacheProcessImportTodos: Processing 'imm32.dll'...
840.1864: supR3HardenedWinVerifyCacheProcessImportTodos: 'imm32.dll' -> '\Device\HarddiskVolume3\Windows\System32\imm32.dll' [rcNtRedir=0xc0150008]
840.1864: supR3HardenedScreenImage/Imports: cache hit (VINF_SUCCESS) on \Device\HarddiskVolume3\Windows\System32\imm32.dll
840.1864: supR3HardenedWinVerifyCacheProcessImportTodos: Processing 'gdi32.dll'...
840.1864: supR3HardenedWinVerifyCacheProcessImportTodos: 'gdi32.dll' -> '\Device\HarddiskVolume3\Windows\System32\gdi32.dll' [rcNtRedir=0xc0150008]
840.1864: supR3HardenedWinVerifyCacheProcessImportTodos: Processing 'user32.dll'...
840.1864: supR3HardenedWinVerifyCacheProcessImportTodos: 'user32.dll' -> '\Device\HarddiskVolume3\Windows\System32\user32.dll' [rcNtRedir=0xc0150008]
840.1864: supR3HardenedWinVerifyCacheProcessImportTodos: Processing 'oleaut32.dll'...
840.1864: supR3HardenedWinVerifyCacheProcessImportTodos: 'oleaut32.dll' -> '\Device\HarddiskVolume3\Windows\System32\oleaut32.dll' [rcNtRedir=0xc0150008]
840.1864: supR3HardenedScreenImage/Imports: cache hit (VINF_SUCCESS) on \Device\HarddiskVolume3\Windows\System32\oleaut32.dll
840.1864: supR3HardenedWinVerifyCacheProcessImportTodos: Processing 'msvcrt.dll'...
840.1864: supR3HardenedWinVerifyCacheProcessImportTodos: 'msvcrt.dll' -> '\Device\HarddiskVolume3\Windows\System32\msvcrt.dll' [rcNtRedir=0xc0150008]
840.1864: supR3HardenedWinVerifyCacheProcessImportTodos: Processing 'rpcrt4.dll'...
840.1864: supR3HardenedWinVerifyCacheProcessImportTodos: 'rpcrt4.dll' -> '\Device\HarddiskVolume3\Windows\System32\rpcrt4.dll' [rcNtRedir=0xc0150008]
840.1864: supR3HardenedMonitor_LdrLoadDll: returns rcNt=0x0 hMod=00007ffe0de90000 'C:\Windows\system32\rsaenh.dll'
840.1864: supR3HardenedMonitor_LdrLoadDll: returns rcNt=0x0 hMod=00007ffe0f6d0000 'C:\Windows\System32\crypt32.dll'
840.1864: supR3HardenedWinVerifyCacheProcessWvtTodos: 0 (was 0) fWinVerifyTrust=1 for '\Device\HarddiskVolume3\Windows\System32\devobj.dll'
840.1864: supR3HardenedMonitor_LdrLoadDll: returns rcNt=0x0 hMod=00007ffe0de90000 'C:\Windows\system32\rsaenh.dll'
840.1864: supR3HardenedMonitor_LdrLoadDll: returns rcNt=0x0 hMod=00007ffe0f6d0000 'C:\Windows\System32\crypt32.dll'
840.1864: supR3HardenedWinVerifyCacheProcessWvtTodos: 0 (was 0) fWinVerifyTrust=1 for '\Device\HarddiskVolume3\Windows\System32\msctf.dll'
840.1864: supR3HardenedMonitor_LdrLoadDll: returns rcNt=0x0 hMod=00007ffe0de90000 'C:\Windows\system32\rsaenh.dll'
840.1864: supR3HardenedMonitor_LdrLoadDll: returns rcNt=0x0 hMod=00007ffe0f6d0000 'C:\Windows\System32\crypt32.dll'
840.1864: supR3HardenedWinVerifyCacheProcessWvtTodos: 0 (was 0) fWinVerifyTrust=1 for '\Device\HarddiskVolume3\Windows\System32\umpdc.dll'
840.1864: supR3HardenedMonitor_LdrLoadDll: returns rcNt=0x0 hMod=00007ffe0de90000 'C:\Windows\system32\rsaenh.dll'
840.1864: supR3HardenedMonitor_LdrLoadDll: returns rcNt=0x0 hMod=00007ffe0f6d0000 'C:\Windows\System32\crypt32.dll'
840.1864: supR3HardenedWinVerifyCacheProcessWvtTodos: 0 (was 0) fWinVerifyTrust=1 for '\Device\HarddiskVolume3\Windows\System32\powrprof.dll'
840.1864: supR3HardenedMonitor_LdrLoadDll: returns rcNt=0x0 hMod=00007ffe0de90000 'C:\Windows\system32\rsaenh.dll'
840.1864: supR3HardenedMonitor_LdrLoadDll: returns rcNt=0x0 hMod=00007ffe0f6d0000 'C:\Windows\System32\crypt32.dll'
840.1864: supR3HardenedWinVerifyCacheScheduleImports: Import todo: #0 'gdi32.dll'.
840.1864: supR3HardenedWinVerifyCacheScheduleImports: Import todo: #1 'user32.dll'.
840.1864: supR3HardenedWinVerifyCacheScheduleImports: Import todo: #2 'uxtheme.dll'.
840.1864: supR3HardenedWinVerifyCacheScheduleImports: Import todo: #3 'qt6widgetsvbox.dll'.
840.1864: supR3HardenedWinVerifyCacheScheduleImports: Import todo: #4 'qt6guivbox.dll'.
840.1864: supR3HardenedWinVerifyCacheScheduleImports: Import todo: #5 'qt6corevbox.dll'.
840.1864: supR3HardenedWinVerifyCacheScheduleImports: Import todo: #7 'msvcp140.dll'.
840.1864: supR3HardenedWinVerifyCacheScheduleImports: Import todo: #8 'vcruntime140.dll'.
840.1864: supHardenedWinVerifyImageByHandle: -> 0 (\Device\HarddiskVolume3\Program Files\Oracle\VirtualBox\styles\qmodernwindowsstyleVBox.dll) WinVerifyTrust
840.1864: supR3HardenedWinVerifyCacheInsert: \Device\HarddiskVolume3\Program Files\Oracle\VirtualBox\styles\qmodernwindowsstyleVBox.dll
840.1864: supR3HardenedWinVerifyCacheProcessImportTodos: Processing 'vcruntime140.dll'...
840.1864: supR3HardenedWinVerifyCacheProcessImportTodos: 'vcruntime140.dll' -> '\Device\HarddiskVolume3\Windows\System32\vcruntime140.dll' [rcNtRedir=0xc0150008]
840.1864: supR3HardenedWinVerifyCacheProcessImportTodos: Processing 'msvcp140.dll'...
840.1864: supR3HardenedWinVerifyCacheProcessImportTodos: 'msvcp140.dll' -> '\Device\HarddiskVolume3\Windows\System32\msvcp140.dll' [rcNtRedir=0xc0150008]
840.1864: supR3HardenedWinVerifyCacheProcessImportTodos: Processing 'qt6corevbox.dll'...
840.1864: supR3HardenedWinVerifyCacheProcessImportTodos: 'qt6corevbox.dll' -> '\Device\HarddiskVolume3\Program Files\Oracle\VirtualBox\qt6corevbox.dll' [rcNtRedir=0xc0150008]
840.1864: supR3HardenedWinVerifyCacheProcessImportTodos: Processing 'qt6guivbox.dll'...
840.1864: supR3HardenedWinVerifyCacheProcessImportTodos: 'qt6guivbox.dll' -> '\Device\HarddiskVolume3\Program Files\Oracle\VirtualBox\qt6guivbox.dll' [rcNtRedir=0xc0150008]
840.1864: supR3HardenedScreenImage/Imports: cache hit (VINF_SUCCESS) on \Device\HarddiskVolume3\Program Files\Oracle\VirtualBox\Qt6GuiVBox.dll
840.1864: supR3HardenedWinVerifyCacheProcessImportTodos: Processing 'qt6widgetsvbox.dll'...
840.1864: supR3HardenedWinVerifyCacheProcessImportTodos: 'qt6widgetsvbox.dll' -> '\Device\HarddiskVolume3\Program Files\Oracle\VirtualBox\qt6widgetsvbox.dll' [rcNtRedir=0xc0150008]
840.1864: supR3HardenedScreenImage/Imports: cache hit (VINF_SUCCESS) on \Device\HarddiskVolume3\Program Files\Oracle\VirtualBox\Qt6WidgetsVBox.dll
840.1864: supR3HardenedWinVerifyCacheProcessImportTodos: Processing 'uxtheme.dll'...
840.1864: supR3HardenedWinVerifyCacheProcessImportTodos: 'uxtheme.dll' -> '\Device\HarddiskVolume3\Windows\System32\uxtheme.dll' [rcNtRedir=0xc0150008]
840.1864: supR3HardenedScreenImage/Imports: cache hit (VINF_SUCCESS) on \Device\HarddiskVolume3\Windows\System32\uxtheme.dll
840.1864: supR3HardenedWinVerifyCacheProcessImportTodos: Processing 'user32.dll'...
840.1864: supR3HardenedWinVerifyCacheProcessImportTodos: 'user32.dll' -> '\Device\HarddiskVolume3\Windows\System32\user32.dll' [rcNtRedir=0xc0150008]
840.1864: supR3HardenedWinVerifyCacheProcessImportTodos: Processing 'gdi32.dll'...
840.1864: supR3HardenedWinVerifyCacheProcessImportTodos: 'gdi32.dll' -> '\Device\HarddiskVolume3\Windows\System32\gdi32.dll' [rcNtRedir=0xc0150008]
840.1864: supR3HardenedMonitor_LdrLoadDll: pName=C:\Program Files\Oracle\VirtualBox\styles\qmodernwindowsstyleVBox.dll (rcNtResolve=0xc0150008) *pfFlags=0x0 pwszSearchPath=0000000000000001:<flags> [calling]
840.1864: supR3HardenedScreenImage/NtCreateSection: cache hit (VINF_SUCCESS) on \Device\HarddiskVolume3\Program Files\Oracle\VirtualBox\styles\qmodernwindowsstyleVBox.dll
840.1864: supR3HardenedDllNotificationCallback: load   00007ffdf21c0000 LB 0x00036000 C:\Program Files\Oracle\VirtualBox\styles\qmodernwindowsstyleVBox.dll [fFlags=0x0]
840.1864: supR3HardenedScreenImage/LdrLoadDll: cache hit (VINF_SUCCESS) on \Device\HarddiskVolume3\Program Files\Oracle\VirtualBox\styles\qmodernwindowsstyleVBox.dll
840.1864: supR3HardenedMonitor_LdrLoadDll: returns rcNt=0x0 hMod=00007ffdf21c0000 'C:\Program Files\Oracle\VirtualBox\styles\qmodernwindowsstyleVBox.dll'
840.1864: '\Device\HarddiskVolume3\Windows\System32\imageres.dll' has no imports
840.1864: supHardenedWinVerifyImageByHandle: -> 22900 (\Device\HarddiskVolume3\Windows\System32\imageres.dll)
840.1864: supR3HardenedWinVerifyCacheInsert: \Device\HarddiskVolume3\Windows\System32\imageres.dll
840.1864: supR3HardenedMonitor_NtCreateSection: NtMapViewOfSection failed on 0000000000000768 (hFile=0000000000000728) with 0xc0000022 -> STATUS_TRUST_FAILURE
840.1864: supR3HardenedScreenImage/NtCreateSection: cache hit (22900) on \Device\HarddiskVolume3\Windows\System32\imageres.dll [avoiding WinVerifyTrust]
840.1864: supR3HardenedMonitor_NtCreateSection: NtMapViewOfSection failed on 0000000000000728 (hFile=0000000000000768) with 0xc0000022 -> STATUS_TRUST_FAILURE
840.1864: supR3HardenedScreenImage/NtCreateSection: cache hit (22900) on \Device\HarddiskVolume3\Windows\System32\imageres.dll [avoiding WinVerifyTrust]
840.1864: supR3HardenedMonitor_NtCreateSection: NtMapViewOfSection failed on 0000000000000768 (hFile=0000000000000728) with 0xc0000022 -> STATUS_TRUST_FAILURE
840.1864: supR3HardenedScreenImage/NtCreateSection: cache hit (22900) on \Device\HarddiskVolume3\Windows\System32\imageres.dll [avoiding WinVerifyTrust]
840.1864: supR3HardenedMonitor_NtCreateSection: NtMapViewOfSection failed on 0000000000000728 (hFile=0000000000000768) with 0xc0000022 -> STATUS_TRUST_FAILURE
840.1864: supR3HardNtViCallWinVerifyTrustCatFile: hFile=000000000000075c pwszName=\Device\HarddiskVolume3\Windows\System32\imageres.dll
840.1864: supR3HardNtViCallWinVerifyTrustCatFile: Cached context 000002816d69e790
840.1864: supR3HardNtViCallWinVerifyTrustCatFile: hCatAdmin=000002816d69e790
840.1864: supR3HardNtViCallWinVerifyTrustCatFile: cbHash=20 wszDigest=C3DD8D3EA28A1AC7983C8F37CA6D3AAA7BCBC88D
840.1864: supR3HardenedMonitor_LdrLoadDll: returns rcNt=0x0 hMod=00007ffe0de90000 'C:\Windows\system32\rsaenh.dll'
840.1864: supR3HardenedMonitor_LdrLoadDll: returns rcNt=0x0 hMod=00007ffe0f6d0000 'C:\Windows\System32\crypt32.dll'
840.1864: supR3HardNtViCallWinVerifyTrustCatFile: WinVerifyTrust => 0x0; cat='C:\Windows\system32\CatRoot\{F750E6C3-38EE-11D1-85E5-00C04FC295EE}\Microsoft-Windows-Client-Desktop-Required-Package04~31bf3856ad364e35~amd64~~10.0.19041.5131.cat'; file='\Device\HarddiskVolume3\Windows\System32\imageres.dll'
840.1864: supR3HardNtViCallWinVerifyTrustCatFile -> 0 (org 22900)
840.1864: supR3HardenedWinVerifyCacheProcessWvtTodos: 0 (was 22900) fWinVerifyTrust=1 for '\Device\HarddiskVolume3\Windows\System32\imageres.dll'
840.1864: supR3HardNtViCallWinVerifyTrustCatFile: hFile=00000000000007c8 pwszName=\Device\HarddiskVolume3\Windows\System32\IconCodecService.dll
840.1864: supR3HardNtViCallWinVerifyTrustCatFile: Cached context 000002816d69e790
840.1864: supR3HardNtViCallWinVerifyTrustCatFile: hCatAdmin=000002816d69e790
840.1864: supR3HardNtViCallWinVerifyTrustCatFile: cbHash=20 wszDigest=7B2FF1B43A1A2F6E33352EBF03B1648FBDF2CE26
840.1864: supR3HardenedMonitor_LdrLoadDll: returns rcNt=0x0 hMod=00007ffe0de90000 'C:\Windows\system32\rsaenh.dll'
840.1864: supR3HardenedMonitor_LdrLoadDll: returns rcNt=0x0 hMod=00007ffe0f6d0000 'C:\Windows\System32\crypt32.dll'
840.1864: supR3HardNtViCallWinVerifyTrustCatFile: WinVerifyTrust => 0x0; cat='C:\Windows\system32\CatRoot\{F750E6C3-38EE-11D1-85E5-00C04FC295EE}\Microsoft-Windows-Client-Desktop-Required-Package0518~31bf3856ad364e35~amd64~~10.0.19041.5129.cat'; file='\Device\HarddiskVolume3\Windows\System32\IconCodecService.dll'
840.1864: supR3HardNtViCallWinVerifyTrustCatFile -> 0 (org 22900)
840.1864: supR3HardenedWinVerifyCacheScheduleImports: Import todo: #0 'msvcrt.dll'.
840.1864: supR3HardenedWinVerifyCacheScheduleImports: Import todo: #2 'user32.dll'.
840.1864: supHardenedWinVerifyImageByHandle: -> 0 (\Device\HarddiskVolume3\Windows\System32\IconCodecService.dll) WinVerifyTrust
840.1864: supR3HardenedWinVerifyCacheInsert: \Device\HarddiskVolume3\Windows\System32\IconCodecService.dll
840.1864: supR3HardenedWinVerifyCacheProcessImportTodos: Processing 'user32.dll'...
840.1864: supR3HardenedWinVerifyCacheProcessImportTodos: 'user32.dll' -> '\Device\HarddiskVolume3\Windows\System32\user32.dll' [rcNtRedir=0xc0150008]
840.1864: supR3HardenedWinVerifyCacheProcessImportTodos: Processing 'msvcrt.dll'...
840.1864: supR3HardenedWinVerifyCacheProcessImportTodos: 'msvcrt.dll' -> '\Device\HarddiskVolume3\Windows\System32\msvcrt.dll' [rcNtRedir=0xc0150008]
840.1864: supR3HardenedMonitor_LdrLoadDll: pName=C:\Windows\system32\IconCodecService.dll (rcNtResolve=0xc0150008) *pfFlags=0x0 pwszSearchPath=0000000000000001:<flags> [calling]
840.1864: supR3HardenedScreenImage/NtCreateSection: cache hit (VINF_SUCCESS) on \Device\HarddiskVolume3\Windows\System32\IconCodecService.dll
840.1864: supR3HardenedDllNotificationCallback: load   00007ffe08d20000 LB 0x00009000 C:\Windows\system32\IconCodecService.dll [fFlags=0x0]
840.1864: supR3HardenedScreenImage/LdrLoadDll: cache hit (VINF_SUCCESS) on \Device\HarddiskVolume3\Windows\System32\IconCodecService.dll
840.1864: supR3HardenedMonitor_LdrLoadDll: returns rcNt=0x0 hMod=00007ffe08d20000 'C:\Windows\system32\IconCodecService.dll'
840.1864: supR3HardenedWinVerifyCacheScheduleImports: Import todo: #0 'msvcrt.dll'.
840.1864: supR3HardenedWinVerifyCacheScheduleImports: Import todo: #1 'oleaut32.dll'.
840.1864: supR3HardenedWinVerifyCacheScheduleImports: Import todo: #3 'rpcrt4.dll'.
840.1864: supR3HardenedWinVerifyCacheScheduleImports: Import todo: #25 'bcrypt.dll'.
840.1864: supHardenedWinVerifyImageByHandle: -> 0 (\Device\HarddiskVolume3\Windows\System32\WindowsCodecs.dll)
840.1864: supR3HardenedWinVerifyCacheInsert: \Device\HarddiskVolume3\Windows\System32\WindowsCodecs.dll
840.1864: supR3HardenedDllNotificationCallback: load   00007ffe0c390000 LB 0x001b4000 C:\Windows\SYSTEM32\WindowsCodecs.dll [fFlags=0x0]
840.1864: supR3HardenedScreenImage/LdrLoadDll: cache hit (VINF_SUCCESS) on \Device\HarddiskVolume3\Windows\System32\WindowsCodecs.dll [avoiding WinVerifyTrust]
840.1864: supR3HardenedScreenImage/NtCreateSection: cache hit (VINF_SUCCESS) on \Device\HarddiskVolume3\Windows\System32\imageres.dll
840.1864: supR3HardenedMonitor_NtCreateSection: NtMapViewOfSection failed on 0000000000000758 (hFile=0000000000000794) with 0xc0000022 -> STATUS_TRUST_FAILURE
840.1864: supR3HardenedScreenImage/NtCreateSection: cache hit (VINF_SUCCESS) on \Device\HarddiskVolume3\Windows\System32\imageres.dll
840.1864: supR3HardenedMonitor_NtCreateSection: NtMapViewOfSection failed on 0000000000000794 (hFile=0000000000000758) with 0xc0000022 -> STATUS_TRUST_FAILURE
840.1864: supR3HardenedScreenImage/NtCreateSection: cache hit (VINF_SUCCESS) on \Device\HarddiskVolume3\Windows\System32\imageres.dll
840.1864: supR3HardenedMonitor_NtCreateSection: NtMapViewOfSection failed on 0000000000000758 (hFile=0000000000000794) with 0xc0000022 -> STATUS_TRUST_FAILURE
840.1864: supR3HardenedScreenImage/NtCreateSection: cache hit (VINF_SUCCESS) on \Device\HarddiskVolume3\Windows\System32\imageres.dll
840.1864: supR3HardenedMonitor_NtCreateSection: NtMapViewOfSection failed on 0000000000000794 (hFile=0000000000000758) with 0xc0000022 -> STATUS_TRUST_FAILURE
840.1864: supR3HardenedDllNotificationCallback: load   00007ffe0fa70000 LB 0x000a9000 C:\Windows\System32\clbcatq.dll [fFlags=0x0]
840.1864: supR3HardenedWinVerifyCacheScheduleImports: Import todo: #0 'msvcrt.dll'.
840.1864: supR3HardenedWinVerifyCacheScheduleImports: Import todo: #30 'rpcrt4.dll'.
840.1864: supHardenedWinVerifyImageByHandle: -> 0 (\Device\HarddiskVolume3\Windows\System32\clbcatq.dll)
840.1864: supR3HardenedWinVerifyCacheInsert: \Device\HarddiskVolume3\Windows\System32\clbcatq.dll
840.48c: supR3HardenedWinVerifyCacheProcessImportTodos: Processing 'rpcrt4.dll'...
840.48c: supR3HardenedWinVerifyCacheProcessImportTodos: 'rpcrt4.dll' -> '\Device\HarddiskVolume3\Windows\System32\rpcrt4.dll' [rcNtRedir=0xc0150008]
840.48c: supR3HardenedWinVerifyCacheProcessImportTodos: Processing 'msvcrt.dll'...
840.48c: supR3HardenedWinVerifyCacheProcessImportTodos: 'msvcrt.dll' -> '\Device\HarddiskVolume3\Windows\System32\msvcrt.dll' [rcNtRedir=0xc0150008]
840.48c: supR3HardenedWinVerifyCacheProcessImportTodos: Processing 'bcrypt.dll'...
840.48c: supR3HardenedWinVerifyCacheProcessImportTodos: 'bcrypt.dll' -> '\Device\HarddiskVolume3\Windows\System32\bcrypt.dll' [rcNtRedir=0xc0150008]
840.48c: supR3HardenedScreenImage/Imports: cache hit (VINF_SUCCESS) on \Device\HarddiskVolume3\Windows\System32\bcrypt.dll
840.48c: supR3HardenedWinVerifyCacheProcessImportTodos: Processing 'rpcrt4.dll'...
840.48c: supR3HardenedWinVerifyCacheProcessImportTodos: 'rpcrt4.dll' -> '\Device\HarddiskVolume3\Windows\System32\rpcrt4.dll' [rcNtRedir=0xc0150008]
840.48c: supR3HardenedWinVerifyCacheProcessImportTodos: Processing 'oleaut32.dll'...
840.48c: supR3HardenedWinVerifyCacheProcessImportTodos: 'oleaut32.dll' -> '\Device\HarddiskVolume3\Windows\System32\oleaut32.dll' [rcNtRedir=0xc0150008]
840.48c: supR3HardenedScreenImage/Imports: cache hit (VINF_SUCCESS) on \Device\HarddiskVolume3\Windows\System32\oleaut32.dll
840.48c: supR3HardenedWinVerifyCacheProcessImportTodos: Processing 'msvcrt.dll'...
840.48c: supR3HardenedWinVerifyCacheProcessImportTodos: 'msvcrt.dll' -> '\Device\HarddiskVolume3\Windows\System32\msvcrt.dll' [rcNtRedir=0xc0150008]
840.48c: supR3HardenedMonitor_LdrLoadDll: returns rcNt=0x0 hMod=00007ffe0de90000 'C:\Windows\system32\rsaenh.dll'
840.48c: supR3HardenedMonitor_LdrLoadDll: returns rcNt=0x0 hMod=00007ffe0f6d0000 'C:\Windows\System32\crypt32.dll'
840.48c: supR3HardenedWinVerifyCacheProcessWvtTodos: 0 (was 0) fWinVerifyTrust=1 for '\Device\HarddiskVolume3\Windows\System32\clbcatq.dll'
840.48c: supR3HardenedMonitor_LdrLoadDll: returns rcNt=0x0 hMod=00007ffe0de90000 'C:\Windows\system32\rsaenh.dll'
840.48c: supR3HardenedMonitor_LdrLoadDll: returns rcNt=0x0 hMod=00007ffe0f6d0000 'C:\Windows\System32\crypt32.dll'
840.48c: supR3HardenedWinVerifyCacheProcessWvtTodos: 0 (was 0) fWinVerifyTrust=1 for '\Device\HarddiskVolume3\Windows\System32\WindowsCodecs.dll'
840.48c: supR3HardenedMonitor_LdrLoadDll: returns rcNt=0x0 hMod=00007ffe0de90000 'C:\Windows\system32\rsaenh.dll'
840.48c: supR3HardenedMonitor_LdrLoadDll: returns rcNt=0x0 hMod=00007ffe0f6d0000 'C:\Windows\System32\crypt32.dll'
840.48c: supR3HardenedWinVerifyCacheScheduleImports: Import todo: #9 'advapi32.dll'.
840.48c: supR3HardenedWinVerifyCacheScheduleImports: Import todo: #10 'ole32.dll'.
840.48c: supR3HardenedWinVerifyCacheScheduleImports: Import todo: #11 'oleaut32.dll'.
840.48c: supR3HardenedWinVerifyCacheScheduleImports: Import todo: #12 'vcruntime140.dll'.
840.48c: supR3HardenedWinVerifyCacheScheduleImports: Import todo: #13 'vcruntime140_1.dll'.
840.48c: supR3HardenedWinVerifyCacheScheduleImports: Import todo: #14 'msvcp140.dll'.
840.48c: supR3HardenedWinVerifyCacheScheduleImports: Import todo: #15 'vboxrt.dll'.
840.48c: supHardenedWinVerifyImageByHandle: -> 0 (\Device\HarddiskVolume3\Program Files\Oracle\VirtualBox\VBoxC.dll) WinVerifyTrust
840.48c: supR3HardenedWinVerifyCacheInsert: \Device\HarddiskVolume3\Program Files\Oracle\VirtualBox\VBoxC.dll
840.48c: supR3HardenedWinVerifyCacheProcessImportTodos: Processing 'vboxrt.dll'...
840.48c: supR3HardenedWinVerifyCacheProcessImportTodos: 'vboxrt.dll' -> '\Device\HarddiskVolume3\Program Files\Oracle\VirtualBox\vboxrt.dll' [rcNtRedir=0xc0150008]
840.48c: supR3HardenedWinVerifyCacheProcessImportTodos: Processing 'msvcp140.dll'...
840.48c: supR3HardenedWinVerifyCacheProcessImportTodos: 'msvcp140.dll' -> '\Device\HarddiskVolume3\Windows\System32\msvcp140.dll' [rcNtRedir=0xc0150008]
840.48c: supR3HardenedWinVerifyCacheProcessImportTodos: Processing 'vcruntime140_1.dll'...
840.48c: supR3HardenedWinVerifyCacheProcessImportTodos: 'vcruntime140_1.dll' -> '\Device\HarddiskVolume3\Windows\System32\vcruntime140_1.dll' [rcNtRedir=0xc0150008]
840.48c: supR3HardenedWinVerifyCacheProcessImportTodos: Processing 'vcruntime140.dll'...
840.48c: supR3HardenedWinVerifyCacheProcessImportTodos: 'vcruntime140.dll' -> '\Device\HarddiskVolume3\Windows\System32\vcruntime140.dll' [rcNtRedir=0xc0150008]
840.48c: supR3HardenedWinVerifyCacheProcessImportTodos: Processing 'oleaut32.dll'...
840.48c: supR3HardenedWinVerifyCacheProcessImportTodos: 'oleaut32.dll' -> '\Device\HarddiskVolume3\Windows\System32\oleaut32.dll' [rcNtRedir=0xc0150008]
840.48c: supR3HardenedScreenImage/Imports: cache hit (VINF_SUCCESS) on \Device\HarddiskVolume3\Windows\System32\oleaut32.dll
840.48c: supR3HardenedWinVerifyCacheProcessImportTodos: Processing 'ole32.dll'...
840.48c: supR3HardenedWinVerifyCacheProcessImportTodos: 'ole32.dll' -> '\Device\HarddiskVolume3\Windows\System32\ole32.dll' [rcNtRedir=0xc0150008]
840.48c: supR3HardenedScreenImage/Imports: cache hit (VINF_SUCCESS) on \Device\HarddiskVolume3\Windows\System32\ole32.dll
840.48c: supR3HardenedWinVerifyCacheProcessImportTodos: Processing 'advapi32.dll'...
840.48c: supR3HardenedWinVerifyCacheProcessImportTodos: 'advapi32.dll' -> '\Device\HarddiskVolume3\Windows\System32\advapi32.dll' [rcNtRedir=0xc0150008]
840.48c: supR3HardenedScreenImage/Imports: cache hit (VINF_SUCCESS) on \Device\HarddiskVolume3\Windows\System32\advapi32.dll
840.48c: supR3HardenedMonitor_LdrLoadDll: pName=C:\Program Files\Oracle\VirtualBox\VBoxC.dll (rcNtResolve=0xc0150008) *pfFlags=0x0 pwszSearchPath=0000000000002009:<flags> [calling]
840.48c: supR3HardenedScreenImage/NtCreateSection: cache hit (VINF_SUCCESS) on \Device\HarddiskVolume3\Program Files\Oracle\VirtualBox\VBoxC.dll
840.48c: supR3HardenedDllNotificationCallback: load   00007ffd99bc0000 LB 0x0041b000 C:\Program Files\Oracle\VirtualBox\VBoxC.dll [fFlags=0x0]
840.48c: supR3HardenedScreenImage/LdrLoadDll: cache hit (VINF_SUCCESS) on \Device\HarddiskVolume3\Program Files\Oracle\VirtualBox\VBoxC.dll
840.48c: supR3HardenedMonitor_LdrLoadDll: returns rcNt=0x0 hMod=00007ffd99bc0000 'C:\Program Files\Oracle\VirtualBox\VBoxC.dll'
840.48c: supR3HardenedMonitor_LdrLoadDll: returns rcNt=0x0 hMod=00007ffe0de90000 'C:\Windows\system32\rsaenh.dll'
840.48c: supR3HardenedMonitor_LdrLoadDll: returns rcNt=0x0 hMod=00007ffe0f6d0000 'C:\Windows\System32\crypt32.dll'
840.48c: supR3HardenedWinVerifyCacheScheduleImports: Import todo: #4 'advapi32.dll'.
840.48c: supR3HardenedWinVerifyCacheScheduleImports: Import todo: #5 'shlwapi.dll'.
840.48c: supR3HardenedWinVerifyCacheScheduleImports: Import todo: #6 'ole32.dll'.
840.48c: supR3HardenedWinVerifyCacheScheduleImports: Import todo: #7 'oleaut32.dll'.
840.48c: supR3HardenedWinVerifyCacheScheduleImports: Import todo: #8 'rpcrt4.dll'.
840.48c: supR3HardenedWinVerifyCacheScheduleImports: Import todo: #9 'vcruntime140.dll'.
840.48c: supR3HardenedWinVerifyCacheScheduleImports: Import todo: #10 'vboxrt.dll'.
840.48c: supHardenedWinVerifyImageByHandle: -> 0 (\Device\HarddiskVolume3\Program Files\Oracle\VirtualBox\VBoxProxyStub.dll) WinVerifyTrust
840.48c: supR3HardenedWinVerifyCacheInsert: \Device\HarddiskVolume3\Program Files\Oracle\VirtualBox\VBoxProxyStub.dll
840.48c: supR3HardenedWinVerifyCacheProcessImportTodos: Processing 'vboxrt.dll'...
840.48c: supR3HardenedWinVerifyCacheProcessImportTodos: 'vboxrt.dll' -> '\Device\HarddiskVolume3\Program Files\Oracle\VirtualBox\vboxrt.dll' [rcNtRedir=0xc0150008]
840.48c: supR3HardenedWinVerifyCacheProcessImportTodos: Processing 'vcruntime140.dll'...
840.48c: supR3HardenedWinVerifyCacheProcessImportTodos: 'vcruntime140.dll' -> '\Device\HarddiskVolume3\Windows\System32\vcruntime140.dll' [rcNtRedir=0xc0150008]
840.48c: supR3HardenedWinVerifyCacheProcessImportTodos: Processing 'rpcrt4.dll'...
840.48c: supR3HardenedWinVerifyCacheProcessImportTodos: 'rpcrt4.dll' -> '\Device\HarddiskVolume3\Windows\System32\rpcrt4.dll' [rcNtRedir=0xc0150008]
840.48c: supR3HardenedWinVerifyCacheProcessImportTodos: Processing 'oleaut32.dll'...
840.48c: supR3HardenedWinVerifyCacheProcessImportTodos: 'oleaut32.dll' -> '\Device\HarddiskVolume3\Windows\System32\oleaut32.dll' [rcNtRedir=0xc0150008]
840.48c: supR3HardenedWinVerifyCacheProcessImportTodos: Processing 'ole32.dll'...
840.48c: supR3HardenedWinVerifyCacheProcessImportTodos: 'ole32.dll' -> '\Device\HarddiskVolume3\Windows\System32\ole32.dll' [rcNtRedir=0xc0150008]
840.48c: supR3HardenedScreenImage/Imports: cache hit (VINF_SUCCESS) on \Device\HarddiskVolume3\Windows\System32\ole32.dll
840.48c: supR3HardenedWinVerifyCacheProcessImportTodos: Processing 'shlwapi.dll'...
840.48c: supR3HardenedWinVerifyCacheProcessImportTodos: 'shlwapi.dll' -> '\Device\HarddiskVolume3\Windows\System32\shlwapi.dll' [rcNtRedir=0xc0150008]
840.48c: supR3HardenedScreenImage/Imports: cache hit (VINF_SUCCESS) on \Device\HarddiskVolume3\Windows\System32\shlwapi.dll
840.48c: supR3HardenedWinVerifyCacheProcessImportTodos: Processing 'advapi32.dll'...
840.48c: supR3HardenedWinVerifyCacheProcessImportTodos: 'advapi32.dll' -> '\Device\HarddiskVolume3\Windows\System32\advapi32.dll' [rcNtRedir=0xc0150008]
840.48c: supR3HardenedScreenImage/Imports: cache hit (VINF_SUCCESS) on \Device\HarddiskVolume3\Windows\System32\advapi32.dll
840.48c: supR3HardenedMonitor_LdrLoadDll: pName=C:\Program Files\Oracle\VirtualBox\VBoxProxyStub.dll (rcNtResolve=0xc0150008) *pfFlags=0x0 pwszSearchPath=0000000000002009:<flags> [calling]
840.48c: supR3HardenedScreenImage/NtCreateSection: cache hit (VINF_SUCCESS) on \Device\HarddiskVolume3\Program Files\Oracle\VirtualBox\VBoxProxyStub.dll
840.48c: supR3HardenedDllNotificationCallback: load   00007ffde4890000 LB 0x000e7000 C:\Program Files\Oracle\VirtualBox\VBoxProxyStub.dll [fFlags=0x0]
840.48c: supR3HardenedScreenImage/LdrLoadDll: cache hit (VINF_SUCCESS) on \Device\HarddiskVolume3\Program Files\Oracle\VirtualBox\VBoxProxyStub.dll
840.48c: supR3HardenedMonitor_LdrLoadDll: returns rcNt=0x0 hMod=00007ffde4890000 'C:\Program Files\Oracle\VirtualBox\VBoxProxyStub.dll'
840.48c: supR3HardenedMonitor_LdrLoadDll: returns rcNt=0x0 hMod=00007ffe0f8e0000 'C:\Windows\System32\oleaut32.dll'
840.1864: '\Device\HarddiskVolume3\Windows\System32\tzres.dll' has no imports
840.1864: supHardenedWinVerifyImageByHandle: -> 22900 (\Device\HarddiskVolume3\Windows\System32\tzres.dll)
840.1864: supR3HardenedWinVerifyCacheInsert: \Device\HarddiskVolume3\Windows\System32\tzres.dll
840.1864: supR3HardenedMonitor_NtCreateSection: NtMapViewOfSection failed on 0000000000000840 (hFile=000000000000083c) with 0xc0000022 -> STATUS_TRUST_FAILURE
840.1864: supR3HardenedScreenImage/NtCreateSection: cache hit (22900) on \Device\HarddiskVolume3\Windows\System32\tzres.dll [avoiding WinVerifyTrust]
840.1864: supR3HardenedMonitor_NtCreateSection: NtMapViewOfSection failed on 000000000000083c (hFile=0000000000000840) with 0xc0000022 -> STATUS_TRUST_FAILURE
840.3190: supR3HardNtViCallWinVerifyTrustCatFile: hFile=000000000000080c pwszName=\Device\HarddiskVolume3\Windows\System32\tzres.dll
840.3190: supR3HardNtViCallWinVerifyTrustCatFile: Cached context 000002816d69e790
840.3190: supR3HardNtViCallWinVerifyTrustCatFile: hCatAdmin=000002816d69e790
840.3190: supR3HardNtViCallWinVerifyTrustCatFile: cbHash=20 wszDigest=ED2E27393B53A7AF8214786465A56463C5BE0EAC
840.3190: supR3HardenedMonitor_LdrLoadDll: returns rcNt=0x0 hMod=00007ffe0de90000 'C:\Windows\system32\rsaenh.dll'
840.3190: supR3HardenedMonitor_LdrLoadDll: returns rcNt=0x0 hMod=00007ffe0f6d0000 'C:\Windows\System32\crypt32.dll'
840.3190: supR3HardNtViCallWinVerifyTrustCatFile: WinVerifyTrust => 0x0; cat='C:\Windows\system32\CatRoot\{F750E6C3-38EE-11D1-85E5-00C04FC295EE}\Microsoft-Windows-Client-Desktop-Required-Package0516~31bf3856ad364e35~amd64~~10.0.19041.5131.cat'; file='\Device\HarddiskVolume3\Windows\System32\tzres.dll'
840.3190: supR3HardNtViCallWinVerifyTrustCatFile -> 0 (org 22900)
840.3190: supR3HardenedWinVerifyCacheProcessWvtTodos: 0 (was 22900) fWinVerifyTrust=1 for '\Device\HarddiskVolume3\Windows\System32\tzres.dll'
840.3190: supR3HardenedMonitor_LdrLoadDll: returns rcNt=0x0 hMod=00007ffe0de90000 'C:\Windows\system32\rsaenh.dll'
840.3190: supR3HardenedMonitor_LdrLoadDll: returns rcNt=0x0 hMod=00007ffe0f6d0000 'C:\Windows\System32\crypt32.dll'
840.3190: supR3HardenedMonitor_LdrLoadDll: returns rcNt=0x0 hMod=00007ffe0de90000 'C:\Windows\system32\rsaenh.dll'
840.3190: supR3HardenedMonitor_LdrLoadDll: returns rcNt=0x0 hMod=00007ffe0f6d0000 'C:\Windows\System32\crypt32.dll'
840.3190: \Device\HarddiskVolume3\Program Files\Oracle\VirtualBox\ExtensionPacks\Oracle_VirtualBox_Extension_Pack\win.amd64\VBoxPuelMainVM.dll: Owner is administrators group.
840.3190: supR3HardenedMonitor_LdrLoadDll: returns rcNt=0x0 hMod=00007ffe0de90000 'C:\Windows\system32\rsaenh.dll'
840.3190: supR3HardenedMonitor_LdrLoadDll: returns rcNt=0x0 hMod=00007ffe0f6d0000 'C:\Windows\System32\crypt32.dll'
840.3190: supR3HardenedWinVerifyCacheScheduleImports: Import todo: #0 'vboxrt.dll'.
840.3190: supR3HardenedWinVerifyCacheScheduleImports: Import todo: #3 'vcruntime140.dll'.
840.3190: supHardenedWinVerifyImageByHandle: -> 0 (\Device\HarddiskVolume3\Program Files\Oracle\VirtualBox\ExtensionPacks\Oracle_VirtualBox_Extension_Pack\win.amd64\VBoxPuelMainVM.dll) WinVerifyTrust
840.3190: supR3HardenedWinVerifyCacheInsert: \Device\HarddiskVolume3\Program Files\Oracle\VirtualBox\ExtensionPacks\Oracle_VirtualBox_Extension_Pack\win.amd64\VBoxPuelMainVM.dll
840.3190: supR3HardenedWinVerifyCacheProcessImportTodos: Processing 'vcruntime140.dll'...
840.3190: supR3HardenedWinVerifyCacheProcessImportTodos: 'vcruntime140.dll' -> '\Device\HarddiskVolume3\Windows\System32\vcruntime140.dll' [rcNtRedir=0xc0150008]
840.3190: supR3HardenedWinVerifyCacheProcessImportTodos: Processing 'vboxrt.dll'...
840.3190: supR3HardenedWinVerifyCacheProcessImportTodos: 'vboxrt.dll' -> '\Device\HarddiskVolume3\Program Files\Oracle\VirtualBox\vboxrt.dll' [rcNtRedir=0xc0150008]
840.3190: supR3HardenedMonitor_LdrLoadDll: pName=C:\Program Files\Oracle\VirtualBox\ExtensionPacks\Oracle_VirtualBox_Extension_Pack\win.amd64\VBoxPuelMainVM.DLL (rcNtResolve=0xc0150008) *pfFlags=0x0 pwszSearchPath=0000000000000001:<flags> [calling]
840.3190: supR3HardenedScreenImage/NtCreateSection: cache hit (VINF_SUCCESS) on \Device\HarddiskVolume3\Program Files\Oracle\VirtualBox\ExtensionPacks\Oracle_VirtualBox_Extension_Pack\win.amd64\VBoxPuelMainVM.dll
840.3190: supR3HardenedDllNotificationCallback: load   00007ffe01780000 LB 0x00009000 C:\Program Files\Oracle\VirtualBox\ExtensionPacks\Oracle_VirtualBox_Extension_Pack\win.amd64\VBoxPuelMainVM.DLL [fFlags=0x0]
840.3190: supR3HardenedScreenImage/LdrLoadDll: cache hit (VINF_SUCCESS) on \Device\HarddiskVolume3\Program Files\Oracle\VirtualBox\ExtensionPacks\Oracle_VirtualBox_Extension_Pack\win.amd64\VBoxPuelMainVM.dll
840.3190: supR3HardenedMonitor_LdrLoadDll: returns rcNt=0x0 hMod=00007ffe01780000 'C:\Program Files\Oracle\VirtualBox\ExtensionPacks\Oracle_VirtualBox_Extension_Pack\win.amd64\VBoxPuelMainVM.DLL'
840.3190: supR3HardenedDllNotificationCallback: Unload 00007ffe01780000 LB 0x00009000 C:\Program Files\Oracle\VirtualBox\ExtensionPacks\Oracle_VirtualBox_Extension_Pack\win.amd64\VBoxPuelMainVM.DLL [flags=0x0]
840.3190: supR3HardenedMonitor_LdrLoadDll: returns rcNt=0x0 hMod=00007ffe0de90000 'C:\Windows\system32\rsaenh.dll'
840.3190: supR3HardenedMonitor_LdrLoadDll: returns rcNt=0x0 hMod=00007ffe0f6d0000 'C:\Windows\System32\crypt32.dll'
840.3190: supR3HardenedWinVerifyCacheScheduleImports: Import todo: #0 'vboxrt.dll'.
840.3190: supR3HardenedWinVerifyCacheScheduleImports: Import todo: #5 'vcruntime140.dll'.
840.3190: supR3HardenedWinVerifyCacheScheduleImports: Import todo: #6 'vcruntime140_1.dll'.
840.3190: supHardenedWinVerifyImageByHandle: -> 0 (\Device\HarddiskVolume3\Program Files\Oracle\VirtualBox\VBoxVMM.dll) WinVerifyTrust
840.3190: supR3HardenedWinVerifyCacheInsert: \Device\HarddiskVolume3\Program Files\Oracle\VirtualBox\VBoxVMM.dll
840.3190: supR3HardenedWinVerifyCacheProcessImportTodos: Processing 'vcruntime140_1.dll'...
840.3190: supR3HardenedWinVerifyCacheProcessImportTodos: 'vcruntime140_1.dll' -> '\Device\HarddiskVolume3\Windows\System32\vcruntime140_1.dll' [rcNtRedir=0xc0150008]
840.3190: supR3HardenedWinVerifyCacheProcessImportTodos: Processing 'vcruntime140.dll'...
840.3190: supR3HardenedWinVerifyCacheProcessImportTodos: 'vcruntime140.dll' -> '\Device\HarddiskVolume3\Windows\System32\vcruntime140.dll' [rcNtRedir=0xc0150008]
840.3190: supR3HardenedWinVerifyCacheProcessImportTodos: Processing 'vboxrt.dll'...
840.3190: supR3HardenedWinVerifyCacheProcessImportTodos: 'vboxrt.dll' -> '\Device\HarddiskVolume3\Program Files\Oracle\VirtualBox\vboxrt.dll' [rcNtRedir=0xc0150008]
840.3190: supR3HardenedMonitor_LdrLoadDll: pName=C:\Program Files\Oracle\VirtualBox\VBoxVMM.DLL (rcNtResolve=0xc0150008) *pfFlags=0x0 pwszSearchPath=0000000000000001:<flags> [calling]
840.3190: supR3HardenedScreenImage/NtCreateSection: cache hit (VINF_SUCCESS) on \Device\HarddiskVolume3\Program Files\Oracle\VirtualBox\VBoxVMM.dll
840.3190: supR3HardenedDllNotificationCallback: load   00007ffd809a0000 LB 0x005ad000 C:\Program Files\Oracle\VirtualBox\VBoxVMM.DLL [fFlags=0x0]
840.3190: supR3HardenedScreenImage/LdrLoadDll: cache hit (VINF_SUCCESS) on \Device\HarddiskVolume3\Program Files\Oracle\VirtualBox\VBoxVMM.dll
840.3190: supR3HardenedMonitor_LdrLoadDll: returns rcNt=0x0 hMod=00007ffd809a0000 'C:\Program Files\Oracle\VirtualBox\VBoxVMM.DLL'
840.1864: \Device\HarddiskVolume3\Windows\System32\igdumd64.dll: Owner is administrators group.
840.1864: \Device\HarddiskVolume3\Windows\System32\igdumd64.dll: Signature #1/3: info status: 24202
840.1864: supR3HardenedMonitor_LdrLoadDll: returns rcNt=0x0 hMod=00007ffe0de90000 'C:\Windows\system32\rsaenh.dll'
840.1864: supR3HardenedMonitor_LdrLoadDll: returns rcNt=0x0 hMod=00007ffdf1320000 'C:\Windows\System32\cryptnet.dll'
840.1864: supR3HardenedMonitor_LdrLoadDll: returns rcNt=0x0 hMod=00007ffe0f6d0000 'C:\Windows\System32\crypt32.dll'
840.1864: supR3HardenedWinVerifyCacheScheduleImports: Import todo: #1 'user32.dll'.
840.1864: supR3HardenedWinVerifyCacheScheduleImports: Import todo: #2 'advapi32.dll'.
840.1864: supR3HardenedWinVerifyCacheScheduleImports: Import todo: #3 'gdi32.dll'.
840.1864: supHardenedWinVerifyImageByHandle: -> 0 (\Device\HarddiskVolume3\Windows\System32\igdumd64.dll) WinVerifyTrust
840.1864: supR3HardenedWinVerifyCacheInsert: \Device\HarddiskVolume3\Windows\System32\igdumd64.dll
840.1864: supR3HardenedWinVerifyCacheProcessImportTodos: Processing 'gdi32.dll'...
840.1864: supR3HardenedWinVerifyCacheProcessImportTodos: 'gdi32.dll' -> '\Device\HarddiskVolume3\Windows\System32\gdi32.dll' [rcNtRedir=0xc0150008]
840.1864: supR3HardenedWinVerifyCacheProcessImportTodos: Processing 'advapi32.dll'...
840.1864: supR3HardenedWinVerifyCacheProcessImportTodos: 'advapi32.dll' -> '\Device\HarddiskVolume3\Windows\System32\advapi32.dll' [rcNtRedir=0xc0150008]
840.1864: supR3HardenedWinVerifyCacheProcessImportTodos: Processing 'user32.dll'...
840.1864: supR3HardenedWinVerifyCacheProcessImportTodos: 'user32.dll' -> '\Device\HarddiskVolume3\Windows\System32\user32.dll' [rcNtRedir=0xc0150008]
840.1864: supR3HardenedMonitor_LdrLoadDll: pName=C:\Windows\System32\igdumd64.dll (Input=igdumd64.dll, rcNtResolve=0xc0150008) *pfFlags=0x0 pwszSearchPath=0000000000000001:<flags> [calling]
840.1864: supR3HardenedScreenImage/NtCreateSection: cache hit (VINF_SUCCESS) on \Device\HarddiskVolume3\Windows\System32\igdumd64.dll
840.1864: supR3HardenedDllNotificationCallback: load   00007ffddc430000 LB 0x00c20000 C:\Windows\System32\igdumd64.dll [fFlags=0x0]
840.1864: supR3HardenedScreenImage/LdrLoadDll: cache hit (VINF_SUCCESS) on \Device\HarddiskVolume3\Windows\System32\igdumd64.dll
840.1864: supR3HardenedMonitor_LdrLoadDll: returns rcNt=0x0 hMod=00007ffe106a0000 'C:\Windows\System32\gdi32.dll'
840.1864: supR3HardenedMonitor_LdrLoadDll: returns rcNt=0x0 hMod=00007ffddc430000 'C:\Windows\System32\igdumd64.dll'
840.1864: supR3HardenedMonitor_LdrLoadDll: returns rcNt=0x0 hMod=00007ffe106a0000 'C:\Windows\System32\gdi32.dll'
840.1864: supR3HardenedDllNotificationCallback: Unload 00007ffddc430000 LB 0x00c20000 C:\Windows\System32\igdumd64.dll [flags=0x0]
840.1864: supR3HardNtViCallWinVerifyTrustCatFile: hFile=0000000000000a20 pwszName=\Device\HarddiskVolume3\Windows\System32\DataExchange.dll
840.1864: supR3HardNtViCallWinVerifyTrustCatFile: Cached context 000002816d69e790
840.1864: supR3HardNtViCallWinVerifyTrustCatFile: hCatAdmin=000002816d69e790
840.1864: supR3HardNtViCallWinVerifyTrustCatFile: cbHash=20 wszDigest=ACD8A296E7ACE4439DCEAD95C171746D3A7D8D4C
840.1864: supR3HardenedMonitor_LdrLoadDll: returns rcNt=0x0 hMod=00007ffe0de90000 'C:\Windows\system32\rsaenh.dll'
840.1864: supR3HardenedMonitor_LdrLoadDll: returns rcNt=0x0 hMod=00007ffe0f6d0000 'C:\Windows\System32\crypt32.dll'
840.1864: supR3HardNtViCallWinVerifyTrustCatFile: WinVerifyTrust => 0x0; cat='C:\Windows\system32\CatRoot\{F750E6C3-38EE-11D1-85E5-00C04FC295EE}\Microsoft-Windows-Client-Desktop-Required-Package0510~31bf3856ad364e35~amd64~~10.0.19041.5247.cat'; file='\Device\HarddiskVolume3\Windows\System32\DataExchange.dll'
840.1864: supR3HardNtViCallWinVerifyTrustCatFile -> 0 (org 22900)
840.1864: supR3HardenedWinVerifyCacheScheduleImports: Import todo: #0 'msvcrt.dll'.
840.1864: supR3HardenedWinVerifyCacheScheduleImports: Import todo: #26 'd3d11.dll'.
840.1864: supR3HardenedWinVerifyCacheScheduleImports: Import todo: #27 'dcomp.dll'.
840.1864: supHardenedWinVerifyImageByHandle: -> 0 (\Device\HarddiskVolume3\Windows\System32\DataExchange.dll) WinVerifyTrust
840.1864: supR3HardenedWinVerifyCacheInsert: \Device\HarddiskVolume3\Windows\System32\DataExchange.dll
840.1864: supR3HardenedWinVerifyCacheProcessImportTodos: Processing 'dcomp.dll'...
840.1864: supR3HardenedWinVerifyCacheProcessImportTodos: 'dcomp.dll' -> '\Device\HarddiskVolume3\Windows\System32\dcomp.dll' [rcNtRedir=0xc0150008]
840.1864: supR3HardenedMonitor_LdrLoadDll: returns rcNt=0x0 hMod=00007ffe0de90000 'C:\Windows\system32\rsaenh.dll'
840.1864: supR3HardenedMonitor_LdrLoadDll: returns rcNt=0x0 hMod=00007ffe0f6d0000 'C:\Windows\System32\crypt32.dll'
840.1864: supR3HardenedWinVerifyCacheScheduleImports: Import todo: #0 'win32u.dll'.
840.1864: supR3HardenedWinVerifyCacheScheduleImports: Import todo: #1 'msvcp_win.dll'.
840.1864: supHardenedWinVerifyImageByHandle: -> 0 (\Device\HarddiskVolume3\Windows\System32\dcomp.dll) WinVerifyTrust
840.1864: supR3HardenedWinVerifyCacheInsert: \Device\HarddiskVolume3\Windows\System32\dcomp.dll
840.1864: supR3HardenedWinVerifyCacheProcessImportTodos: Processing 'd3d11.dll'...
840.1864: supR3HardenedWinVerifyCacheProcessImportTodos: 'd3d11.dll' -> '\Device\HarddiskVolume3\Windows\System32\d3d11.dll' [rcNtRedir=0xc0150008]
840.1864: supR3HardenedScreenImage/Imports: cache hit (VINF_SUCCESS) on \Device\HarddiskVolume3\Windows\System32\d3d11.dll
840.1864: supR3HardenedWinVerifyCacheProcessImportTodos: Processing 'msvcrt.dll'...
840.1864: supR3HardenedWinVerifyCacheProcessImportTodos: 'msvcrt.dll' -> '\Device\HarddiskVolume3\Windows\System32\msvcrt.dll' [rcNtRedir=0xc0150008]
840.1864: supR3HardenedWinVerifyCacheProcessImportTodos: Processing 'msvcp_win.dll'...
840.1864: supR3HardenedWinVerifyCacheProcessImportTodos: 'msvcp_win.dll' -> '\Device\HarddiskVolume3\Windows\System32\msvcp_win.dll' [rcNtRedir=0xc0150008]
840.1864: supR3HardenedScreenImage/Imports: cache hit (VINF_SUCCESS) on \Device\HarddiskVolume3\Windows\System32\msvcp_win.dll
840.1864: supR3HardenedWinVerifyCacheProcessImportTodos: Processing 'win32u.dll'...
840.1864: supR3HardenedWinVerifyCacheProcessImportTodos: 'win32u.dll' -> '\Device\HarddiskVolume3\Windows\System32\win32u.dll' [rcNtRedir=0xc0150008]
840.1864: supR3HardenedMonitor_LdrLoadDll: pName=C:\Windows\system32\dataexchange.dll (rcNtResolve=0xc0150008) *pfFlags=0x0 pwszSearchPath=0000000000002009:<flags> [calling]
840.1864: supR3HardenedScreenImage/NtCreateSection: cache hit (VINF_SUCCESS) on \Device\HarddiskVolume3\Windows\System32\DataExchange.dll
840.1864: supR3HardenedScreenImage/NtCreateSection: cache hit (VINF_SUCCESS) on \Device\HarddiskVolume3\Windows\System32\dcomp.dll
840.1864: supR3HardenedDllNotificationCallback: load   00007ffe0aa50000 LB 0x001e4000 C:\Windows\system32\dcomp.dll [fFlags=0x0]
840.1864: supR3HardenedScreenImage/LdrLoadDll: cache hit (VINF_SUCCESS) on \Device\HarddiskVolume3\Windows\System32\dcomp.dll
840.1864: supR3HardenedDllNotificationCallback: load   00007ffdf8800000 LB 0x0003e000 C:\Windows\system32\dataexchange.dll [fFlags=0x0]
840.1864: supR3HardenedScreenImage/LdrLoadDll: cache hit (VINF_SUCCESS) on \Device\HarddiskVolume3\Windows\System32\DataExchange.dll
840.1864: supR3HardenedMonitor_LdrLoadDll: returns rcNt=0x0 hMod=00007ffdf8800000 'C:\Windows\system32\dataexchange.dll'
840.1864: supR3HardenedWinVerifyCacheScheduleImports: Import todo: #30 'rpcrt4.dll'.
840.1864: supR3HardenedWinVerifyCacheScheduleImports: Import todo: #43 'combase.dll'.
840.1864: supR3HardenedWinVerifyCacheScheduleImports: Import todo: #45 'msvcp_win.dll'.
840.1864: supHardenedWinVerifyImageByHandle: -> 0 (\Device\HarddiskVolume3\Windows\System32\twinapi.appcore.dll)
840.1864: supR3HardenedWinVerifyCacheInsert: \Device\HarddiskVolume3\Windows\System32\twinapi.appcore.dll
840.1864: supR3HardenedDllNotificationCallback: load   00007ffe069d0000 LB 0x00203000 C:\Windows\system32\twinapi.appcore.dll [fFlags=0x0]
840.1864: supR3HardenedScreenImage/LdrLoadDll: cache hit (VINF_SUCCESS) on \Device\HarddiskVolume3\Windows\System32\twinapi.appcore.dll [avoiding WinVerifyTrust]
840.1864: supR3HardenedWinVerifyCacheScheduleImports: Import todo: #0 'msvcrt.dll'.
840.1864: supR3HardenedWinVerifyCacheScheduleImports: Import todo: #15 'oleaut32.dll'.
840.1864: supR3HardenedWinVerifyCacheScheduleImports: Import todo: #17 'rpcrt4.dll'.
840.1864: supR3HardenedWinVerifyCacheScheduleImports: Import todo: #20 'coreuicomponents.dll'.
840.1864: supR3HardenedWinVerifyCacheScheduleImports: Import todo: #21 'coremessaging.dll'.
840.1864: supHardenedWinVerifyImageByHandle: -> 0 (\Device\HarddiskVolume3\Windows\System32\TextInputFramework.dll)
840.1864: supR3HardenedWinVerifyCacheInsert: \Device\HarddiskVolume3\Windows\System32\TextInputFramework.dll
840.1864: supR3HardenedWinVerifyCacheScheduleImports: Import todo: #0 'msvcrt.dll'.
840.1864: supR3HardenedWinVerifyCacheScheduleImports: Import todo: #35 'coremessaging.dll'.
840.1864: supR3HardenedWinVerifyCacheScheduleImports: Import todo: #40 'rpcrt4.dll'.
840.1864: supR3HardenedWinVerifyCacheScheduleImports: Import todo: #48 'shcore.dll'.
840.1864: supHardenedWinVerifyImageByHandle: -> 0 (\Device\HarddiskVolume3\Windows\System32\CoreUIComponents.dll)
840.1864: supR3HardenedWinVerifyCacheInsert: \Device\HarddiskVolume3\Windows\System32\CoreUIComponents.dll
840.1864: supR3HardenedWinVerifyCacheScheduleImports: Import todo: #0 'msvcrt.dll'.
840.1864: supR3HardenedWinVerifyCacheScheduleImports: Import todo: #20 'ws2_32.dll'.
840.1864: supHardenedWinVerifyImageByHandle: -> 0 (\Device\HarddiskVolume3\Windows\System32\CoreMessaging.dll)
840.1864: supR3HardenedWinVerifyCacheInsert: \Device\HarddiskVolume3\Windows\System32\CoreMessaging.dll
840.1864: supHardenedWinVerifyImageByHandle: -> 0 (\Device\HarddiskVolume3\Windows\System32\ntmarta.dll)
840.1864: supR3HardenedWinVerifyCacheInsert: \Device\HarddiskVolume3\Windows\System32\ntmarta.dll
840.1864: supR3HardenedWinVerifyCacheScheduleImports: Import todo: #3 'combase.dll'.
840.1864: supR3HardenedWinVerifyCacheScheduleImports: Import todo: #24 'rpcrt4.dll'.
840.1864: supR3HardenedWinVerifyCacheScheduleImports: Import todo: #32 'bcryptprimitives.dll'.
840.1864: supHardenedWinVerifyImageByHandle: -> 0 (\Device\HarddiskVolume3\Windows\System32\WinTypes.dll)
840.1864: supR3HardenedWinVerifyCacheInsert: \Device\HarddiskVolume3\Windows\System32\WinTypes.dll
840.1864: supR3HardenedDllNotificationCallback: load   00007ffe0e0e0000 LB 0x00033000 C:\Windows\SYSTEM32\ntmarta.dll [fFlags=0x0]
840.1864: supR3HardenedScreenImage/LdrLoadDll: cache hit (VINF_SUCCESS) on \Device\HarddiskVolume3\Windows\System32\ntmarta.dll [avoiding WinVerifyTrust]
840.1864: supR3HardenedDllNotificationCallback: load   00007ffe09c30000 LB 0x000f2000 C:\Windows\System32\CoreMessaging.dll [fFlags=0x0]
840.1864: supR3HardenedScreenImage/LdrLoadDll: cache hit (VINF_SUCCESS) on \Device\HarddiskVolume3\Windows\System32\CoreMessaging.dll [avoiding WinVerifyTrust]
840.1864: supR3HardenedDllNotificationCallback: load   00007ffe0b5a0000 LB 0x00157000 C:\Windows\SYSTEM32\wintypes.dll [fFlags=0x0]
840.1864: supR3HardenedScreenImage/LdrLoadDll: cache hit (VINF_SUCCESS) on \Device\HarddiskVolume3\Windows\System32\WinTypes.dll [avoiding WinVerifyTrust]
840.1864: supR3HardenedDllNotificationCallback: load   00007ffe0ad40000 LB 0x0035b000 C:\Windows\System32\CoreUIComponents.dll [fFlags=0x0]
840.1864: supR3HardenedScreenImage/LdrLoadDll: cache hit (VINF_SUCCESS) on \Device\HarddiskVolume3\Windows\System32\CoreUIComponents.dll [avoiding WinVerifyTrust]
840.1864: supR3HardenedDllNotificationCallback: load   00007ffe02500000 LB 0x000f9000 C:\Windows\SYSTEM32\textinputframework.dll [fFlags=0x0]
840.1864: supR3HardenedScreenImage/LdrLoadDll: cache hit (VINF_SUCCESS) on \Device\HarddiskVolume3\Windows\System32\TextInputFramework.dll [avoiding WinVerifyTrust]
840.1864: supR3HardenedWinVerifyCacheProcessImportTodos: Processing 'bcryptprimitives.dll'...
840.1864: supR3HardenedWinVerifyCacheProcessImportTodos: 'bcryptprimitives.dll' -> '\Device\HarddiskVolume3\Windows\System32\bcryptprimitives.dll' [rcNtRedir=0xc0150008]
840.1864: supR3HardenedScreenImage/Imports: cache hit (VINF_SUCCESS) on \Device\HarddiskVolume3\Windows\System32\bcryptprimitives.dll
840.1864: supR3HardenedWinVerifyCacheProcessImportTodos: Processing 'rpcrt4.dll'...
840.1864: supR3HardenedWinVerifyCacheProcessImportTodos: 'rpcrt4.dll' -> '\Device\HarddiskVolume3\Windows\System32\rpcrt4.dll' [rcNtRedir=0xc0150008]
840.1864: supR3HardenedWinVerifyCacheProcessImportTodos: Processing 'combase.dll'...
840.1864: supR3HardenedWinVerifyCacheProcessImportTodos: 'combase.dll' -> '\Device\HarddiskVolume3\Windows\System32\combase.dll' [rcNtRedir=0xc0150008]
840.1864: supR3HardenedScreenImage/Imports: cache hit (VINF_SUCCESS) on \Device\HarddiskVolume3\Windows\System32\combase.dll
840.1864: supR3HardenedWinVerifyCacheProcessImportTodos: Processing 'ws2_32.dll'...
840.1864: supR3HardenedWinVerifyCacheProcessImportTodos: 'ws2_32.dll' -> '\Device\HarddiskVolume3\Windows\System32\ws2_32.dll' [rcNtRedir=0xc0150008]
840.1864: supR3HardenedScreenImage/Imports: cache hit (VINF_SUCCESS) on \Device\HarddiskVolume3\Windows\System32\ws2_32.dll
840.1864: supR3HardenedWinVerifyCacheProcessImportTodos: Processing 'msvcrt.dll'...
840.1864: supR3HardenedWinVerifyCacheProcessImportTodos: 'msvcrt.dll' -> '\Device\HarddiskVolume3\Windows\System32\msvcrt.dll' [rcNtRedir=0xc0150008]
840.1864: supR3HardenedWinVerifyCacheProcessImportTodos: Processing 'shcore.dll'...
840.1864: supR3HardenedWinVerifyCacheProcessImportTodos: 'shcore.dll' -> '\Device\HarddiskVolume3\Windows\System32\shcore.dll' [rcNtRedir=0xc0150008]
840.1864: supR3HardenedScreenImage/Imports: cache hit (VINF_SUCCESS) on \Device\HarddiskVolume3\Windows\System32\SHCore.dll
840.1864: supR3HardenedWinVerifyCacheProcessImportTodos: Processing 'rpcrt4.dll'...
840.1864: supR3HardenedWinVerifyCacheProcessImportTodos: 'rpcrt4.dll' -> '\Device\HarddiskVolume3\Windows\System32\rpcrt4.dll' [rcNtRedir=0xc0150008]
840.1864: supR3HardenedWinVerifyCacheProcessImportTodos: Processing 'coremessaging.dll'...
840.1864: supR3HardenedWinVerifyCacheProcessImportTodos: 'coremessaging.dll' -> '\Device\HarddiskVolume3\Windows\System32\coremessaging.dll' [rcNtRedir=0xc0150008]
840.1864: supR3HardenedScreenImage/Imports: cache hit (VINF_SUCCESS) on \Device\HarddiskVolume3\Windows\System32\CoreMessaging.dll [lacks WinVerifyTrust]
840.1864: supR3HardenedWinVerifyCacheProcessImportTodos: Processing 'msvcrt.dll'...
840.1864: supR3HardenedWinVerifyCacheProcessImportTodos: 'msvcrt.dll' -> '\Device\HarddiskVolume3\Windows\System32\msvcrt.dll' [rcNtRedir=0xc0150008]
840.1864: supR3HardenedWinVerifyCacheProcessImportTodos: Processing 'coremessaging.dll'...
840.1864: supR3HardenedWinVerifyCacheProcessImportTodos: 'coremessaging.dll' -> '\Device\HarddiskVolume3\Windows\System32\coremessaging.dll' [rcNtRedir=0xc0150008]
840.1864: supR3HardenedScreenImage/Imports: cache hit (VINF_SUCCESS) on \Device\HarddiskVolume3\Windows\System32\CoreMessaging.dll [lacks WinVerifyTrust]
840.1864: supR3HardenedWinVerifyCacheProcessImportTodos: Processing 'coreuicomponents.dll'...
840.1864: supR3HardenedWinVerifyCacheProcessImportTodos: 'coreuicomponents.dll' -> '\Device\HarddiskVolume3\Windows\System32\coreuicomponents.dll' [rcNtRedir=0xc0150008]
840.1864: supR3HardenedScreenImage/Imports: cache hit (VINF_SUCCESS) on \Device\HarddiskVolume3\Windows\System32\CoreUIComponents.dll [lacks WinVerifyTrust]
840.1864: supR3HardenedWinVerifyCacheProcessImportTodos: Processing 'rpcrt4.dll'...
840.1864: supR3HardenedWinVerifyCacheProcessImportTodos: 'rpcrt4.dll' -> '\Device\HarddiskVolume3\Windows\System32\rpcrt4.dll' [rcNtRedir=0xc0150008]
840.1864: supR3HardenedWinVerifyCacheProcessImportTodos: Processing 'oleaut32.dll'...
840.1864: supR3HardenedWinVerifyCacheProcessImportTodos: 'oleaut32.dll' -> '\Device\HarddiskVolume3\Windows\System32\oleaut32.dll' [rcNtRedir=0xc0150008]
840.1864: supR3HardenedWinVerifyCacheProcessImportTodos: Processing 'msvcrt.dll'...
840.1864: supR3HardenedWinVerifyCacheProcessImportTodos: 'msvcrt.dll' -> '\Device\HarddiskVolume3\Windows\System32\msvcrt.dll' [rcNtRedir=0xc0150008]
840.1864: supR3HardenedWinVerifyCacheProcessImportTodos: Processing 'msvcp_win.dll'...
840.1864: supR3HardenedWinVerifyCacheProcessImportTodos: 'msvcp_win.dll' -> '\Device\HarddiskVolume3\Windows\System32\msvcp_win.dll' [rcNtRedir=0xc0150008]
840.1864: supR3HardenedScreenImage/Imports: cache hit (VINF_SUCCESS) on \Device\HarddiskVolume3\Windows\System32\msvcp_win.dll
840.1864: supR3HardenedWinVerifyCacheProcessImportTodos: Processing 'combase.dll'...
840.1864: supR3HardenedWinVerifyCacheProcessImportTodos: 'combase.dll' -> '\Device\HarddiskVolume3\Windows\System32\combase.dll' [rcNtRedir=0xc0150008]
840.1864: supR3HardenedScreenImage/Imports: cache hit (VINF_SUCCESS) on \Device\HarddiskVolume3\Windows\System32\combase.dll
840.1864: supR3HardenedWinVerifyCacheProcessImportTodos: Processing 'rpcrt4.dll'...
840.1864: supR3HardenedWinVerifyCacheProcessImportTodos: 'rpcrt4.dll' -> '\Device\HarddiskVolume3\Windows\System32\rpcrt4.dll' [rcNtRedir=0xc0150008]
840.1864: supR3HardenedMonitor_LdrLoadDll: returns rcNt=0x0 hMod=00007ffe0de90000 'C:\Windows\system32\rsaenh.dll'
840.1864: supR3HardenedMonitor_LdrLoadDll: returns rcNt=0x0 hMod=00007ffe0f6d0000 'C:\Windows\System32\crypt32.dll'
840.1864: supR3HardenedWinVerifyCacheProcessWvtTodos: 0 (was 0) fWinVerifyTrust=1 for '\Device\HarddiskVolume3\Windows\System32\WinTypes.dll'
840.1864: supR3HardenedMonitor_LdrLoadDll: returns rcNt=0x0 hMod=00007ffe0de90000 'C:\Windows\system32\rsaenh.dll'
840.1864: supR3HardenedMonitor_LdrLoadDll: returns rcNt=0x0 hMod=00007ffe0f6d0000 'C:\Windows\System32\crypt32.dll'
840.1864: supR3HardenedWinVerifyCacheProcessWvtTodos: 0 (was 0) fWinVerifyTrust=1 for '\Device\HarddiskVolume3\Windows\System32\ntmarta.dll'
840.1864: supR3HardenedMonitor_LdrLoadDll: returns rcNt=0x0 hMod=00007ffe0de90000 'C:\Windows\system32\rsaenh.dll'
840.1864: supR3HardenedMonitor_LdrLoadDll: returns rcNt=0x0 hMod=00007ffe0f6d0000 'C:\Windows\System32\crypt32.dll'
840.1864: supR3HardenedWinVerifyCacheProcessWvtTodos: 0 (was 0) fWinVerifyTrust=1 for '\Device\HarddiskVolume3\Windows\System32\CoreMessaging.dll'
840.1864: supR3HardenedMonitor_LdrLoadDll: returns rcNt=0x0 hMod=00007ffe0de90000 'C:\Windows\system32\rsaenh.dll'
840.1864: supR3HardenedMonitor_LdrLoadDll: returns rcNt=0x0 hMod=00007ffe0f6d0000 'C:\Windows\System32\crypt32.dll'
840.1864: supR3HardenedWinVerifyCacheProcessWvtTodos: 0 (was 0) fWinVerifyTrust=1 for '\Device\HarddiskVolume3\Windows\System32\CoreUIComponents.dll'
840.1864: supR3HardenedMonitor_LdrLoadDll: returns rcNt=0x0 hMod=00007ffe0de90000 'C:\Windows\system32\rsaenh.dll'
840.1864: supR3HardenedMonitor_LdrLoadDll: returns rcNt=0x0 hMod=00007ffe0f6d0000 'C:\Windows\System32\crypt32.dll'
840.1864: supR3HardenedWinVerifyCacheProcessWvtTodos: 0 (was 0) fWinVerifyTrust=1 for '\Device\HarddiskVolume3\Windows\System32\TextInputFramework.dll'
840.1864: supR3HardenedMonitor_LdrLoadDll: returns rcNt=0x0 hMod=00007ffe0de90000 'C:\Windows\system32\rsaenh.dll'
840.1864: supR3HardenedMonitor_LdrLoadDll: returns rcNt=0x0 hMod=00007ffe0f6d0000 'C:\Windows\System32\crypt32.dll'
840.1864: supR3HardenedWinVerifyCacheProcessWvtTodos: 0 (was 0) fWinVerifyTrust=1 for '\Device\HarddiskVolume3\Windows\System32\twinapi.appcore.dll'
840.1864: supR3HardenedMonitor_LdrLoadDll: returns rcNt=0x0 hMod=00007ffe0f9b0000 'C:\Windows\System32\ADVAPI32.dll'
840.1864: supR3HardenedMonitor_LdrLoadDll: returns rcNt=0x0 hMod=00007ffe10570000 'C:\Windows\System32\ole32.dll'
840.1864: supR3HardenedMonitor_LdrLoadDll: returns rcNt=0x0 hMod=00007ffe0f8e0000 'C:\Windows\System32\OLEAUT32.dll'
840.1864: supR3HardNtViCallWinVerifyTrustCatFile: hFile=0000000000000e94 pwszName=\Device\HarddiskVolume3\Windows\System32\wbem\wbemprox.dll
840.1864: supR3HardNtViCallWinVerifyTrustCatFile: Cached context 000002816d69e790
840.1864: supR3HardNtViCallWinVerifyTrustCatFile: hCatAdmin=000002816d69e790
840.1864: supR3HardNtViCallWinVerifyTrustCatFile: cbHash=20 wszDigest=3BDE779C324B1B2E91238C2A86E13264284D56B8
840.1864: supR3HardenedMonitor_LdrLoadDll: returns rcNt=0x0 hMod=00007ffe0de90000 'C:\Windows\system32\rsaenh.dll'
840.1864: supR3HardenedMonitor_LdrLoadDll: returns rcNt=0x0 hMod=00007ffe0f6d0000 'C:\Windows\System32\crypt32.dll'
840.1864: supR3HardNtViCallWinVerifyTrustCatFile: WinVerifyTrust => 0x0; cat='C:\Windows\system32\CatRoot\{F750E6C3-38EE-11D1-85E5-00C04FC295EE}\Microsoft-Windows-Client-Desktop-Required-Package04~31bf3856ad364e35~amd64~~10.0.19041.5131.cat'; file='\Device\HarddiskVolume3\Windows\System32\wbem\wbemprox.dll'
840.1864: supR3HardNtViCallWinVerifyTrustCatFile -> 0 (org 22900)
840.1864: supR3HardenedWinVerifyCacheScheduleImports: Import todo: #0 'msvcrt.dll'.
840.1864: supR3HardenedWinVerifyCacheScheduleImports: Import todo: #5 'ws2_32.dll'.
840.1864: supR3HardenedWinVerifyCacheScheduleImports: Import todo: #18 'wbemcomn.dll'.
840.1864: supHardenedWinVerifyImageByHandle: -> 0 (\Device\HarddiskVolume3\Windows\System32\wbem\wbemprox.dll) WinVerifyTrust
840.1864: supR3HardenedWinVerifyCacheInsert: \Device\HarddiskVolume3\Windows\System32\wbem\wbemprox.dll
840.1864: supR3HardenedWinVerifyCacheProcessImportTodos: Processing 'wbemcomn.dll'...
840.1864: supR3HardenedWinVerifyCacheProcessImportTodos: 'wbemcomn.dll' -> '\Device\HarddiskVolume3\Windows\System32\wbemcomn.dll' [rcNtRedir=0xc0150008]
840.1864: supR3HardNtViCallWinVerifyTrustCatFile: hFile=0000000000000a80 pwszName=\Device\HarddiskVolume3\Windows\System32\wbemcomn.dll
840.1864: supR3HardNtViCallWinVerifyTrustCatFile: Cached context 000002816d69e790
840.1864: supR3HardNtViCallWinVerifyTrustCatFile: hCatAdmin=000002816d69e790
840.1864: supR3HardNtViCallWinVerifyTrustCatFile: cbHash=20 wszDigest=06C20E7BC3E9597C13106014E3B43BA539218431
840.1864: supR3HardenedMonitor_LdrLoadDll: returns rcNt=0x0 hMod=00007ffe0de90000 'C:\Windows\system32\rsaenh.dll'
840.1864: supR3HardenedMonitor_LdrLoadDll: returns rcNt=0x0 hMod=00007ffe0f6d0000 'C:\Windows\System32\crypt32.dll'
840.1864: supR3HardNtViCallWinVerifyTrustCatFile: WinVerifyTrust => 0x0; cat='C:\Windows\system32\CatRoot\{F750E6C3-38EE-11D1-85E5-00C04FC295EE}\Microsoft-Windows-Client-Desktop-Required-Package04~31bf3856ad364e35~amd64~~10.0.19041.5131.cat'; file='\Device\HarddiskVolume3\Windows\System32\wbemcomn.dll'
840.1864: supR3HardNtViCallWinVerifyTrustCatFile -> 0 (org 22900)
840.1864: supR3HardenedWinVerifyCacheScheduleImports: Import todo: #0 'msvcrt.dll'.
840.1864: supHardenedWinVerifyImageByHandle: -> 0 (\Device\HarddiskVolume3\Windows\System32\wbemcomn.dll) WinVerifyTrust
840.1864: supR3HardenedWinVerifyCacheInsert: \Device\HarddiskVolume3\Windows\System32\wbemcomn.dll
840.1864: supR3HardenedWinVerifyCacheProcessImportTodos: Processing 'ws2_32.dll'...
840.1864: supR3HardenedWinVerifyCacheProcessImportTodos: 'ws2_32.dll' -> '\Device\HarddiskVolume3\Windows\System32\ws2_32.dll' [rcNtRedir=0xc0150008]
840.1864: supR3HardenedScreenImage/Imports: cache hit (VINF_SUCCESS) on \Device\HarddiskVolume3\Windows\System32\ws2_32.dll
840.1864: supR3HardenedWinVerifyCacheProcessImportTodos: Processing 'msvcrt.dll'...
840.1864: supR3HardenedWinVerifyCacheProcessImportTodos: 'msvcrt.dll' -> '\Device\HarddiskVolume3\Windows\System32\msvcrt.dll' [rcNtRedir=0xc0150008]
840.1864: supR3HardenedWinVerifyCacheProcessImportTodos: Processing 'msvcrt.dll'...
840.1864: supR3HardenedWinVerifyCacheProcessImportTodos: 'msvcrt.dll' -> '\Device\HarddiskVolume3\Windows\System32\msvcrt.dll' [rcNtRedir=0xc0150008]
840.1864: supR3HardenedMonitor_LdrLoadDll: pName=C:\Windows\system32\wbem\wbemprox.dll (rcNtResolve=0xc0150008) *pfFlags=0x0 pwszSearchPath=0000000000002009:<flags> [calling]
840.1864: supR3HardenedScreenImage/NtCreateSection: cache hit (VINF_SUCCESS) on \Device\HarddiskVolume3\Windows\System32\wbem\wbemprox.dll
840.1864: supR3HardenedScreenImage/NtCreateSection: cache hit (VINF_SUCCESS) on \Device\HarddiskVolume3\Windows\System32\wbemcomn.dll
840.1864: supR3HardenedDllNotificationCallback: load   00007ffdff540000 LB 0x00090000 C:\Windows\SYSTEM32\wbemcomn.dll [fFlags=0x0]
840.1864: supR3HardenedScreenImage/LdrLoadDll: cache hit (VINF_SUCCESS) on \Device\HarddiskVolume3\Windows\System32\wbemcomn.dll
840.1864: supR3HardenedDllNotificationCallback: load   00007ffdfa480000 LB 0x00011000 C:\Windows\system32\wbem\wbemprox.dll [fFlags=0x0]
840.1864: supR3HardenedScreenImage/LdrLoadDll: cache hit (VINF_SUCCESS) on \Device\HarddiskVolume3\Windows\System32\wbem\wbemprox.dll
840.1864: supR3HardenedIsApiSetDll: ApiSetQueryApiSetPresence(API-MS-Win-Core-LocalRegistry-L1-1-0.dll) -> 0x0, fPresent=1
840.1864: supR3HardenedMonitor_LdrLoadDll: pName=API-MS-Win-Core-LocalRegistry-L1-1-0.dll (rcNtResolve=0x0) *pfFlags=0x0 pwszSearchPath=0000000000000009:<flags> [calling]
840.1864: supR3HardenedMonitor_LdrLoadDll: returns rcNt=0x0 hMod=00007ffe0eeb0000 'API-MS-Win-Core-LocalRegistry-L1-1-0.dll'
840.1864: supR3HardenedMonitor_LdrLoadDll: returns rcNt=0x0 hMod=00007ffdfa480000 'C:\Windows\system32\wbem\wbemprox.dll'
840.1864: supR3HardNtViCallWinVerifyTrustCatFile: hFile=0000000000000f2c pwszName=\Device\HarddiskVolume3\Windows\System32\wbem\wbemsvc.dll
840.1864: supR3HardNtViCallWinVerifyTrustCatFile: Cached context 000002816d69e790
840.1864: supR3HardNtViCallWinVerifyTrustCatFile: hCatAdmin=000002816d69e790
840.1864: supR3HardNtViCallWinVerifyTrustCatFile: cbHash=20 wszDigest=86AB79F51B3C103952EF93FB96F82884D552BCBD
840.1864: supR3HardenedMonitor_LdrLoadDll: returns rcNt=0x0 hMod=00007ffe0de90000 'C:\Windows\system32\rsaenh.dll'
840.1864: supR3HardenedMonitor_LdrLoadDll: returns rcNt=0x0 hMod=00007ffe0f6d0000 'C:\Windows\System32\crypt32.dll'
840.1864: supR3HardNtViCallWinVerifyTrustCatFile: WinVerifyTrust => 0x0; cat='C:\Windows\system32\CatRoot\{F750E6C3-38EE-11D1-85E5-00C04FC295EE}\Microsoft-Windows-Client-Desktop-Required-Package04~31bf3856ad364e35~amd64~~10.0.19041.5131.cat'; file='\Device\HarddiskVolume3\Windows\System32\wbem\wbemsvc.dll'
840.1864: supR3HardNtViCallWinVerifyTrustCatFile -> 0 (org 22900)
840.1864: supR3HardenedWinVerifyCacheScheduleImports: Import todo: #0 'msvcrt.dll'.
840.1864: supR3HardenedWinVerifyCacheScheduleImports: Import todo: #1 'rpcrt4.dll'.
840.1864: supHardenedWinVerifyImageByHandle: -> 0 (\Device\HarddiskVolume3\Windows\System32\wbem\wbemsvc.dll) WinVerifyTrust
840.1864: supR3HardenedWinVerifyCacheInsert: \Device\HarddiskVolume3\Windows\System32\wbem\wbemsvc.dll
840.1864: supR3HardenedWinVerifyCacheProcessImportTodos: Processing 'rpcrt4.dll'...
840.1864: supR3HardenedWinVerifyCacheProcessImportTodos: 'rpcrt4.dll' -> '\Device\HarddiskVolume3\Windows\System32\rpcrt4.dll' [rcNtRedir=0xc0150008]
840.1864: supR3HardenedWinVerifyCacheProcessImportTodos: Processing 'msvcrt.dll'...
840.1864: supR3HardenedWinVerifyCacheProcessImportTodos: 'msvcrt.dll' -> '\Device\HarddiskVolume3\Windows\System32\msvcrt.dll' [rcNtRedir=0xc0150008]
840.1864: supR3HardenedMonitor_LdrLoadDll: pName=C:\Windows\system32\wbem\wbemsvc.dll (rcNtResolve=0xc0150008) *pfFlags=0x0 pwszSearchPath=0000000000002009:<flags> [calling]
840.1864: supR3HardenedScreenImage/NtCreateSection: cache hit (VINF_SUCCESS) on \Device\HarddiskVolume3\Windows\System32\wbem\wbemsvc.dll
840.1864: supR3HardenedDllNotificationCallback: load   00007ffdf8d40000 LB 0x00014000 C:\Windows\system32\wbem\wbemsvc.dll [fFlags=0x0]
840.1864: supR3HardenedScreenImage/LdrLoadDll: cache hit (VINF_SUCCESS) on \Device\HarddiskVolume3\Windows\System32\wbem\wbemsvc.dll
840.1864: supR3HardenedMonitor_LdrLoadDll: returns rcNt=0x0 hMod=00007ffdf8d40000 'C:\Windows\system32\wbem\wbemsvc.dll'
840.1864: supR3HardenedIsApiSetDll: ApiSetQueryApiSetPresence(api-ms-win-core-localization-l1-2-0.dll) -> 0x0, fPresent=1
840.1864: supR3HardenedMonitor_LdrLoadDll: pName=api-ms-win-core-localization-l1-2-0.dll (rcNtResolve=0x0) *pfFlags=0x0 pwszSearchPath=0000000000000009:<flags> [calling]
840.1864: supR3HardenedMonitor_LdrLoadDll: returns rcNt=0x0 hMod=00007ffe0eeb0000 'api-ms-win-core-localization-l1-2-0.dll'
840.1864: supR3HardenedIsApiSetDll: ApiSetQueryApiSetPresence(api-ms-win-core-localization-obsolete-l1-1-0.dll) -> 0x0, fPresent=1
840.1864: supR3HardenedMonitor_LdrLoadDll: pName=api-ms-win-core-localization-obsolete-l1-1-0.dll (rcNtResolve=0x0) *pfFlags=0x0 pwszSearchPath=0000000000000009:<flags> [calling]
840.1864: supR3HardenedMonitor_LdrLoadDll: returns rcNt=0x0 hMod=00007ffe0eeb0000 'api-ms-win-core-localization-obsolete-l1-1-0.dll'
840.1864: supR3HardNtViCallWinVerifyTrustCatFile: hFile=0000000000000f34 pwszName=\Device\HarddiskVolume3\Windows\System32\wbem\fastprox.dll
840.1864: supR3HardNtViCallWinVerifyTrustCatFile: Cached context 000002816d69e790
840.1864: supR3HardNtViCallWinVerifyTrustCatFile: hCatAdmin=000002816d69e790
840.1864: supR3HardNtViCallWinVerifyTrustCatFile: cbHash=20 wszDigest=AB97693F92EFCE2E11FCE472A53A6E138A867FDB
840.1864: supR3HardenedMonitor_LdrLoadDll: returns rcNt=0x0 hMod=00007ffe0de90000 'C:\Windows\system32\rsaenh.dll'
840.1864: supR3HardenedMonitor_LdrLoadDll: returns rcNt=0x0 hMod=00007ffe0f6d0000 'C:\Windows\System32\crypt32.dll'
840.1864: supR3HardNtViCallWinVerifyTrustCatFile: WinVerifyTrust => 0x0; cat='C:\Windows\system32\CatRoot\{F750E6C3-38EE-11D1-85E5-00C04FC295EE}\Microsoft-Windows-Client-Desktop-Required-Package04~31bf3856ad364e35~amd64~~10.0.19041.5131.cat'; file='\Device\HarddiskVolume3\Windows\System32\wbem\fastprox.dll'
840.1864: supR3HardNtViCallWinVerifyTrustCatFile -> 0 (org 22900)
840.1864: supR3HardenedWinVerifyCacheScheduleImports: Import todo: #0 'msvcrt.dll'.
840.1864: supR3HardenedWinVerifyCacheScheduleImports: Import todo: #20 'wbemcomn.dll'.
840.1864: supHardenedWinVerifyImageByHandle: -> 0 (\Device\HarddiskVolume3\Windows\System32\wbem\fastprox.dll) WinVerifyTrust
840.1864: supR3HardenedWinVerifyCacheInsert: \Device\HarddiskVolume3\Windows\System32\wbem\fastprox.dll
840.1864: supR3HardenedWinVerifyCacheProcessImportTodos: Processing 'wbemcomn.dll'...
840.1864: supR3HardenedWinVerifyCacheProcessImportTodos: 'wbemcomn.dll' -> '\Device\HarddiskVolume3\Windows\System32\wbemcomn.dll' [rcNtRedir=0xc0150008]
840.1864: supR3HardenedScreenImage/Imports: cache hit (VINF_SUCCESS) on \Device\HarddiskVolume3\Windows\System32\wbemcomn.dll
840.1864: supR3HardenedWinVerifyCacheProcessImportTodos: Processing 'msvcrt.dll'...
840.1864: supR3HardenedWinVerifyCacheProcessImportTodos: 'msvcrt.dll' -> '\Device\HarddiskVolume3\Windows\System32\msvcrt.dll' [rcNtRedir=0xc0150008]
840.1864: supR3HardenedScreenImage/Imports: cache hit (VINF_SUCCESS) on \Device\HarddiskVolume3\Windows\System32\msvcrt.dll
840.1864: supR3HardenedMonitor_LdrLoadDll: pName=C:\Windows\system32\wbem\fastprox.dll (rcNtResolve=0xc0150008) *pfFlags=0x0 pwszSearchPath=0000000000002009:<flags> [calling]
840.1864: supR3HardenedScreenImage/NtCreateSection: cache hit (VINF_SUCCESS) on \Device\HarddiskVolume3\Windows\System32\wbem\fastprox.dll
840.1864: supR3HardenedDllNotificationCallback: load   00007ffdf8ad0000 LB 0x0010c000 C:\Windows\system32\wbem\fastprox.dll [fFlags=0x0]
840.1864: supR3HardenedScreenImage/LdrLoadDll: cache hit (VINF_SUCCESS) on \Device\HarddiskVolume3\Windows\System32\wbem\fastprox.dll
840.1864: supR3HardenedMonitor_LdrLoadDll: returns rcNt=0x0 hMod=00007ffdf8ad0000 'C:\Windows\system32\wbem\fastprox.dll'
840.1864: supR3HardNtViCallWinVerifyTrustCatFile: hFile=0000000000000f50 pwszName=\Device\HarddiskVolume3\Windows\System32\amsi.dll
840.1864: supR3HardNtViCallWinVerifyTrustCatFile: Cached context 000002816d69e790
840.1864: supR3HardNtViCallWinVerifyTrustCatFile: hCatAdmin=000002816d69e790
840.1864: supR3HardNtViCallWinVerifyTrustCatFile: cbHash=20 wszDigest=759C41732AEF7C0FEF4EB5854E70672674DBA3BB
840.1864: supR3HardenedMonitor_LdrLoadDll: returns rcNt=0x0 hMod=00007ffe0de90000 'C:\Windows\system32\rsaenh.dll'
840.1864: supR3HardenedMonitor_LdrLoadDll: returns rcNt=0x0 hMod=00007ffe0f6d0000 'C:\Windows\System32\crypt32.dll'
840.1864: supR3HardNtViCallWinVerifyTrustCatFile: WinVerifyTrust => 0x0; cat='C:\Windows\system32\CatRoot\{F750E6C3-38EE-11D1-85E5-00C04FC295EE}\Microsoft-Windows-Client-Desktop-Required-Package05~31bf3856ad364e35~amd64~~10.0.19041.5131.cat'; file='\Device\HarddiskVolume3\Windows\System32\amsi.dll'
840.1864: supR3HardNtViCallWinVerifyTrustCatFile -> 0 (org 22900)
840.1864: supR3HardenedWinVerifyCacheScheduleImports: Import todo: #0 'msvcrt.dll'.
840.1864: supR3HardenedWinVerifyCacheScheduleImports: Import todo: #14 'rpcrt4.dll'.
840.1864: supHardenedWinVerifyImageByHandle: -> 0 (\Device\HarddiskVolume3\Windows\System32\amsi.dll) WinVerifyTrust
840.1864: supR3HardenedWinVerifyCacheInsert: \Device\HarddiskVolume3\Windows\System32\amsi.dll
840.1864: supR3HardenedWinVerifyCacheProcessImportTodos: Processing 'rpcrt4.dll'...
840.1864: supR3HardenedWinVerifyCacheProcessImportTodos: 'rpcrt4.dll' -> '\Device\HarddiskVolume3\Windows\System32\rpcrt4.dll' [rcNtRedir=0xc0150008]
840.1864: supR3HardenedWinVerifyCacheProcessImportTodos: Processing 'msvcrt.dll'...
840.1864: supR3HardenedWinVerifyCacheProcessImportTodos: 'msvcrt.dll' -> '\Device\HarddiskVolume3\Windows\System32\msvcrt.dll' [rcNtRedir=0xc0150008]
840.1864: supR3HardenedMonitor_LdrLoadDll: pName=C:\Windows\System32\amsi.dll (Input=amsi.dll, rcNtResolve=0xc0150008) *pfFlags=0x0 pwszSearchPath=0000000000000801:<flags> [calling]
840.1864: supR3HardenedScreenImage/NtCreateSection: cache hit (VINF_SUCCESS) on \Device\HarddiskVolume3\Windows\System32\amsi.dll
840.1864: supR3HardenedDllNotificationCallback: load   00007ffdf7150000 LB 0x0001f000 C:\Windows\System32\amsi.dll [fFlags=0x0]
840.1864: supR3HardenedScreenImage/LdrLoadDll: cache hit (VINF_SUCCESS) on \Device\HarddiskVolume3\Windows\System32\amsi.dll
840.1864: supR3HardenedMonitor_LdrLoadDll: returns rcNt=0x0 hMod=00007ffdf7150000 'C:\Windows\System32\amsi.dll'
840.1864: Terminating the normal way: rcExit=0
3144.2154: supR3HardNtChildWaitFor[2]: Quitting: ExitCode=0x0 (rcNtWait=0x0, rcNt1=0x0, rcNt2=0x103, rcNt3=0x103, 17514 ms, the end);
503c.557c: supR3HardNtChildWaitFor[1]: Quitting: ExitCode=0x0 (rcNtWait=0x0, rcNt1=0x0, rcNt2=0x103, rcNt3=0x103, 18750 ms, the end);
